merge_distance,distance_jump
0.02606437503071435,
0.11039029424772995,0.0843259192170156
0.11540691728113975,0.0050166230334098005
0.11973408149782966,0.0043271642166899105
0.12702178569154482,0.007287704193715161
0.14307422119804022,0.016052435506495405
0.15615633103596543,0.01308210983792521
0.21312596587405774,0.05696963483809231
0.21777206341930452,0.00464609754524678
0.22008202258904178,0.0023099591697372523
0.2215230216101492,0.0014409990211074197
0.22589085664773303,0.004367835037583839
0.22642965478927007,0.0005387981415370391
0.2330203785562338,0.006590723766963735
0.2330203785562338,0.0
0.23744090937214277,0.004420530815908957
0.2533987816150091,0.01595787224286635
0.25451095618226716,0.0011121745672580396
0.2585060251876732,0.003995069005406027
0.25965773742761056,0.0011517122399373747
0.2605477781543748,0.0008900407267642407
0.2679848976044892,0.007437119450114382
0.26887728062914457,0.0008923830246553854
0.27003402302372953,0.0011567423945849642
0.27561560328558043,0.005581580261850905
0.27643482382243784,0.0008192205368574013
0.2777158599775833,0.0012810361551454652
0.2836046873976899,0.0058888274201066015
0.28524777430230586,0.0016430869046159535
0.2862649335206925,0.0010171592183866318
0.2916721182100002,0.005407184689307731
0.29217368649091546,0.0005015682809152433
0.2922165798679313,4.2893377015851275e-05
0.2929949104022025,0.0007783305342711766
0.29442981318998057,0.0014349027877780807
0.2971029018311181,0.002673088641137522
0.29859977645042357,0.0014968746193054772
0.2998485537925652,0.001248777342141627
0.30006798277176483,0.00021942897919963178
0.300166212110822,9.822933905717646e-05
0.3004105918299667,0.000244379719144705
0.3030753231582711,0.002664731328304415
0.30480856367013665,0.0017332405118655192
0.311484445399547,0.00667588172941036
0.3117987918175037,0.00031434641795669016
0.3124339113807391,0.0006351195632354201
0.313034623615831,0.0006007122350918936
0.3161458941220577,0.003111270506226671
0.3169394193822063,0.000793525260148642
0.3175113500277798,0.0005719306455734818
0.3177151094084936,0.00020375938071381938
0.3199598735673802,0.0022447641588865808
0.32200102345195375,0.0020411498845735454
0.324905457685383,0.0029044342334292317
0.3264382225370206,0.0015327648516376136
0.3280717519630946,0.0016335294260740318
0.3285386860867531,0.0004669341236584468
0.32952434050302154,0.0009856544162684666
0.33243273041824617,0.0029083899152246295
0.33423247549244745,0.0017997450742012755
0.3347528418786734,0.0005203663862259345
0.3349559675698607,0.00020312569118730028
0.3361279080062054,0.0011719404363447206
0.337538644136674,0.001410736130468604
0.3380107569039258,0.00047211276725178664
0.3395503065402207,0.0015395496362949346
0.34001760011588994,0.00046729357566921426
0.3419749970052192,0.001957396889329277
0.34226383441307423,0.00028883740785501377
0.3425144303221357,0.00025059590906145734
0.3429017030479357,0.00038727272580002525
0.3445067434490302,0.001605040401094493
0.3462682726134973,0.0017615291644670905
0.3470222964338617,0.0007540238203643801
0.34821850134891014,0.00119620491504846
0.350008828522798,0.0017903271738878845
0.35040696634740043,0.000398137824602407
0.35566195153344893,0.0052549851860485
0.35761973408411046,0.0019577825506615354
0.3576244445798459,4.710495735416043e-06
0.3592592746421542,0.0016348300623083012
0.36007405707941936,0.0008147824372651824
0.3610176174564555,0.0009435603770361345
0.3632063716683638,0.0021887542119082837
0.363883576421344,0.0006772047529802205
0.36516642836258073,0.001282851941236729
0.36535427369443896,0.00018784533185822738
0.3667475728016769,0.0013932991072379552
0.36701292359594523,0.0002653507942683153
0.3675074087231813,0.000494485127236044
0.3676483353509878,0.00014092662780651466
0.36771355651614246,6.522116515467191e-05
0.3683824665637964,0.0006689100476539589
0.36942287811831803,0.0010404115545216142
0.3701953908432707,0.0007725127249526564
0.37064068112800536,0.00044529028473466736
0.3707188924449873,7.82113169819354e-05
0.37256724308608913,0.0018483506411018369
0.372740267741802,0.0001730246557128945
0.372947793600887,0.00020752585908495602
0.373573792318231,0.000625998717344034
0.3743099404643589,0.0007361481461278796
0.3750448994075011,0.0007349589431421832
0.37549142817983727,0.0004465287723361966
0.37592164148225715,0.00043021330241987954
0.376214473423513,0.00029283194125584444
0.37634854431049075,0.00013407088697775515
0.3764979994384336,0.00014945512794284355
0.37867123825744725,0.0021732388190136565
0.378693446353178,2.2208095730724686e-05
0.38061268044443874,0.0019192340912607686
0.3822389386684859,0.0016262582240471612
0.38305465849514664,0.0008157198266607324
0.3832996328046178,0.0002449743094711798
0.3836212886888092,0.00032165588419136304
0.3851021783333616,0.0014808896445523967
0.38539873117331785,0.0002965528399562767
0.3854193770805973,2.0645907279459585e-05
0.38652450558209817,0.0011051285015008516
0.3869827345381077,0.00045822895600955427
0.3873286638182913,0.0003459292801835656
0.3898344392145161,0.0025057753962248186
0.39032442638017906,0.0004899871656629529
0.39091181238203987,0.0005873860018608124
0.3910518839464297,0.00014007156438983204
0.3914550677474481,0.0004031838010183919
0.3921308866645413,0.0006758189170932294
0.3922125503456138,8.166368107248578e-05
0.3928787707542482,0.0006662204086343992
0.39322268432690616,0.0003439135726579501
0.3934770005594518,0.0002543162325456261
0.39379199208155713,0.00031499152210534564
0.3940320225231478,0.00024003044159065512
0.3944803438361488,0.00044832131300098776
0.39650524945770665,0.002024905621557882
0.39678421973695716,0.0002789702792505011
0.3970984195855847,0.0003141998486275721
0.3971973737134423,9.895412785759783e-05
0.3977289211485393,0.0005315474350969795
0.3977510372061771,2.211605763779989e-05
0.4040104564421202,0.006259419235943087
0.4044637596023223,0.00045330316020208983
0.40491351212517335,0.0004497525228510657
0.4054404736566525,0.0005269615314791309
0.40565185406537085,0.0002113804087183757
0.405908796329593,0.0002569422642221264
0.40747297780987735,0.0015641814802843657
0.40868459399259266,0.0012116161827153138
0.4086903137983582,5.719805765524999e-06
0.40892910436397234,0.00023879056561415535
0.4108726688516177,0.0019435644876453773
0.41181659448600216,0.000943925634384446
0.4122036833387583,0.00038708885275612337
0.41337600927488266,0.0011723259361243743
0.41491191866077326,0.0015359093858905992
0.4166027904667925,0.001690871806019234
0.4173121251402355,0.0007093346734430295
0.41818258065950575,0.0008704555192702301
0.418740761607283,0.0005581809477772648
0.4196892624524032,0.0009485008451201593
0.42006999009117224,0.0003807276387690628
0.42006999009117224,0.0
0.42007905438053167,9.064289359428379e-06
0.4210501335354322,0.0009710791549005227
0.4213108352710385,0.0002607017356063279
0.42194026035653337,0.0006294250854948502
0.4227210563086877,0.0007807959521543562
0.4230674362155318,0.00034637990684405207
0.42361425033101263,0.0005468141154808537
0.4242449409044497,0.0006306905734370649
0.42522790221427403,0.0009829613098243373
0.42621470804979034,0.0009868058355163023
0.42702777113479656,0.000813063085006227
0.4272312570933222,0.000203485958525651
0.4286839312795774,0.001452674186255165
0.4288674856530323,0.00018355437345490833
0.4289669070548635,9.942140183122339e-05
0.4298554474931049,0.0008885404382413808
0.4315671768983028,0.001711729405197926
0.4328984496563255,0.0013312727580226946
0.432960510755643,6.206109931750081e-05
0.4332591322180748,0.000298621462431814
0.43439675657713545,0.0011376243590606183
0.4346755788555593,0.00027882227842385143
0.4358705394827603,0.0011949606272009805
0.436200368698404,0.0003298292156437288
0.43630642213204757,0.00010605343364356035
0.43647606414886875,0.00016964201682118096
0.436624275299228,0.00014821115035923427
0.436709849460852,8.557416162402465e-05
0.4371218381625441,0.0004119887016920676
0.4372666086582637,0.00014477049571964828
0.4373770336172843,0.00011042495902058302
0.4390745724449866,0.001697538827702294
0.4391447807368207,7.020829183407296e-05
0.4392682720737942,0.00012349133697353576
0.43955786567389343,0.00028959360009922497
0.439579808023281,2.1942349387571447e-05
0.43991921690639235,0.0003394088831113473
0.43999145066753326,7.223376114090518e-05
0.4402974210143658,0.0003059703468325514
0.44044014711955165,0.00014272610518584194
0.44059114543306116,0.00015099831350950943
0.4411241853346463,0.0005330399015851528
0.44186737279772176,0.0007431874630754454
0.44245338199012907,0.0005860091924073108
0.4437206952344872,0.001267313244358137
0.4443723526409962,0.0006516574065090208
0.44741525337338,0.0030429007323837798
0.44750683413193354,9.158075855353331e-05
0.44771476528067755,0.00020793114874401164
0.4479391613386086,0.00022439605793106443
0.44872512105529916,0.000785959716690543
0.4500396839361862,0.001314562880887049
0.45214105398034365,0.0021013700441574468
0.45273830953500793,0.0005972555546642777
0.45279146500913603,5.315547412809707e-05
0.4530316198035388,0.00024015479440275822
0.45351184251689847,0.00048022271335967925
0.45391305822916417,0.0004012157122657012
0.45426796722867063,0.0003549089995064647
0.4559352021294311,0.0016672349007604836
0.45688171764717833,0.0009465155177472151
0.45738067024261186,0.0004989525954335328
0.45739984728001154,1.91770373996758e-05
0.4577290211532777,0.000329173873266142
0.45791105587648034,0.000182034723202662
0.45836372224318256,0.0004526663667022146
0.4584761306109998,0.0001124083678172294
0.45934606656142646,0.0008699359504266702
0.4601522981279677,0.0008062315665412489
0.4604266706918009,0.00027437256383316955
0.460822315375899,0.0003956446840981398
0.46151832362076467,0.0006960082448656535
0.4617959275395788,0.00027760391881415103
0.4620113904947211,0.00021546295514229818
0.46242792648687625,0.0004165359921551315
0.4636011774356129,0.0011732509487366594
0.46366931641387665,6.813897826374316e-05
0.4637936039699979,0.00012428755612126086
0.4638578969278825,6.429295788457079e-05
0.46392771057282417,6.98136449416853e-05
0.4642996014494897,0.0003718908766655038
0.4645432423664277,0.00024364091693801493
0.46527936219503563,0.0007361198286079396
0.46572964237913417,0.0004502801840985393
0.4659827190322749,0.0002530766531407269
0.4660407571124676,5.803808019272383e-05
0.46604075711246773,1.1102230246251565e-16
0.4660556168414202,1.485972895248766e-05
0.4667194395358511,0.0006638226944308823
0.4678178870797602,0.0010984475439090868
0.467977050816887,0.00015916373712682175
0.46801381850869367,3.676769180666062e-05
0.4682813709410571,0.0002675524323634271
0.46868021997084974,0.00039884902979264725
0.4687322564138839,5.2036443034142454e-05
0.4689248050826511,0.00019254866876722287
0.46933602857874895,0.0004112234960978456
0.46970958374465505,0.00037355516590609206
0.47101235596195584,0.001302772217300796
0.4718001999828222,0.0007878440208663462
0.4719275580389793,0.00012735805615710083
0.4728666748911712,0.0009391168521918902
0.4730473141877938,0.0001806392966225978
0.47320940769992903,0.00016209351213525292
0.47360694804040665,0.0003975403404776201
0.4740158681736427,0.00040892013323606813
0.47405105357705846,3.518540341573839e-05
0.4756744125409381,0.001623358963879662
0.4756744125409381,0.0
0.47611115845915447,0.00043674591821635245
0.4762668400148832,0.0001556815557287039
0.47651268190289026,0.0002458418880070812
0.4766681094280999,0.00015542752520963932
0.47680309391974324,0.0001349844916433418
0.477195361845833,0.00039226792608976213
0.47763063638211,0.0004352745362770083
0.47920835107867205,0.0015777146965620381
0.47993785102488246,0.0007294999462104101
0.4809722751409394,0.00103442411605692
0.48117510236315153,0.0002028272222121541
0.4811846725514209,9.570188269358848e-06
0.4815109775056609,0.0003263049542400198
0.4822892473027215,0.0007782697970605823
0.4833307486511227,0.001041501348401197
0.48342435856666405,9.360991554135945e-05
0.4843965701676187,0.0009722116009546755
0.48442231415603193,2.574398841320713e-05
0.48463518690702606,0.00021287275099413083
0.4852847222798444,0.0006495353728183662
0.4854177010529393,0.00013297877309487172
0.4855083171944444,9.061614150512876e-05
0.48607396628117566,0.0005656490867312347
0.4869251724677765,0.0008512061866008391
0.48781631018900035,0.0008911377212238447
0.48920272077787813,0.0013864105888777845
0.4895119226294858,0.00030920185160765445
0.4904140001564875,0.0009020775270017212
0.49156943152899085,0.001155431372503346
0.49259773803514934,0.0010283065061584828
0.4930819497706523,0.0004842117355029485
0.4931133328180009,3.138304734862096e-05
0.493189140122413,7.580730441208994e-05
0.49336694568732087,0.00017780556490787358
0.4938624688285804,0.0004955231412595573
0.4941766858023444,0.00031421697376399216
0.49421187680743145,3.519100508703188e-05
0.4942196008912037,7.724083772253643e-06
0.4945614235697737,0.0003418226785699696
0.49510657986777085,0.0005451562979971736
0.49604563359198156,0.0009390537242107144
0.4966303320442178,0.0005846984522362431
0.49688700765467697,0.0002566756104591672
0.4975535639179703,0.0006665562632933164
0.4980210658191479,0.0004675019011776138
0.49831021791810204,0.0002891520989541374
0.49868750912467746,0.00037729120657542525
0.49872396548579256,3.645636111510031e-05
0.4988375269041473,0.000113561418354724
0.49904860093814984,0.0002110740340025563
0.4994338111290795,0.00038521019092963016
0.4998132938238636,0.0003794826947841057
0.5006465341601948,0.000833240336331198
0.5008641971657259,0.0002176630055311657
0.5015260522972169,0.0006618551314909737
0.502333864884816,0.0008078125875990994
0.5024039494861625,7.008460134649841e-05
0.5025162305345259,0.00011228104836336072
0.5032606775248476,0.0007444469903217232
0.5038554717396749,0.0005947942148273322
0.50414492908307,0.0002894573433950276
0.5053255517707291,0.0011806226876591719
0.5056384003971071,0.0003128486263779262
0.5057060313349998,6.763093789274865e-05
0.5058261454714761,0.00012011413647627922
0.5061217878820422,0.0002956424105661215
0.5062244861026378,0.00010269822059560951
0.5064359726682288,0.00021148656559100143
0.5066292471018374,0.00019327443360861452
0.5067773069568792,0.0001480598550417378
0.5070309048557802,0.0002535978989010035
0.5078744244532678,0.0008435195974876297
0.5079166759177419,4.225146447411898e-05
0.5087094066497518,0.0007927307320099164
0.5093476313371869,0.0006382246874350184
0.5093649572415696,1.7325904382747837e-05
0.5104297488742904,0.001064791632720774
0.5108768059500606,0.0004470570757701964
0.5115116716844359,0.0006348657343753228
0.5117290181777774,0.00021734649334148592
0.5121453104319474,0.00041629225417005866
0.5122458458613056,0.00010053542935817283
0.5123436858025597,9.783994125411866e-05
0.5127442882164355,0.00040060241387573914
0.5127959242223441,5.163600590862849e-05
0.5131527367101818,0.0003568124878376988
0.5136386284607964,0.00048589175061464207
0.5137122652185553,7.363675775884371e-05
0.5153677686834341,0.0016555034648788602
0.5156714498992931,0.00030368121585899743
0.5156918222605085,2.037236121532615e-05
0.5162417970321731,0.0005499747716646297
0.5166459989634907,0.00040420193131762705
0.5166820643051568,3.606534166611386e-05
0.5167903855444271,0.00010832123927029258
0.5169721276256768,0.0001817420812496584
0.517813899537056,0.000841771911379241
0.5178350204974641,2.1120960408071987e-05
0.5181240970114707,0.00028907651400655876
0.5192038365176239,0.0010797395061532544
0.5192301474806266,2.6310963002651455e-05
0.5194983868017713,0.0002682393211447254
0.5195035455384719,5.158736700594524e-06
0.5195195667649659,1.6021226494022933e-05
0.5197446642839185,0.00022509751895261054
0.5202652106929381,0.0005205464090195511
0.5210573102218423,0.0007920995289042443
0.5210955563087496,3.824608690727871e-05
0.5215397502245291,0.0004441939157795449
0.5222227182274616,0.0006829680029324381
0.5223116852151991,8.896698773752654e-05
0.5227832025555955,0.00047151734039641013
0.5233172029785652,0.0005340004229696937
0.523688293033673,0.00037109005510782556
0.5238933163337828,0.00020502330010974124
0.5241670346774783,0.00027371834369549486
0.5242773834249043,0.00011034874742599232
0.5245837726206365,0.00030638919573222623
0.5252802762395908,0.0006965036189543472
0.5255595133438641,0.00027923710427324444
0.525692210863802,0.000132697519937941
0.5258240052135424,0.0001317943497404217
0.5266257199346295,0.0008017147210870323
0.5267819038356234,0.00015618390099392254
0.5268273386964193,4.5434860795889875e-05
0.5271591574044707,0.00033181870805143454
0.5273575058217638,0.0001983484172930483
0.5274138494268953,5.634360513151471e-05
0.5284535439773602,0.0010396945504649313
0.5293179642444784,0.0008644202671181933
0.5301398033344067,0.0008218390899282779
0.5302094708415922,6.966750718551129e-05
0.5307803054553094,0.0005708346137172082
0.5316491913111406,0.0008688858558312251
0.5317562023262239,0.00010701101508325817
0.5320456477472119,0.000289445420987966
0.5320984698646485,5.2822117436623905e-05
0.5324853855101661,0.000386915645517627
0.5326741473628385,0.0001887618526723589
0.5327284477553711,5.430039253262464e-05
0.5329983846951614,0.0002699369397902718
0.5331517806564683,0.00015339596130692357
0.5331566171052845,4.836448816214478e-06
0.5331968289894504,4.0211884165919365e-05
0.5356688440462534,0.0024720150568029453
0.5362677029534447,0.0005988589071913575
0.5363930006171423,0.00012529766369762108
0.5364073281894437,1.432757230135362e-05
0.536838489238455,0.00043116104901130825
0.5371553711746616,0.0003168819362066033
0.5379176596012673,0.0007622884266056396
0.5382112089855975,0.00029354938433023836
0.5388681905381206,0.0006569815525231393
0.5394218291247106,0.0005536385865899662
0.5394925233138271,7.069418911653802e-05
0.5395781806747657,8.565736093857357e-05
0.5396813690586004,0.00010318838383471807
0.5397877590159701,0.00010638995736966805
0.5399031222233773,0.00011536320740723749
0.5405317922516112,0.0006286700282338575
0.5406812033037485,0.00014941105213728267
0.5408181364093018,0.00013693310555329408
0.5410945885636416,0.0002764521543398013
0.541294220234429,0.00019963167078740351
0.5415613696279238,0.00026714939349481437
0.5415965512188788,3.5181590955057906e-05
0.5416309941084324,3.444288955356534e-05
0.5420777759905527,0.00044678188212032843
0.5425804865988803,0.0005027106083275168
0.5429170996354363,0.0003366130365560771
0.5432739240076925,0.00035682437225614816
0.5439219784914018,0.0006480544837093039
0.5442854785825583,0.00036350009115648785
0.5444498197809957,0.00016434119843744543
0.5445948939283797,0.00014507414738396118
0.5450251641929443,0.00043027026456465833
0.5454917641384384,0.0004665999454940284
0.5455786474187307,8.688328029238246e-05
0.5458289547214603,0.0002503073027295688
0.5460203774716221,0.0001914227501618182
0.5463339180282087,0.0003135405565866112
0.5467062821190057,0.00037236409079699495
0.5469287778785641,0.00022249575955834988
0.5469426992919589,1.3921413394846205e-05
0.5473227336513077,0.0003800343593487465
0.5476236372412394,0.0003009035899317336
0.5479738159487398,0.0003501787075004259
0.5482178573871112,0.00024404143837131187
0.5484825372500596,0.0002646798629484248
0.5489575683616116,0.0004750311115520045
0.5490067661938667,4.9197832255098994e-05
0.5492433808710597,0.00023661467719304774
0.5494402937236138,0.00019691285255407642
0.5500121258062621,0.000571832082648327
0.5500386471195202,2.652131325808771e-05
0.5500822308183203,4.3583698800087056e-05
0.5504874214069431,0.00040519058862276136
0.5513913201150078,0.000903898708064732
0.5514099784006395,1.865828563174521e-05
0.551616235905152,0.0002062575045124193
0.5520515010217775,0.00043526511662550504
0.5521339582172987,8.245719552124608e-05
0.5522077812191942,7.382300189551216e-05
0.5523303651481698,0.00012258392897557258
0.5525555544976577,0.0002251893494878976
0.5528835013142857,0.00032794681662795533
0.5529122952297155,2.8793915429869976e-05
0.5529249699978587,1.2674768143150494e-05
0.5530635313025426,0.00013856130468392625
0.5536141459685198,0.0005506146659771671
0.5538211789532042,0.00020703298468438547
0.5539599805904503,0.00013880163724611094
0.5545636183426998,0.0006036377522495862
0.5548209638594157,0.0002573455167158567
0.5549517596577174,0.00013079579830166388
0.5558335938812021,0.0008818342234847565
0.5563763469873624,0.0005427531061602542
0.556582481003543,0.00020613401618063687
0.5566970311328547,0.00011455012931171904
0.556727844929536,3.08137966812394e-05
0.5567389612600926,1.1116330556615317e-05
0.5567729905238092,3.4029263716650604e-05
0.5569618268563991,0.00018883633258981458
0.55719875529927,0.00023692844287093173
0.5573402288747754,0.00014147357550542417
0.55757913745819,0.00023890858341457655
0.5576657642737726,8.662681558258001e-05
0.5580015445717529,0.00033578029798031483
0.5581589026053478,0.00015735803359495648
0.5582957293118144,0.00013682670646653072
0.5582959728669534,2.43555139056717e-07
0.5585132291444214,0.00021725627746793652
0.5587000333674548,0.00018680422303340993
0.558962711635171,0.00026267826771619873
0.5590399081013018,7.719646613080222e-05
0.5595713620330044,0.000531453931702619
0.560279056850656,0.0007076948176516495
0.5603005727707744,2.1515920118342358e-05
0.5608596203650569,0.0005590475942824913
0.5611295576470444,0.0002699372819875423
0.5618985012885869,0.0007689436415424522
0.5620785671409188,0.00018006585233187877
0.5626143431657742,0.0005357760248554388
0.5627978104425208,0.00018346727674656282
0.5630815764765553,0.00028376603403457157
0.5631907639725031,0.00010918749594779342
0.563991440405105,0.0008006764326018434
0.5646350451154474,0.0006436047103424158
0.5647721418861105,0.00013709677066309212
0.5650908145830759,0.00031867269696539413
0.5651483251153131,5.751053223723712e-05
0.5663926391607164,0.0012443140454032608
0.5663967750626367,4.13590192038793e-06
0.5664104318338976,1.3656771260861511e-05
0.566656716609309,0.0002462847754114428
0.5668255459916411,0.00016882938233209188
0.566905251943336,7.970595169481953e-05
0.5671847833531486,0.0002795314098126278
0.5672887525082918,0.00010396915514321314
0.567618255629044,0.0003295031207521948
0.5678285366202336,0.000210280991189582
0.5680048628938381,0.00017632627360453235
0.5681906405751028,0.0001857776812647094
0.568435933678835,0.0002452931037322248
0.5688796461803904,0.0004437125015553933
0.5691963634795634,0.00031671729917293057
0.5696034060846503,0.0004070426050869491
0.5700670211573003,0.00046361507265002544
0.5712608082725126,0.0011937871152122304
0.5714568340801529,0.00019602580764033206
0.5715747889221158,0.00011795484196286399
0.5718230629047505,0.0002482739826347169
0.5718461516475518,2.308874280132489e-05
0.5719816940558103,0.0001355424082585266
0.573670199426331,0.0016885053705206765
0.5745433207739632,0.0008731213476321775
0.5746987602939962,0.00015543952003305161
0.576466155996291,0.0017673957022947828
0.5766128914669371,0.0001467354706460311
0.576690968211247,7.80767443099295e-05
0.5768608648566655,0.00016989664541855465
0.5781186702806755,0.0012578054240099945
0.5782578386081523,0.00013916832747673524
0.5784092197501252,0.00015138114197288388
0.5786058344239401,0.00019661467381493214
0.5791103899764847,0.0005045555525445833
0.5795490448005827,0.00043865482409799483
0.5798429878507532,0.0002939430501704976
0.5800080704484946,0.000165082597741395
0.5801078743874837,9.98039389891181e-05
0.5802024029825588,9.452859507508293e-05
0.5802151755366378,1.2772554079054643e-05
0.5803705414629934,0.00015536592635556623
0.5810610912303539,0.0006905497673604932
0.5813207529145128,0.0002596616841589183
0.5813802743709857,5.952145647292184e-05
0.5813824972472649,2.222876279156516e-06
0.5819742301948057,0.0005917329475407795
0.5820251752188701,5.094502406444157e-05
0.5822007792607062,0.00017560404183614153
0.5822245098346321,2.3730573925906384e-05
0.5822378133808134,1.3303546181231418e-05
0.5828702476903004,0.0006324343094870066
0.5836699300322395,0.0007996823419391674
0.5837193505225897,4.94204903501716e-05
0.5838418139039394,0.00012246338134969115
0.5847027815068396,0.00086096760290022
0.5847552701035613,5.248859672168926e-05
0.584876018606681,0.00012074850311971641
0.5850650574633498,0.00018903885666876619
0.5852980204641356,0.0002329630007857908
0.5853392047904384,4.118432630284552e-05
0.5857304340241019,0.0003912292336634149
0.5865113900266241,0.0007809560025222595
0.5867021407297478,0.0001907507031236877
0.5871300391925593,0.000427898462811549
0.5871424186810353,1.2379488475988687e-05
0.5875276524331813,0.00038523375214594147
0.5886829548731602,0.0011553024399789669
0.5886952870876314,1.2332214471166836e-05
0.5887995294140344,0.00010424232640293685
0.589436180791516,0.0006366513774817006
0.5896430829150203,0.00020690212350427117
0.5899492045254101,0.0003061216103897868
0.5899599639624766,1.0759437066520938e-05
0.5902395482723126,0.0002795843098359896
0.5904995347356955,0.00025998646338287745
0.5922406972095082,0.0017411624738127296
0.59227600934107,3.5312131561826554e-05
0.5923757636161704,9.975427510033885e-05
0.5924229569120072,4.719329583680043e-05
0.592832523938221,0.00040956702621375296
0.5930917655370826,0.0002592415988617036
0.5931827820948279,9.10165577452382e-05
0.5932918447598029,0.0001090626649750126
0.593358944446262,6.709968645912667e-05
0.5935663337102712,0.00020738926400920565
0.593695084741913,0.0001287510316417828
0.5937960203893891,0.00010093564747604145
0.5940348455536524,0.00023882516426332323
0.5941857966206041,0.00015095106695173222
0.5946040261642336,0.00041822954362946696
0.5947988899206709,0.00019486375643729126
0.5950479007723314,0.00024901085166051384
0.5959124489257429,0.0008645481534115262
0.5962228614292489,0.0003104125035059413
0.5964034216452488,0.00018056021599999195
0.5969065073897152,0.0005030857444663361
0.5972913892333432,0.0003848818436280599
0.5973424001885993,5.101095525605892e-05
0.5974444453899972,0.00010204520139789341
0.5980260332042137,0.0005815878142164665
0.5980403075339293,1.427432971567999e-05
0.5981192566171417,7.894908321237626e-05
0.5984659485338231,0.000346691916681352
0.5985009804348631,3.503190104003906e-05
0.5987721824003358,0.0002712019654727005
0.5988235010299783,5.131862964247169e-05
0.5990123890474555,0.00018888801747718453
0.5991727129315829,0.00016032388412745568
0.5991840053328769,1.1292401293938603e-05
0.5992742634172817,9.02580844048817e-05
0.5999740277476044,0.0006997643303227052
0.6004268031894289,0.00045277544182442675
0.6006707677107048,0.00024396452127595225
0.6014500629566292,0.0007792952459243496
0.6018378850399343,0.0003878220833051227
0.6019456077148079,0.00010772267487357823
0.6022356039645962,0.00028999624978831573
0.6023317822136411,9.617824904495365e-05
0.6029838122501502,0.0006520300365090437
0.6031662059833017,0.0001823937331515424
0.6034174308040144,0.00025122482071271435
0.6044244542315242,0.0010070234275098011
0.6045993508653454,0.0001748966338211977
0.6048678829043697,0.0002685320390242163
0.6051415533494418,0.0002736704450720939
0.6053064867032373,0.00016493335379552665
0.6056221168316949,0.0003156301284575891
0.6058239487904679,0.0002018319587729911
0.6062152375235055,0.00039128873303762024
0.6065870372451588,0.0003717997216533542
0.6070938431581417,0.0005068059129829106
0.6074920364876475,0.00039819332950574715
0.6078171593243692,0.00032512283672170295
0.6078970907587415,7.993143437234895e-05
0.6085333131454231,0.0006362223866815953
0.6085695437660277,3.623062060453819e-05
0.6085836995970637,1.4155831036033462e-05
0.6086886655607527,0.00010496596368902988
0.609450541779804,0.0007618762190512163
0.6095229277800084,7.238600020442743e-05
0.6098412678160784,0.0003183400360700084
0.610011671421181,0.0001704036051025648
0.6102537304993505,0.00024205907816954308
0.6103846332079188,0.00013090270856830344
0.6104917559674501,0.00010712275953128625
0.6105581775560883,6.642158863823244e-05
0.610909516089897,0.00035133853380864277
0.6110010430050686,9.152691517166911e-05
0.6111843493324672,0.00018330632739860242
0.6112414392916161,5.70899591488816e-05
0.6113170905674224,7.565127580633213e-05
0.6116142915788801,0.00029720101145769284
0.6133532644443295,0.0017389728654493286
0.6139104674811233,0.0005572030367938519
0.6145077794217487,0.0005973119406254002
0.6145530895922403,4.531017049158592e-05
0.6147613513319279,0.00020826173968757633
0.6154610494033167,0.0006996980713888101
0.6156545056072906,0.0001934562039739296
0.6157351960524524,8.069044516179069e-05
0.6162931613454737,0.000557965293021323
0.6164760362610391,0.0001828749155653453
0.6169626024644841,0.0004865662034450047
0.6170475879450551,8.49854805710093e-05
0.6171069520668456,5.93641217905283e-05
0.6172770794873819,0.00017012742053623686
0.6180641832275611,0.0007871037401792069
0.6183040041235276,0.0002398208959665249
0.61834743026639,4.342614286245716e-05
0.6183767318389324,2.9301572542328458e-05
0.6185710056890008,0.00019427385006842712
0.6186217053265988,5.069963759796181e-05
0.6188244234360654,0.00020271810946659308
0.6191819335253336,0.00035751008926820926
0.6195407145274128,0.0003587810020792004
0.620051963022487,0.0005112484950742235
0.6202837890927614,0.00023182607027438795
0.6203171500385803,3.3360945818960985e-05
0.6204236953990914,0.00010654536051102337
0.6211934358174579,0.0007697404183665268
0.6225310026741009,0.001337566856642991
0.6226634185903165,0.00013241591621560023
0.6228621035892838,0.0001986849989673578
0.6229013453713992,3.924178211534013e-05
0.6229189994583028,1.7654086903573507e-05
0.623075992733736,0.00015699327543328145
0.6230972189589346,2.1226225198511806e-05
0.6241044701431697,0.0010072511842351695
0.6242217700910492,0.00011729994787945675
0.6243125831306987,9.08130396495288e-05
0.6247597348615007,0.000447151730802009
0.6247985063776651,3.8771516164382014e-05
0.6258659556582633,0.0010674492805982094
0.625964753007628,9.879734936468765e-05
0.6260157382352654,5.09852276373568e-05
0.6264086916162173,0.00039295338095191035
0.6267346586351396,0.00032596701892229074
0.6267699289350027,3.527029986316599e-05
0.6275070862813192,0.0007371573463165193
0.6276457441727381,0.00013865789141886964
0.6277376041715964,9.185999885830132e-05
0.6284066637703399,0.0006690595987435266
0.6288973523596605,0.0004906885893205537
0.6289398746739786,4.252231431811637e-05
0.6290139581832572,7.408350927862184e-05
0.6291443448798486,0.00013038669659137803
0.629210884306256,6.653942640744148e-05
0.629595643724279,0.0003847594180229619
0.6301305625070761,0.0005349187827971003
0.6306115250189157,0.0004809625118395999
0.630750217829478,0.0001386928105623353
0.6309684743214221,0.00021825649194406882
0.6311071341867431,0.00013865986532102248
0.6311194101711353,1.2275984392129402e-05
0.6312678674993971,0.00014845732826185287
0.6312970446571824,2.9177157785276187e-05
0.6321881169551378,0.0008910722979553753
0.6323090203233351,0.00012090336819736702
0.6326559268519917,0.00034690652865654314
0.6334418392074461,0.0007859123554544434
0.6339533460040306,0.0005115067965845155
0.6347813106241729,0.0008279646201422297
0.6348610886207825,7.977799660963125e-05
0.635334733960739,0.0004736453399565299
0.6354555273542442,0.0001207933935051253
0.6358742981052504,0.0004187707510062699
0.6359140318878027,3.973378255228699e-05
0.6359781969447825,6.416505697981467e-05
0.6372798158181863,0.0013016188734037426
0.6373990962231184,0.00011928040493214276
0.6379180853169657,0.0005189890938472885
0.6379207760267716,2.69070980585262e-06
0.6380638214372693,0.0001430454104976997
0.6382737328241508,0.00020991138688153388
0.6386403614819132,0.00036662865776238007
0.639228149926931,0.0005877884450178339
0.639287789750075,5.963982314405314e-05
0.6395795376150349,0.00029174786495989036
0.640215626689864,0.0006360890748290382
0.6403414848518935,0.00012585816202947964
0.6406672010431314,0.0003257161912378903
0.6407166101806625,4.940913753115339e-05
0.6424343387011577,0.001717728520495232
0.6429908324359607,0.000556493734802932
0.6433163812374756,0.00032554880151491883
0.6436585247505492,0.0003421435130736006
0.6439190838348612,0.00026055908431199537
0.6449200397539921,0.0010009559191309636
0.6450534986340177,0.00013345888002558315
0.645734354360847,0.0006808557268292992
0.6457429263491691,8.571988322048085e-06
0.6458588248067365,0.00011589845756743156
0.6467157901430672,0.0008569653363307284
0.6468748858659641,0.00015909572289685148
0.6472059533003452,0.0003310674343811604
0.647330092437534,0.00012413913718878344
0.6474516481764345,0.00012155573890049176
0.6477829982042201,0.0003313500277856152
0.6481232380815872,0.00034023987736708783
0.6486405756112422,0.0005173375296549931
0.6486446545262832,4.0789150409503705e-06
0.6488934063940269,0.00024875186774375724
0.6496108942281899,0.0007174878341629221
0.6503245603496689,0.0007136661214790507
0.6503596200064223,3.5059656753433366e-05
0.6505053406294706,0.00014572062304829547
0.6506162587458383,0.00011091811636765314
0.6507604753871408,0.0001442166413024859
0.6510029175727634,0.00024244218562263775
0.6513810014577083,0.00037808388494486866
0.651408361307588,2.7359849879671216e-05
0.6523911067679231,0.000982745460335166
0.6524032151856178,1.2108417694722817e-05
0.6524185080315804,1.529284596257785e-05
0.6525287499076575,0.00011024187607711067
0.6533839944733532,0.0008552445656956342
0.6543663768079214,0.0009823823345682658
0.6544052435962747,3.886678835329782e-05
0.65440890355386,3.659957585333551e-06
0.6544681704069782,5.9266853118189466e-05
0.6557436421209633,0.0012754717139850102
0.6562761013754526,0.0005324592544893036
0.6567259954744153,0.00044989409896278865
0.6568235421592047,9.754668478934025e-05
0.6571709121704861,0.00034737001128137823
0.657433316569999,0.0002624043995129721
0.6577338848533235,0.00030056828332447605
0.6579157843846388,0.00018189953131531045
0.6580839443573006,0.00016815997266173
0.6584447497736416,0.0003608054163410923
0.6586596316641355,0.00021488189049390094
0.6589321445033743,0.0002725128392387921
0.6590401214847804,0.00010797698140607714
0.6591420244282934,0.00010190294351297702
0.6594371745106387,0.0002951500823452635
0.6601280429507833,0.0006908684401446541
0.6602263997326074,9.83567818241271e-05
0.6602547670832777,2.8367350670244207e-05
0.6605394979424112,0.0002847308591334974
0.6606771267737793,0.00013762883136814175
0.660808566955162,0.00013144018138266933
0.6609054440020439,9.687704688188248e-05
0.6609314694141782,2.6025412134367265e-05
0.6610949686280789,0.00016349921390068634
0.6613998550627848,0.0003048864347058311
0.6618627682523548,0.0004629131895700356
0.6622647437808797,0.0004019755285249449
0.6626839453847136,0.0004192016038339075
0.6627111584204157,2.7213035702078336e-05
0.6628980929071835,0.0001869344867677647
0.6631509993121851,0.0002529064050016405
0.6636800594845992,0.0005290601724140531
0.6640061348739262,0.0003260753893270518
0.6640257668009996,1.963192707332695e-05
0.6646547786788444,0.0006290118778448095
0.6648470462742025,0.0001922675953581754
0.6649986544293887,0.00015160815518611148
0.6650651094538831,6.64550244944273e-05
0.6652386874827584,0.0001735780288752986
0.6653965962412989,0.00015790875854049258
0.6654653131478975,6.871690659859819e-05
0.6660398778200678,0.000574564672170319
0.6660585292719671,1.8651451899276417e-05
0.6661141506962651,5.562142429804684e-05
0.6661424567265313,2.8306030266156412e-05
0.6662032765141319,6.0819787600641106e-05
0.6663185032883558,0.00011522677422393102
0.6664503626689613,0.000131859380605448
0.6665991184613455,0.0001487557923841587
0.6667377425077832,0.00013862404643771864
0.6672497991464407,0.0005120566386574987
0.6677482416578528,0.0004984425114121782
0.6687429566593275,0.000994715001474633
0.6687994588073647,5.6502148037207434e-05
0.6696512545699209,0.0008517957625562289
0.6696599056521418,8.651082220922923e-06
0.6697018162945628,4.1910642420983635e-05
0.6704207614302079,0.0007189451356450771
0.6704403192232458,1.9557793037860982e-05
0.6709866772533388,0.0005463580300930637
0.6709939932676812,7.3160143423400825e-06
0.6710204277002386,2.6434432557453924e-05
0.6718812830050395,0.0008608553048008449
0.6721157892778753,0.0002345062728358327
0.6724852254247726,0.0003694361468973284
0.6727860753905551,0.00030084996578250145
0.6735334449997464,0.0007473696091913062
0.6736985220281724,0.00016507702842594174
0.673708753463404,1.0231435231600194e-05
0.6739418734205566,0.00023311995715258327
0.6740327120142956,9.083859373903991e-05
0.6740986860736746,6.59740593790259e-05
0.6745095249945701,0.00041083892089543994
0.6746830304331526,0.00017350543858252188
0.6750529316340247,0.00036990120087210254
0.6750660150956226,1.3083461597895862e-05
0.6753173410398075,0.00025132594418486587
0.6757597186903429,0.00044237765053545264
0.6758929186304093,0.00013319994006644187
0.6760009943123815,0.00010807568197213069
0.6760594701408262,5.8475828444759514e-05
0.6760841682095196,2.4698068693318476e-05
0.6763058108252882,0.00022164261576862465
0.6766126401170434,0.00030682929175518403
0.6766831895551626,7.054943811923842e-05
0.6768360920677438,0.0001529025125811545
0.6770207892338876,0.00018469716614388787
0.6775792669499032,0.0005584777160155818
0.6776516774748261,7.241052492290567e-05
0.6778915064977451,0.00023982902291896924
0.6790399118635275,0.0011484053657824234
0.6793500473336527,0.0003101354701251502
0.6794894494673767,0.00013940213372398702
0.6797544501889113,0.00026500072153468057
0.6799959985985549,0.00024154840964352164
0.6802267850802814,0.0002307864817265859
0.6806194091480837,0.0003926240678022719
0.6808533842289706,0.00023397508088685015
0.6810413841746094,0.00018799994563878375
0.6815415375695378,0.000500153394928482
0.6816637252446356,0.0001221876750977513
0.6818364641959214,0.00017273895128577799
0.6818405076423695,4.043446448109833e-06
0.6821340004108601,0.0002934927684906663
0.6821446030159372,1.0602605077014715e-05
0.6831650133321847,0.0010204103162475553
0.6831822112984102,1.719796622545733e-05
0.6838191908593617,0.000636979560951545
0.6841222227003928,0.00030303184103108727
0.6841785112206876,5.6288520294822675e-05
0.6843577313314734,0.0001792201107857494
0.6845953170308319,0.00023758569935850016
0.6846457260728519,5.0409042020027606e-05
0.6847826497735984,0.00013692370074647187
0.6847826497735985,1.1102230246251565e-16
0.6850021451193872,0.00021949534578868946
0.6853075125991326,0.0003053674797454109
0.6853986659031547,9.115330402209576e-05
0.6855178734398208,0.00011920753666616601
0.6857085593923986,0.00019068595257776266
0.6860860515765852,0.0003774921841865897
0.6863249323410153,0.00023888076443012718
0.6863825355206155,5.760317960012973e-05
0.6867414567356492,0.0003589212150337806
0.6869800016263964,0.0002385448907471499
0.6869970654544842,1.706382808785989e-05
0.687229518920169,0.00023245346568478986
0.6874570811399747,0.00022756221980568814
0.6881022388037265,0.0006451576637517276
0.6881757155300082,7.347672628177371e-05
0.6881897707975687,1.4055267560486584e-05
0.6884817557467368,0.00029198494916804485
0.6885445253044447,6.276955770789794e-05
0.6888315714995813,0.0002870461951366421
0.6890442164060949,0.000212644906513626
0.6890875713124774,4.335490638252004e-05
0.6893401742247814,0.0002526029123040008
0.6897799979719921,0.00043982374721063255
0.6898389238399762,5.892586798417199e-05
0.6900427041728578,0.00020378033288159791
0.6903197768208635,0.000277072648005694
0.690520932896449,0.00020115607558546245
0.6911051773811391,0.0005842444846900774
0.691111087654457,5.910273317866199e-06
0.6912549069541262,0.00014381929966922335
0.6918573352735783,0.0006024283194521196
0.6918916417488703,3.430647529201192e-05
0.6934630525687864,0.0015714108199160748
0.6934914898378337,2.8437269047332236e-05
0.6936897310647436,0.00019824122690992318
0.6938117495845245,0.00012201851978088651
0.6938653828547312,5.363327020668773e-05
0.6939121419932731,4.67591385419075e-05
0.695325096611243,0.0014129546179698638
0.6954744653717807,0.00014936876053772696
0.695518404656409,4.393928462831376e-05
0.6957992432552188,0.000280838598809785
0.6962415143583641,0.0004422711031453197
0.696499257342312,0.00025774298394787287
0.6968498419912781,0.0003505846489660902
0.6970853931739094,0.00023555118263129948
0.6971227299284505,3.7336754541095196e-05
0.697342863164463,0.00022013323601255408
0.6975516632106977,0.00020880004623469173
0.6975637847254069,1.2121514709195758e-05
0.6983142597783937,0.0007504750529867543
0.6984914659087563,0.00017720613036265043
0.6990481287537792,0.0005566628450228706
0.6990901847445096,4.205599073037192e-05
0.6992250323451574,0.00013484760064785828
0.6995481127007928,0.0003230803556353301
0.6997586508493567,0.0002105381485639768
0.7003960952739205,0.0006374444245638156
0.7007496668277934,0.00035357155387283346
0.7007619480645293,1.2281236735911527e-05
0.7008344489696423,7.250090511301543e-05
0.7014829523704669,0.0006485034008245627
0.7021694358672051,0.0006864834967382771
0.7025777887987676,0.0004083529315624945
0.7028213563456228,0.00024356754685517235
0.7030297101716028,0.00020835382597994556
0.7036139182137559,0.0005842080421530893
0.703901130592419,0.00028721237866313754
0.7039098342254144,8.703632995432642e-06
0.7042251757801117,0.0003153415546972571
0.7048660299129309,0.0006408541328192241
0.7050838616045108,0.0002178316915798506
0.7051229184274028,3.9056822892069576e-05
0.7052508612616147,0.00012794283421191377
0.705625576099477,0.00037471483786222226
0.7060985955573482,0.0004730194578712599
0.707133816295938,0.0010352207385897483
0.707206994973152,7.317867721401417e-05
0.7078863831886899,0.0006793882155379238
0.708030337047279,0.0001439538585891187
0.7080798463269286,4.950927964952889e-05
0.708334285209452,0.0002544388825234112
0.7083735291296916,3.924392023968437e-05
0.7085650954895172,0.0001915663598255346
0.7087897069652341,0.0002246114757169515
0.7092414574646644,0.0004517504994302479
0.7095142690755727,0.00027281161090830786
0.7096207815280138,0.00010651245244108765
0.7097451674942243,0.00012438596621056064
0.7097651034474719,1.993595324756292e-05
0.7100340384003143,0.00026893495284241453
0.7101825639968244,0.00014852559651012953
0.710801417519358,0.0006188535225335468
0.7110924236934654,0.0002910061741073777
0.7117203725661404,0.0006279488726750326
0.7119894536523137,0.00026908108617329507
0.7122961799247888,0.00030672627247507744
0.7126745070949771,0.00037832717018837503
0.7129623490398697,0.00028784194489250847
0.7129864621586395,2.4113118769819586e-05
0.7133912945472928,0.00040483238865329785
0.7134358034981331,4.450895084029405e-05
0.7137063327412507,0.00027052924311765647
0.7137224120358079,1.607929455715862e-05
0.7141670485395554,0.0004446365037474864
0.7144385104081079,0.00027146186855253607
0.714455953107558,1.7442699450143095e-05
0.7145863924338833,0.00013043932632528232
0.7146400903947058,5.369796082244083e-05
0.7146621879160144,2.2097521308661605e-05
0.7152995826338595,0.0006373947178450745
0.7156096958147572,0.00031011318089768647
0.7161274386727886,0.0005177428580314114
0.7162606443230839,0.0001332056502952872
0.7163523706997158,9.172637663190653e-05
0.716533026426366,0.0001806557266501585
0.7166539744210956,0.00012094799472961437
0.7167354626130403,8.148819194475632e-05
0.7167737220613722,3.825944833191208e-05
0.7168080713643893,3.4349303017044974e-05
0.7175501634581597,0.0007420920937704079
0.7176732911875873,0.00012312772942757455
0.717945721728551,0.00027243054096370845
0.718223278146074,0.0002775564175230283
0.7182634592530361,4.018110696213384e-05
0.7183644544730126,0.00010099521997641858
0.7183969662346608,3.25117616482018e-05
0.7184736903556888,7.672412102799342e-05
0.7186866484189295,0.0002129580632407313
0.7188164474830554,0.0001297990641259128
0.7189362709789714,0.00011982349591599384
0.71963213101832,0.0006958600393486281
0.7205274537975457,0.0008953227792256602
0.7211767392172908,0.0006492854197450715
0.7212328065757859,5.606735849517097e-05
0.7214744933712107,0.00024168679542480032
0.7215744458406386,9.995246942784419e-05
0.7217348201210322,0.0001603742803936159
0.7217899302933345,5.511017230230841e-05
0.7218711307001978,8.12004068633243e-05
0.7218811138588405,9.983158642645762e-06
0.7218969737121663,1.5859853325861373e-05
0.7220909376976108,0.00019396398544446747
0.7221819077636928,9.097006608205227e-05
0.7222172637253856,3.5355961692795645e-05
0.722252695980049,3.5432254663403384e-05
0.7222875676405207,3.487166047166923e-05
0.7223118548059422,2.4287165421466028e-05
0.7224653241179694,0.00015346931202719905
0.7227827939528293,0.0003174698348599181
0.7234438576700846,0.0006610637172552725
0.7234486566956767,4.799025592139294e-06
0.7237305794198073,0.00028192272413063435
0.7238352526906858,0.00010467327087848588
0.723973868504198,0.00013861581351215513
0.7242355267001632,0.000261658195965242
0.7242546196686854,1.909296852220521e-05
0.7243962229718427,0.0001416033031572672
0.7244866567872156,9.04338153728812e-05
0.7245316266303673,4.496984315172092e-05
0.7247416341545029,0.00021000752413558033
0.7248857467958439,0.00014411264134106538
0.7249640622387734,7.831544292946635e-05
0.7250282098072182,6.414756844475011e-05
0.72531136400886,0.00028315420164182203
0.7253590253566242,4.766134776423847e-05
0.7254230289427815,6.400358615732404e-05
0.7255486117168641,0.00012558277408258878
0.7257624832770173,0.0002138715601531782
0.7257815168150468,1.9033538029455954e-05
0.7258000932309678,1.8576415921067735e-05
0.7259602959564054,0.00016020272543759706
0.7260517973211388,9.150136473334847e-05
0.7265177022274627,0.0004659049063239218
0.7265436955835453,2.5993356082554264e-05
0.7266838144673574,0.00014011888381215698
0.7273039043105433,0.0006200898431858448
0.7274338149135532,0.00012991060300993063
0.7274766395294735,4.2824615920311615e-05
0.7277703192580466,0.0002936797285730819
0.7280505498537585,0.00028023059571191666
0.728066451255791,1.590140203244772e-05
0.7282505000371592,0.0001840487813682401
0.728603310022948,0.0003528099857887934
0.728771924906998,0.00016861488405006675
0.728901148150504,0.00012922324350594927
0.728999628465704,9.848031519998912e-05
0.7292619153117718,0.00026228684606777186
0.7297962903526397,0.0005343750408679515
0.7297967643854713,4.740328315433473e-07
0.7298609427046415,6.417831917027161e-05
0.7305685229321437,0.0007075802275021692
0.7307043428604741,0.00013581992833044954
0.7308138803622808,0.00010953750180664468
0.7308976232590214,8.374289674062396e-05
0.7310827791203136,0.00018515586129219663
0.731097546339506,1.4767219192357572e-05
0.7313142871633097,0.0002167408238037405
0.731496324909831,0.00018203774652125748
0.7315255526254816,2.9227715650614883e-05
0.7318461149413655,0.00032056231588395434
0.7320590551340131,0.00021294019264761488
0.7321816294350159,0.00012257430100270916
0.7322736633545118,9.203391949597073e-05
0.7323395068213164,6.584346680460484e-05
0.7323454155603114,5.908738994975238e-06
0.7323907256249803,4.531006466890197e-05
0.7325356500024429,0.00014492437746260745
0.7327410784608962,0.00020542845845328284
0.7333106421251732,0.0005695636642769619
0.7337196184126584,0.00040897628748526316
0.7341830860548101,0.00046346764215166036
0.7347765228635312,0.0005934368087211483
0.7348900868925929,0.00011356402906170793
0.7351314797480203,0.000241392855427347
0.7352510429622618,0.00011956321424155814
0.7354391996627597,0.0001881567004978768
0.7358621000916532,0.0004229004288934801
0.7360615647487853,0.00019946465713205352
0.7363493772201297,0.00028781247134446186
0.7365167483022406,0.0001673710821108454
0.7367378271663803,0.0002210788641396899
0.7368863780339261,0.00014855086754583802
0.7369236100704556,3.72320365294998e-05
0.7372915523751037,0.0003679423046480945
0.7373191051573712,2.7552782267514786e-05
0.737495484235459,0.00017637907808776276
0.7379282467187237,0.000432762483264737
0.7379808544427501,5.26077240263767e-05
0.7380663558546893,8.55014119391928e-05
0.738101754564817,3.5398710127698685e-05
0.738293042570889,0.00019128800607204344
0.7383563941494615,6.33515785725125e-05
0.7383678663433505,1.1472193888972804e-05
0.7385540360128261,0.00018616966947559987
0.7389865679521318,0.00043253193930570255
0.7392712163514805,0.0002846483993487192
0.7395859755717966,0.0003147592203160965
0.7396504439413776,6.446836958096114e-05
0.7397352204152212,8.477647384363962e-05
0.7399723338953125,0.00023711348009125555
0.7402776471790554,0.0003053132837429473
0.7404879517672467,0.00021030458819126796
0.7406805325151286,0.0001925807478818653
0.7408252708138086,0.00014473829868000276
0.7412035036431969,0.00037823282938831415
0.7412524704591874,4.896681599053654e-05
0.7412730118550429,2.0541395855500078e-05
0.7414056377498747,0.00013262589483176157
0.7414399763514016,3.433860152690649e-05
0.7418708319384046,0.00043085558700306503
0.7421340534271286,0.00026322148872393036
0.7424294443155888,0.0002953908884602008
0.7425531166366156,0.00012367232102683534
0.742607544423713,5.442778709741081e-05
0.7432828549411061,0.0006753105173931129
0.7435019839122892,0.00021912897118303576
0.7436646840301759,0.00016270011788677152
0.7437130199828961,4.833595272013547e-05
0.7438622280113504,0.00014920802845430625
0.7438965603847065,3.433237335614958e-05
0.7439447190716163,4.815868690977165e-05
0.7441534737498083,0.00020875467819203575
0.7449849921620733,0.00083151841226492
0.7451131590759066,0.00012816691383332746
0.7451910981409112,7.793906500463965e-05
0.7452123808791229,2.1282738211669816e-05
0.745435572774498,0.00022319189537511885
0.7455196240095118,8.40512350137601e-05
0.7457684116435775,0.0002487876340657724
0.7459260520890079,0.0001576404454303182
0.7460054949595315,7.94428705236383e-05
0.7462117515986226,0.00020625663909112912
0.7463991415728563,0.00018738997423362047
0.7464246305691656,2.548899630938628e-05
0.7464889135634452,6.428299427951867e-05
0.7467795713458555,0.0002906577824103307
0.7472698951260939,0.0004903237802383886
0.747385625847253,0.00011573072115911298
0.7475056763478933,0.00012005050064034517
0.7476952159391385,0.00018953959124512476
0.7481492075420132,0.00045399160287473705
0.7483196389632567,0.00017043142124351096
0.7486670666901967,0.00034742772693996393
0.748963712298934,0.0002966456087373226
0.748988045209699,2.4332910764979232e-05
0.7493056600455044,0.00031761483580539096
0.749391176863227,8.551681772261954e-05
0.7495901998407286,0.00019902297750162834
0.7499774893318035,0.00038728949107491584
0.7501014415916685,0.00012395225986494562
0.7507371260829299,0.0006356844912613901
0.7509017466780586,0.0001646205951287838
0.7509658093883562,6.406271029757438e-05
0.7511743136105521,0.00020850422219587106
0.7512716836845997,9.737007404764242e-05
0.7512882533727859,1.656968818619653e-05
0.7514776588682999,0.00018940549551393904
0.7518927875435458,0.0004151286752459571
0.7521499099364778,0.00025712239293196326
0.752415620245539,0.00026571030906119564
0.7529364493883712,0.0005208291428322465
0.7531101690138491,0.0001737196254778528
0.7535582321091896,0.0004480630953405118
0.7537216181567592,0.0001633860475696025
0.7538424800824737,0.00012086192571447718
0.7540587685840137,0.00021628850153998513
0.7543412816512557,0.0002825130672420295
0.7543603978957346,1.9116244478922795e-05
0.755235047270143,0.0008746493744083983
0.7555086729451758,0.0002736256750327515
0.7562733254436264,0.0007646524984505909
0.7566088723767551,0.0003355469331287608
0.7568377128459177,0.0002288404691626056
0.7568417877482041,4.074902286377302e-06
0.7569140346867256,7.224693852148079e-05
0.7577031878870432,0.0007891532003175827
0.7588079116454454,0.001104723758402204
0.7593227297317833,0.0005148180863379093
0.759338499373944,1.5769642160767816e-05
0.759478567182216,0.00014006780827191534
0.7594969890350702,1.8421852854277887e-05
0.759599382865007,0.00010239382993670887
0.7599218101041973,0.0003224272391904037
0.7600064784398123,8.46683356149347e-05
0.7600342363822657,2.7757942453465745e-05
0.7601319332998593,9.769691759353716e-05
0.7604635664279348,0.0003316331280754925
0.7606065943738081,0.00014302794587328638
0.7610668119412264,0.00046021756741831954
0.7612874334419042,0.00022062150067780895
0.7613173793681095,2.9945926205310336e-05
0.7615778166226201,0.00026043725451063704
0.7617686121696023,0.00019079554698220313
0.7620343690502597,0.0002657568806573307
0.7622163435009082,0.00018197445064849216
0.7626388731333689,0.00042252963246069974
0.7626714707865998,3.2597653230936885e-05
0.7627518998128807,8.042902628091486e-05
0.7629933214391157,0.0002414216262349722
0.7630723486060704,7.90271669547371e-05
0.7634882397229091,0.00041589111683870694
0.7636912893208581,0.0002030495979489233
0.7640021435943887,0.0003108542735306141
0.764501372309919,0.0004992287155303199
0.7646083420801073,0.00010696977018831433
0.7648984227307016,0.00029008065059432653
0.7649341917119231,3.576898122148453e-05
0.7653214758152271,0.00038728410330401974
0.7654285044392894,0.00010702862406231084
0.7654506700554936,2.2165616204161687e-05
0.7658718336821521,0.00042116362665844953
0.76590457225481,3.273857265795321e-05
0.7659619596727003,5.7387417890297776e-05
0.7666136288775794,0.000651669204879135
0.7671735387967118,0.0005599099191323509
0.767192669006369,1.9130209657158836e-05
0.7672748572946432,8.218828827422087e-05
0.7675448078886056,0.00026995059396239807
0.7678850932949853,0.0003402854063797589
0.7678923678040075,7.2745090221593145e-06
0.7680000976917377,0.00010772988773022352
0.7682583292619944,0.0002582315702567284
0.7683209968194437,6.266755744921415e-05
0.7687599422579635,0.00043894543851985546
0.7689997831942794,0.00023984093631590486
0.7693943700507786,0.00039458685649917946
0.7696742112633248,0.00027984121254620575
0.7696910098913283,1.679862800352261e-05
0.7697432339461749,5.222405484661685e-05
0.769966337671089,0.00022310372491407549
0.7706143466408979,0.0006480089698088776
0.7706803813261679,6.603468527e-05
0.7707000743959233,1.9693069755355452e-05
0.7711531487909846,0.00045307439506137026
0.7715448249712897,0.00039167618030511164
0.7716990569903971,0.00015423201910735873
0.772155853130398,0.0004567961400009368
0.7721644166053934,8.563474995337828e-06
0.7724340844284002,0.0002696678230068583
0.772523103008102,8.901857970178284e-05
0.7726854111678738,0.0001623081597718068
0.7727937796861053,0.00010836851823148308
0.7733790713258937,0.0005852916397883767
0.7734237403579646,4.466903207089867e-05
0.77354344479083,0.00011970443286546395
0.773565992157165,2.254736633500176e-05
0.7736901258732688,0.00012413371610375812
0.7736932352447173,3.109371448539733e-06
0.7737579924384506,6.475719373322253e-05
0.7739606575233833,0.0002026650849327183
0.7741682827378037,0.00020762521442041493
0.7745121971481687,0.00034391441036496495
0.7745202992379289,8.102089760209097e-06
0.7746162599550036,9.596071707473897e-05
0.7753742600377039,0.0007580000827003275
0.7755748350501743,0.00020057501247039422
0.7755953428517537,2.0507801579361384e-05
0.7757267947533436,0.00013145190158991849
0.7763967641303009,0.0006699693769572912
0.7768451957280886,0.0004484315977877351
0.7770606015584397,0.00021540583035106753
0.7770623892043785,1.7876459388332933e-06
0.7771785267728497,0.00011613756847117518
0.7775764081945435,0.00039788142169383534
0.7775862113316854,9.803137141828344e-06
0.7776185973759075,3.2386044222176835e-05
0.7776799764704587,6.137909455117274e-05
0.7783154252388561,0.0006354487683973842
0.7784456885553571,0.00013026331650101142
0.7785712593226335,0.00012557076727637284
0.7785986751205689,2.7415797935415043e-05
0.7789933345613406,0.0003946594407716608
0.7790030000527108,9.66549137026984e-06
0.7793474444172765,0.00034444436456571026
0.7795320109426281,0.00018456652535159268
0.7796535467304727,0.0001215357878445733
0.7797030295546885,4.9482824215796306e-05
0.7800595974838462,0.00035656792915772506
0.7802347764099882,0.00017517892614193897
0.7805113454858692,0.00027656907588102797
0.7805173317131644,5.986227295196045e-06
0.780591119293683,7.378758051856948e-05
0.7808399162634946,0.0002487969698116155
0.7810671021385274,0.0002271858750327871
0.7815321342263863,0.0004650320878589742
0.7815803712024593,4.823697607292399e-05
0.7817080733892016,0.0001277021867422956
0.7817230307096177,1.495732041612019e-05
0.7821313761901549,0.0004083454805372533
0.782851319087647,0.0007199428974921096
0.7832095127053273,0.00035819361768030245
0.7833898927665346,0.00018038006120724148
0.7837895591950684,0.00039966642853384027
0.7838637618808652,7.42026857967204e-05
0.7840604601326928,0.00019669825182766498
0.7840871282715133,2.6668138820462595e-05
0.7842628773382848,0.00017574906677153557
0.7847554640346551,0.0004925866963703118
0.785224388008152,0.00046892397349684867
0.7862493037354233,0.0010249157272713694
0.7866003979202114,0.00035109418478807
0.786617910207002,1.7512286790588583e-05
0.786619300624823,1.3904178209900309e-06
0.786802907568871,0.00018360694404795375
0.7870215059744446,0.00021859840557370003
0.7870743931147585,5.288714031381758e-05
0.787283895947695,0.0002095028329365256
0.7875724546995148,0.0002885587518197674
0.7878696806335167,0.0002972259340019434
0.7878900042815986,2.032364808191023e-05
0.7880711608231944,0.00018115654159578387
0.7883190128992903,0.0002478520760959002
0.7884568899200934,0.00013787702080314546
0.7885626203302599,0.00010573041016648244
0.7887180558396871,0.0001554355094272042
0.7887479375239604,2.9881684273314058e-05
0.7888516173576113,0.00010367983365089373
0.789245835684302,0.00039421832669062074
0.7893476184258625,0.00010178274156058542
0.7894935917308886,0.0001459733050260814
0.7897751787542548,0.00028158702336622543
0.7899421239071384,0.00016694515288351308
0.7899611032232146,1.8979316076195296e-05
0.7904958510152402,0.0005347477920256694
0.7911654303169938,0.0006695793017535978
0.7911788080407792,1.3377723785401585e-05
0.7912405108458247,6.170280504547154e-05
0.7918947334899359,0.0006542226441111909
0.7919183785037687,2.3645013832784834e-05
0.7919376927263327,1.9314222564070782e-05
0.7921449602508255,0.000207267524492738
0.7921607581845372,1.5797933711758638e-05
0.7925989536673875,0.00043819548285028986
0.7927064407287704,0.00010748706138286046
0.7928257332204282,0.00011929249165776312
0.7928689879172387,4.325469681054628e-05
0.7928781879761981,9.200058959435431e-06
0.7934375586042512,0.000559370628053113
0.79356778996117,0.00013023135691869747
0.793943846046926,0.0003760560857560824
0.7940107089368178,6.686288989177225e-05
0.7943851173838672,0.00037440844704939025
0.7945716247459568,0.00018650736208958296
0.7948711242076857,0.00029949946172891373
0.7949011644759948,3.004026830910611e-05
0.7951224115995322,0.00022124712353743803
0.7952321315844388,0.00010971998490660884
0.795265976946069,3.3845361630202575e-05
0.7954324217921759,0.00016644484610683907
0.7955151710164121,8.274922423623376e-05
0.7955567611107217,4.1590094309595926e-05
0.7957295054909124,0.00017274438019065919
0.7965946892908747,0.0008651837999623657
0.796595348592068,6.59301193306483e-07
0.7967125872539799,0.00011723866191182264
0.7968320018264676,0.00011941457248776377
0.7970357567842573,0.00020375495778968133
0.7971253559061561,8.959912189876462e-05
0.7977766754575233,0.0006513195513672132
0.7982181461036807,0.0004414706461574047
0.7982259043038111,7.758200130436599e-06
0.7993222065589074,0.0010963022550962709
0.7997000508309132,0.0003778442720058228
0.7999531407119098,0.00025308988099659313
0.8001778865435608,0.00022474583165099649
0.8005562002625904,0.0003783137190296326
0.8005656470910325,9.44682844206124e-06
0.8006694335845332,0.00010378649350073488
0.800720489533803,5.105594926979595e-05
0.8012437368441742,0.0005232473103711222
0.8014617604504951,0.00021802360632094953
0.8015624128710661,0.00010065242057100132
0.8021222650741177,0.0005598522030515474
0.8022379969798552,0.00011573190573754832
0.8023018910918677,6.389411201246364e-05
0.8026948071660166,0.00039291607414893015
0.802702020767081,7.213601064370856e-06
0.8027477352288119,4.5714461730961276e-05
0.8029983243773181,0.0002505891485061751
0.8032039180012568,0.0002055936239386824
0.803631680110851,0.0004277621095941653
0.8037384172663774,0.00010673715552644847
0.8040911058413968,0.00035268857501935535
0.8042735215169841,0.00018241567558729965
0.8044214504181171,0.00014792890113302093
0.804548168505025,0.00012671808690789543
0.8049552497913569,0.00040708128633193397
0.8050456844151671,9.043462381019829e-05
0.8057585081855998,0.0007128237704326912
0.8064009287848126,0.0006424205992128229
0.8064257294636724,2.48006788597932e-05
0.8069482776481333,0.000522548184460847
0.8069620585912815,1.378094314818945e-05
0.8070321741071538,7.011551587232656e-05
0.8070419959639892,9.821856835401377e-06
0.8072783394644121,0.00023634350042289753
0.8073788933383483,0.00010055387393625992
0.8074783378514824,9.944451313403935e-05
0.8075997566121402,0.00012141876065785429
0.8076894099621768,8.965335003652264e-05
0.8079126293664769,0.00022321940430014564
0.8081308403766406,0.0002182110101637269
0.8082168399108551,8.599953421450923e-05
0.8082296816909215,1.2841780066330521e-05
0.808306352898785,7.667120786358783e-05
0.8085402169365932,0.00023386403780811804
0.8086397718560421,9.95549194489076e-05
0.808753708475711,0.00011393661966896396
0.8092869174866271,0.0005332090109160248
0.809339614979721,5.269749309388949e-05
0.8093902925289594,5.0677549238486996e-05
0.80973076684642,0.00034047431746053736
0.8101790680229943,0.00044830117657435054
0.8102477730511949,6.870502820055524e-05
0.8104269905209737,0.00017921746977878072
0.8106950455059292,0.0002680549849555236
0.8107109929359099,1.594742998067833e-05
0.8107223475527068,1.13546167969103e-05
0.8107758056230278,5.345807032097749e-05
0.8109005174419821,0.00012471181895434835
0.8109575831059932,5.7065664011091144e-05
0.8110765494656256,0.00011896635963237756
0.8111896272874591,0.00011307782183356263
0.8113146402326199,0.0001250129451607629
0.8114752215774403,0.00016058134482044295
0.8115973684209177,0.00012214684347733318
0.8117490470239698,0.00015167860305209668
0.8120183077588851,0.0002692607349152887
0.8124585836384265,0.00044027587954142966
0.8128066463699012,0.00034806273147469646
0.8128828737699737,7.622740007251494e-05
0.8130221826696705,0.0001393088996968217
0.8132897554609316,0.0002675727912611059
0.8135699351675933,0.00028017970666172065
0.8136310417311059,6.11065635125474e-05
0.8136427024228847,1.1660691778825338e-05
0.8146082476696453,0.000965545246760624
0.8150408798702644,0.00043263220061906527
0.8151335447492336,9.266487896919529e-05
0.815452650289817,0.00031910554058334206
0.8156005910370945,0.0001479407472775307
0.8162918631246776,0.000691272087583128
0.8164140725284313,0.0001222094037537369
0.8165107597535123,9.668722508093808e-05
0.8165439231079983,3.316335448599883e-05
0.8166696534173684,0.0001257303093701312
0.8167312959444423,6.164252707385742e-05
0.8170135521424053,0.0002822561979630711
0.8176941754169502,0.0006806232745448781
0.8179237535068422,0.0002295780898919908
0.8181649822958776,0.00024122878903543032
0.8182303021400382,6.53198441605829e-05
0.8185887287878437,0.0003584266478054987
0.8189111138938342,0.00032238510599047476
0.8189770418193191,6.592792548487658e-05
0.8190494641647512,7.242234543214376e-05
0.8191626266222146,0.00011316245746340048
0.8194887848746676,0.00032615825245296826
0.819534264534444,4.5479659776415104e-05
0.8196094777491897,7.52132147456841e-05
0.8199879359852258,0.0003784582360361055
0.8199915171689398,3.581183714018721e-06
0.8202289069971819,0.00023738982824206278
0.8202446493107806,1.574231359868783e-05
0.8203391029441865,9.445363340598867e-05
0.8206446476405255,0.0003055446963389219
0.8213475650329852,0.0007029173924597565
0.8213623530314166,1.47879984313537e-05
0.8213676460139089,5.292982492299814e-06
0.8215107666326799,0.00014312061877097548
0.821827002191825,0.00031623555914517265
0.8220270717639917,0.00020006957216667232
0.8220981222515803,7.105048758859756e-05
0.8223654025605802,0.0002672803089999176
0.8226401295944293,0.00027472703384912034
0.8236196806605007,0.0009795510660713935
0.82365078882153,3.1108161029247405e-05
0.8242104903442331,0.0005597015227031266
0.8245355406446897,0.00032505030045659744
0.8245444215057436,8.880861053883748e-06
0.8252353150441882,0.000690893538444648
0.8252474758721021,1.2160827913887395e-05
0.8253477468279997,0.00010027095589759671
0.8254561527684008,0.00010840594040106843
0.8256156270849616,0.0001594743165608259
0.8260552375497421,0.00043961046478047106
0.8262037290252766,0.00014849147553452902
0.8262872696805121,8.354065523552556e-05
0.8272557129193492,0.0009684432388370467
0.8272844778694632,2.876495011405744e-05
0.827411868242055,0.00012739037259179575
0.827524667248792,0.00011279900673699661
0.827576642006248,5.1974757455997e-05
0.8276157218365646,3.907983031659068e-05
0.8277166860423207,0.00010096420575611553
0.8280033973933542,0.0002867113510334196
0.8281866184977956,0.00018322110444146666
0.8285066101198726,0.00031999162207696497
0.8293570964510396,0.0008504863311670219
0.8294231030874927,6.600663645306426e-05
0.8296411331780845,0.00021803009059184753
0.8296994237655108,5.829058742623516e-05
0.8297807222110227,8.129844551196808e-05
0.8300712160115746,0.0002904938005519053
0.8303313396852355,0.00026012367366090583
0.8304729741428624,0.00014163445762682692
0.8307299741842967,0.00025700004143436317
0.8308023622631255,7.238807882881115e-05
0.830847033118142,4.4670855016470945e-05
0.8316965020991111,0.0008494689809690481
0.8317677815161841,7.127941707307794e-05
0.83189852067589,0.00013073915970585048
0.8319241765107132,2.5655834823168355e-05
0.8333604065727485,0.0014362300620353041
0.8335225265446637,0.0001621199719152866
0.8335601192509337,3.759270626990663e-05
0.8336058376173079,4.571836637423665e-05
0.834636841267312,0.001031003650004081
0.8347133721869552,7.653091964321401e-05
0.8350378877734144,0.0003245155864591842
0.8352721958068131,0.00023430803339874462
0.8354282113349923,0.00015601552817923192
0.8355560218831117,0.0001278105481193892
0.8357307229568878,0.00017470107377604016
0.83593099555148,0.00020027259459221014
0.8359387008865921,7.705335112073719e-06
0.83667585222127,0.000737151334677999
0.8367037381261845,2.788590491442644e-05
0.836716784260191,1.304613400654464e-05
0.8367539620853621,3.717782517109747e-05
0.8368943693335182,0.00014040724815611583
0.8372162066623037,0.0003218373287854348
0.8373805981973012,0.00016439153499747672
0.8375584615356497,0.0001778633383485717
0.8377133150912733,0.00015485355562361303
0.8382452677707666,0.0005319526794932417
0.8383081200266143,6.28522558476785e-05
0.8385564695742977,0.0002483495476834907
0.8386162551657489,5.9785591451144704e-05
0.8388413312466821,0.00022507608093325082
0.8388445632479297,3.232001247521765e-06
0.8388545643601786,1.000111224891409e-05
0.839036936747697,0.00018237238751839246
0.839429545764318,0.0003926090166210816
0.8397071409737619,0.000277595209443815
0.8400231600438864,0.00031601907012457353
0.8401470401821618,0.00012388013827535627
0.8403443396193095,0.00019729943714774656
0.840522280043742,0.0001779404244324212
0.8408988921762763,0.00037661213253437076
0.840925340550678,2.6448374401688568e-05
0.8414719150374573,0.0005465744867793054
0.841570820644174,9.890560671665938e-05
0.8416958683021531,0.0001250476579791604
0.8418733538532688,0.00017748555111563036
0.8420859112793302,0.00021255742606141048
0.8423602806486816,0.00027436936935143486
0.8425389446720529,0.00017866402337129994
0.8428124679035641,0.00027352323151119684
0.8429726420973567,0.0001601741937925505
0.843207936294269,0.0002352941969123723
0.8433956114353716,0.00018767514110251682
0.8435059620044086,0.00011035056903707652
0.8437134891606627,0.00020752715625405038
0.843931184300556,0.00021769513989333689
0.8440173852155133,8.620091495725735e-05
0.8440380512115202,2.0665996006918874e-05
0.8443020052544623,0.000263954042942105
0.8443228516148412,2.0846360378912188e-05
0.8446650338533614,0.0003421822385202278
0.8446804033110706,1.536945770919118e-05
0.8446834245010143,3.021189943663849e-06
0.8449251675245667,0.00024174302355239874
0.8458266658760619,0.0009014983514952224
0.8461897833596486,0.0003631174835866391
0.8462705134405705,8.073008092190914e-05
0.8469619301480379,0.0006914167074674182
0.8473608017567108,0.0003988716086729127
0.8477088450763314,0.00034804331962057233
0.8480179693845425,0.00030912430821117276
0.8482938010460087,0.0002758316614661638
0.8483592104687961,6.540942278743245e-05
0.8486276625167302,0.0002684520479340202
0.848727671026966,0.00010000851023583834
0.8489022027839733,0.00017453175700732348
0.8489189031016096,1.6700317636231254e-05
0.8493077644241902,0.000388861322580647
0.8494376087498682,0.00012984432567797466
0.8497507804549447,0.00031317170507649816
0.8498826899000124,0.00013190944506769053
0.8503268841964557,0.0004441942964433787
0.8504761791355295,0.00014929493907378522
0.8507753373612977,0.0002991582257682035
0.8513380207097626,0.0005626833484648763
0.851934650427693,0.000596629717930397
0.8523003026740853,0.00036565224639228955
0.8524236127563286,0.00012331008224331086
0.8526300634370296,0.00020645068070102024
0.8526396453705152,9.581933485547367e-06
0.8527470225079337,0.00010737713741848509
0.852853096376804,0.00010607386887029335
0.8528822070954029,2.9110718598901464e-05
0.8528965889934785,1.4381898075677135e-05
0.8530824844907431,0.00018589549726455434
0.8531112464135848,2.8761922841735732e-05
0.8535697971940026,0.00045855078041778796
0.8539500563666159,0.00038025917261330644
0.8539621779993705,1.212163275454703e-05
0.8540597664464548,9.758844708429582e-05
0.8541702350147924,0.00011046856833762941
0.8547304277887517,0.000560192773959356
0.8551329754503201,0.000402547661568331
0.855190714169377,5.773871905689898e-05
0.855390054549868,0.00019934038049107539
0.8557279099144366,0.00033785536456854004
0.8558100339642173,8.212404978069632e-05
0.8561905052302184,0.0003804712660011589
0.8567435701424316,0.0005530649122131859
0.8568939740046724,0.00015040386224074442
0.8570621183173107,0.00016814431263834084
0.8573215786724787,0.00025946035516799526
0.8574290627413449,0.00010748406886618156
0.8576759003875093,0.0002468376461643995
0.8578133244878043,0.00013742410029504715
0.858245104154032,0.00043177966622764963
0.8585855936674468,0.00034048951341481004
0.859094525608285,0.0005089319408382309
0.859197987439432,0.00010346183114695595
0.8595689348385005,0.0003709473990685108
0.8595835085992908,1.4573760790281831e-05
0.8597536201929756,0.00017011159368485185
0.8599005722765827,0.0001469520836070437
0.8600518975632538,0.00015132528667116674
0.86007228932438,2.039176112611507e-05
0.8609503611801969,0.0008780718558168976
0.8610882699230349,0.00013790874283803323
0.8611755090650921,8.723914205721606e-05
0.8615298489183725,0.0003543398532803721
0.8616611215633919,0.00013127264501944236
0.8620416387217505,0.00038051715835862865
0.862143652645904,0.00010201392415343236
0.8632485326160714,0.001104879970167394
0.8634744957376854,0.00022596312161404786
0.863506726483963,3.223074627756173e-05
0.8635447261020176,3.799961805461827e-05
0.8636207298608906,7.600375887295563e-05
0.8642715682473971,0.0006508383865065914
0.8643939611580871,0.00012239291068993907
0.8645341239654739,0.0001401628073868233
0.8649951817572995,0.00046105779182559203
0.8650347978963676,3.9616139068110456e-05
0.8652936075394008,0.00025880964303315324
0.8653421181164382,4.851057703747497e-05
0.8654405724947656,9.84543783273395e-05
0.8654528387643933,1.2266269627692061e-05
0.8655061553509811,5.3316586587803805e-05
0.8658236234858591,0.0003174681348779851
0.8659061129529277,8.248946706868043e-05
0.8661583966932731,0.0002522837403453604
0.8662301463406366,7.174964736345046e-05
0.8662806253184497,5.047897781318422e-05
0.8663450063437513,6.43810253015964e-05
0.8664002788019751,5.5272458223787346e-05
0.8664013123589842,1.0335570090891366e-06
0.8664758399533954,7.452759441117784e-05
0.8665056417259761,2.980177258071759e-05
0.866514053083927,8.411357950932619e-06
0.8666745911653713,0.0001605380814442281
0.8667792624359034,0.00010467127053215286
0.866794649116414,1.538668051059844e-05
0.8668288915182898,3.4242401875772543e-05
0.8671079299784066,0.00027903846011678723
0.86717421811314,6.628813473341655e-05
0.8671885968340759,1.4378720935903644e-05
0.8672493788315077,6.078199743175805e-05
0.8674739318412594,0.00022455300975177117
0.8678127463367209,0.00033881449546147024
0.8679732238602083,0.00016047752348735678
0.8679763633784041,3.1395181958604468e-06
0.8680426687752496,6.630539684548964e-05
0.868048874248068,6.2054728183769114e-06
0.8682643244840087,0.00021545023594071733
0.8685421670788214,0.0002778425948126717
0.8685660289958157,2.3861916994327714e-05
0.8688758593487669,0.0003098303529511792
0.8691329582667594,0.0002570989179925265
0.8693391052716325,0.0002061470048730918
0.8694612979406884,0.00012219266905588722
0.8695096744173652,4.837647667677025e-05
0.8696679965085277,0.0001583220911625105
0.870214419613103,0.000546423104575311
0.8702953873252443,8.096771214127774e-05
0.8708056358639853,0.0005102485387410427
0.8711392035433104,0.00033356767932513076
0.8711922828275892,5.3079284278778616e-05
0.8713387923235775,0.00014650949598826735
0.8718608433390079,0.0005220510154304581
0.872202594463972,0.00034175112496404036
0.8724418395162278,0.00023924505225580983
0.8728183898489295,0.00037655033270167504
0.8729098032556395,9.141340671003917e-05
0.8729207695651783,1.0966309538784635e-05
0.8732932913099287,0.00037252174475044253
0.8734605013249277,0.00016721001499897525
0.8736842364509932,0.00022373512606554957
0.87375525658048,7.102012948678738e-05
0.8746854423482271,0.0009301857677470604
0.8747537312498761,6.828890164900514e-05
0.874862450638047,0.0001087193881709192
0.874901735522385,3.928488433802002e-05
0.8749768851573755,7.514963499044569e-05
0.8755618628696927,0.0005849777123172473
0.876042247623336,0.0004803847536433148
0.8763570216939112,0.00031477407057511897
0.8766004920735772,0.00024347037966598872
0.8767902032173241,0.0001897111437469956
0.8768973489866887,0.00010714576936454723
0.87700161112405,0.00010426213736125511
0.8771629706291006,0.00016135950505069552
0.8772366456823104,7.36750532097652e-05
0.8774806791579237,0.00024403347561330335
0.8780005138986806,0.0005198347407568971
0.8780893694665363,8.885556785565019e-05
0.8781057585403875,1.638907385126398e-05
0.8781808195800728,7.506103968524247e-05
0.8782924122826589,0.0001115927025860941
0.8791774181135297,0.0008850058308708109
0.8791903359051423,1.2917791612609975e-05
0.8795733059547313,0.00038297004958898206
0.879743840065239,0.00017053411050771405
0.8799018416692629,0.00015800160402390517
0.8801553583290068,0.00025351665974393534
0.8804014876304377,0.0002461293014308641
0.8804522236042037,5.0735973766036224e-05
0.8806174945368004,0.0001652709325966617
0.8813868396559862,0.0007693451191858047
0.8818482450445564,0.00046140538857020186
0.8823076168194661,0.0004593717749097337
0.8823985005249069,9.088370544074742e-05
0.882464367992487,6.5867467580083e-05
0.8825391726752824,7.480468279541519e-05
0.8830495626343944,0.000510389959112012
0.883383233463165,0.00033367082877067133
0.8834298031637741,4.6569700609011555e-05
0.8835414337258438,0.0001116305620697533
0.8836993649810906,0.0001579312552467682
0.8838137206975426,0.00011435571645201925
0.8839568087446908,0.0001430880471482432
0.8844813356625613,0.0005245269178704159
0.8845387385919756,5.740292941436298e-05
0.884587112454557,4.837386258138565e-05
0.8848266936222055,0.0002395811676484394
0.8848334019646493,6.708342443872972e-06
0.8853390119666199,0.00050561000197058
0.885377333771733,3.832180511309513e-05
0.8858122794852613,0.0004349457135283119
0.885968326542554,0.0001560470572926631
0.8862302705621715,0.00026194401961754377
0.8871971086820816,0.0009668381199100518
0.8874389045103401,0.00024179582825856194
0.8880540922240695,0.0006151877137293704
0.8881653723079587,0.00011128008388916477
0.8885034049615874,0.00033803265362875035
0.888534609198154,3.1204236566551025e-05
0.8887501753251221,0.00021556612696815858
0.8887514327521907,1.257427068579453e-06
0.8887846500419573,3.32172897665739e-05
0.8889230405923717,0.0001383905504144245
0.8893139124673974,0.0003908718750257334
0.8893219924679615,8.080000564070211e-06
0.8896947268814441,0.0003727344134826227
0.8903298488413175,0.0006351219598733637
0.8907386902191949,0.0004088413778774447
0.8909865317206137,0.00024784150141876626
0.8910817934738516,9.526175323792963e-05
0.8911281489328948,4.635545904319027e-05
0.8913482059082917,0.00022005697539684288
0.8913640913754843,1.5885467192666702e-05
0.8916178908522833,0.00025379947679893267
0.8916582011017075,4.031024942419137e-05
0.8919068036625444,0.0002486025608369191
0.8921202342195287,0.00021343055698430646
0.8922932985902455,0.00017306437071684666
0.8924235131561918,0.0001302145659463072
0.8924631933051345,3.9680148942622395e-05
0.8925551514247194,9.195811958495614e-05
0.8929258403031691,0.00037068887844970977
0.8930034891642161,7.76488610469972e-05
0.8930768986820304,7.34095178143157e-05
0.8937588284220204,0.0006819297399899282
0.8944970653400852,0.0007382369180648496
0.8953116014552144,0.0008145361151291608
0.8954325743049919,0.0001209728497775231
0.8954679631942134,3.53888892214993e-05
0.8957608692970724,0.0002929061028590363
0.8961615433706038,0.00040067407353139295
0.8962296905571612,6.814718655734353e-05
0.8964142376771422,0.00018454711998106
0.8967923984661225,0.00037816078898023076
0.8968674352272711,7.50367611486169e-05
0.8971291497929967,0.000261714565725657
0.8972283973310801,9.924753808332465e-05
0.8974592672725105,0.00023086994143040052
0.8982786477439396,0.0008193804714291542
0.8984970316246598,0.00021838388072015213
0.8985101128582603,1.3081233600553688e-05
0.8988344251472544,0.0003243122889940997
0.8990003868140136,0.00016596166675919566
0.8993433661792538,0.00034297936524019246
0.8995089880421863,0.0001656218629324524
0.899513625871241,4.637829054687792e-06
0.8996056590927819,9.203322154094362e-05
0.899612937247839,7.27815505707774e-06
0.899636583804915,2.364655707598473e-05
0.899990359924066,0.0003537761191509947
0.9003451689818465,0.0003548090577805141
0.9005999515295873,0.0002547825477408061
0.9009382634407064,0.00033831191111910464
0.9010933681442373,0.00015510470353097272
0.9013389965880462,0.00024562844380882076
0.9013394640643094,4.674762632550511e-07
0.9014641809481566,0.00012471688384718682
0.9014835798300915,1.939888193491779e-05
0.9018930498697905,0.0004094700396989337
0.9029571643119528,0.0010641144421623672
0.903730501201328,0.000773336889375198
0.9042545141934168,0.0005240129920888181
0.9043828019118499,0.0001282877184330955
0.9046167536639446,0.00023395175209461883
0.9046708607329282,5.4107068983677564e-05
0.9047587347646415,8.787403171328645e-05
0.9048657016673685,0.00010696690272693488
0.9050295500118822,0.00016384834451377284
0.9053813591357357,0.00035180912385346375
0.9059286645606982,0.0005473054249625076
0.9069360872217389,0.0010074226610407022
0.9071644570696464,0.000228369847907528
0.9072581298867666,9.367281712013842e-05
0.9073231354898602,6.500560309363745e-05
0.9073930079526261,6.987246276590753e-05
0.9074453925216437,5.2384569017571714e-05
0.9075109598168661,6.55672952224462e-05
0.907530333738498,1.9373921631871127e-05
0.9078194937072657,0.0002891599687676605
0.908081381627218,0.0002618879199522972
0.9081563594264105,7.497779919252157e-05
0.9081988582618646,4.249883545415223e-05
0.9084073520435467,0.0002084937816820842
0.9085910038900064,0.0001836518464596315
0.908652124961645,6.112107163869229e-05
0.9086930414190866,4.091645744153105e-05
0.9088778233404067,0.00018478192132009852
0.9089151700601282,3.734671972155379e-05
0.909051670436587,0.00013650037645873692
0.9091143526207344,6.268218414740012e-05
0.9092144689925448,0.00010011637181039923
0.9095348709195956,0.0003204019270508507
0.9097851749421991,0.00025030402260350915
0.9099242223681736,0.00013904742597448116
0.9101782209861108,0.00025399861793717893
0.9102792739468993,0.0001010529607885502
0.910413949658311,0.00013467571141168033
0.9105477306325387,0.00013378097422767077
0.9107419024512852,0.00019417181874648026
0.9107564859633814,1.4583512096266738e-05
0.9110959839753562,0.00033949801197474816
0.9111830615145734,8.707753921721739e-05
0.9112522366173612,6.91751027878107e-05
0.9113558618279859,0.00010362521062468044
0.9113946118484542,3.875002046827003e-05
0.9122663505583393,0.0008717387098851059
0.9125447794923088,0.0002784289339695656
0.9125798457738067,3.506628149785307e-05
0.9128714784716595,0.0002916326978528172
0.9128902189212911,1.8740449631571288e-05
0.9130014037225969,0.0001111848013057859
0.9137020120852514,0.000700608362654509
0.9137885675703394,8.655548508806898e-05
0.913862413388952,7.384581861258344e-05
0.9145392014347142,0.0006767880457622111
0.914594648079179,5.5446644464773875e-05
0.9147102844072195,0.0001156363280404582
0.9148053694725561,9.508506533661976e-05
0.9148090362187883,3.666746232200424e-06
0.9150016810295915,0.00019264481080316642
0.9150735947171446,7.191368755310457e-05
0.9152260137052967,0.0001524189881521032
0.9152367766186229,1.076291332624546e-05
0.9152869820617772,5.02054431542609e-05
0.9153034272080225,1.6445146245325226e-05
0.915432065526369,0.00012863831834653006
0.9158017182161221,0.00036965268975308607
0.9158973129745797,9.559475845755117e-05
0.9159035010432881,6.188068708445904e-06
0.9159909166987839,8.741565549574837e-05
0.9160924250215443,0.0001015083227604574
0.9161072509968113,1.482597526702989e-05
0.9161151287589715,7.877762160157786e-06
0.9161596062669835,4.447750801195305e-05
0.9163053423252099,0.0001457360582264311
0.9167067525604192,0.00040141023520934294
0.9170573481118465,0.0003505955514272463
0.9170997713040618,4.242319221536839e-05
0.917311524932746,0.000211753628684197
0.9173684715244679,5.6946591721840356e-05
0.9173789846602268,1.051313575894941e-05
0.9173834031637732,4.418503546377295e-06
0.9175470837952957,0.00016368063152250034
0.9178021266657488,0.0002550428704530816
0.9179175328024368,0.00011540613668803434
0.918118122235957,0.00020058943352019298
0.918181454257813,6.333202185593301e-05
0.9185774801975356,0.0003960259397226551
0.9186543137493698,7.683355183418783e-05
0.9189046454761947,0.0002503317268248706
0.9189775169209011,7.287144470646822e-05
0.9193283065934231,0.00035078967252200055
0.9194304864977005,0.00010217990427741075
0.9195144656478411,8.397915014057844e-05
0.9196380003057562,0.00012353465791503648
0.920191753465687,0.000553753159930892
0.9202451971345603,5.344366887327645e-05
0.920358804134321,0.00011360699976070698
0.9204705652704686,0.0001117611361475257
0.9204979978156659,2.743254519732563e-05
0.920773068042829,0.00027507022716311
0.9212052814165119,0.00043221337368293256
0.9212720918373769,6.681042086498223e-05
0.921379910876849,0.00010781903947210125
0.921425467969333,4.555709248399431e-05
0.9215638680974932,0.00013840012816024316
0.921580484713904,1.6616616410725094e-05
0.9225717347058583,0.0009912499919543238
0.9239255823919494,0.0013538476860911475
0.9246372475395359,0.000711665147586471
0.9249385023608963,0.00030125482136034165
0.9251451064980143,0.00020660413711803827
0.9252353366957637,9.02301977494524e-05
0.9258237786966014,0.0005884420008376301
0.9262061938208178,0.00038241512421643975
0.9263118784352872,0.00010568461446935906
0.9263362990467865,2.442061149932062e-05
0.9263664029908757,3.0103944089199253e-05
0.9264467316822397,8.032869136398446e-05
0.9265559094354225,0.00010917775318286527
0.9272012074464108,0.0006452980109882267
0.9274281106434547,0.00022690319704388173
0.927541440838001,0.00011333019454640159
0.927590635885723,4.919504772193939e-05
0.9276572042106477,6.656832492468734e-05
0.9278013657078011,0.00014416149715346105
0.9280654819271071,0.0002641162193059987
0.9281990551213855,0.0001335731942783136
0.9289816969879306,0.0007826418665451973
0.9291767985063499,0.0001951015184192828
0.9292261503881513,4.9351881801329434e-05
0.9293184830633314,9.23326751801623e-05
0.9295097750781187,0.00019129201478729208
0.9297604899240909,0.0002507148459721664
0.9298449311366431,8.444121255224424e-05
0.9302107256315951,0.00036579449495199867
0.9305281147122814,0.0003173890806862367
0.93126731872769,0.0007392040154086121
0.9312918378167011,2.4519089011132422e-05
0.931503219004249,0.00021138118754793211
0.931629883365381,0.00012666436113195623
0.9322723247637876,0.0006424413984066346
0.9323665215148573,9.419675106969727e-05
0.9326528458433141,0.00028632432845676625
0.9326661001136948,1.3254270380680389e-05
0.9327568560619814,9.075594828666933e-05
0.9331073051935563,0.00035044913157489255
0.9332880901116939,0.00018078491813755537
0.9337891362376031,0.000501046125909177
0.9339049552839831,0.00011581904638002793
0.9340398614628018,0.0001349061788187278
0.9342528323248249,0.00021297086202309856
0.9346714064683056,0.0004185741434806767
0.9351258749420278,0.00045446847372221377
0.9356826057024273,0.0005567307603995264
0.9360950628238326,0.0004124571214052519
0.9361031886303344,8.125806501779742e-06
0.9364267333898276,0.000323544759493255
0.9364934519618286,6.671857200102327e-05
0.9367036984145782,0.0002102464527495851
0.9369798455510693,0.00027614713649104505
0.9376146924665131,0.0006348469154437986
0.9378012500789883,0.0001865576124752133
0.9379721634802548,0.00017091340126651478
0.9381864604866693,0.00021429700641451
0.9382400375526978,5.357706602848733e-05
0.9385869877956341,0.00034695024293629473
0.9386276915344337,4.070373879960787e-05
0.9390820436328039,0.0004543520983701921
0.9391320963367314,5.005270392755001e-05
0.9392099887518933,7.789241516187317e-05
0.9392592763051241,4.928755323074796e-05
0.9395466597714162,0.00028738346629209044
0.9399328402894285,0.00038618051801231346
0.9399380565491035,5.216259674978296e-06
0.9403429112092979,0.0004048546601944647
0.9407569291649445,0.00041401795564655064
0.9412188727905804,0.00046194362563589664
0.9412316540036669,1.2781213086565657e-05
0.9415665260730531,0.00033487206938620506
0.9416593832112243,9.285713817119845e-05
0.9418351207977249,0.00017573758650057947
0.9423718146659252,0.0005366938682003219
0.9424214536161066,4.9638950181396524e-05
0.9426898231376397,0.000268369521533085
0.9429165146645729,0.00022669152693322037
0.9429694357075753,5.2921043002363e-05
0.942978099852715,8.664145139669621e-06
0.9430280969782103,4.999712549536017e-05
0.9434193799160369,0.00039128293782653145
0.9434311393910314,1.1759474994543773e-05
0.9438079572301612,0.00037681783912979494
0.9440093984768024,0.00020144124664123186
0.9441801165590866,0.0001707180822841936
0.9448370331987013,0.0006569166396146464
0.9449184136058386,8.138040713734362e-05
0.9451387282732492,0.00022031466741057049
0.9453708527913088,0.00023212451805965095
0.9457329398593741,0.00036208706806528657
0.9459506812697551,0.00021774141038100048
0.9462233775854016,0.00027269631564652563
0.9464112037127789,0.00018782612737722193
0.9466584494143407,0.0002472457015618712
0.9474528876158907,0.0007944382015500073
0.9476341826457879,0.00018129502989716606
0.9479805370242312,0.0003463543784433254
0.948051974883161,7.143785892971266e-05
0.9480743072416561,2.2332358495136262e-05
0.9486366301938906,0.0005623229522344619
0.9487502565524405,0.0001136263585499453
0.9488455162627338,9.525971029333835e-05
0.9490414778795161,0.00019596161678225865
0.9492118372446633,0.00017035936514719907
0.949607588855607,0.0003957516109437398
0.9497606999817602,0.00015311112615312705
0.9498879291338551,0.00012722915209495422
0.9499854095616198,9.748042776469568e-05
0.9501382953953048,0.00015288583368500142
0.9501619981878494,2.3702792544599838e-05
0.950294974279213,0.00013297609136353472
0.9503499738305071,5.4999551294176996e-05
0.9505113518005831,0.0001613779700759821
0.9506055692317148,9.421743113169345e-05
0.9508270878447331,0.00022151861301833442
0.9509766041598176,0.0001495163150844192
0.951075725742765,9.912158294744788e-05
0.9511235244515599,4.779870879489945e-05
0.9513887989487972,0.0002652744972373444
0.9517004377233919,0.00031163877459461364
0.9517042929711632,3.855247771356041e-06
0.9519308439977779,0.0002265510266147297
0.9522395787248102,0.0003087347270323004
0.9522656033045339,2.6024579723671337e-05
0.9523230297847592,5.7426480225331034e-05
0.9523312521517084,8.222366949195425e-06
0.9523557727150169,2.452056330848329e-05
0.9528960346765304,0.0005402619615134663
0.953085174563105,0.00018913988657465186
0.9531860807991673,0.00010090623606229254
0.9532761431341494,9.006233498209948e-05
0.9533282413498337,5.209821568430417e-05
0.9540294847768721,0.0007012434270383672
0.9541554395341679,0.00012595475729582084
0.9544079311590278,0.0002524916248598519
0.9546763461958211,0.00026841503679331247
0.9547713748522225,9.502865640143021e-05
0.955442734913484,0.0006713600612614501
0.9555939659402646,0.00015123102678060718
0.9558190426889698,0.00022507674870519967
0.9563943933815229,0.0005753506925531005
0.9564850920762382,9.069869471534098e-05
0.9569127817427189,0.0004276896664806573
0.9572089451011394,0.00029616335842053143
0.9572803209188779,7.137581773852819e-05
0.957440153332316,0.00015983241343808796
0.9580285908093684,0.0005884374770523948
0.9580536156338024,2.5024824434005666e-05
0.9581051219474497,5.1506313647253776e-05
0.9581441506356752,3.902868822547312e-05
0.9581548353934918,1.0684757816625812e-05
0.9583257899181958,0.00017095452470405892
0.9585351259502345,0.00020933603203865392
0.9587590619330892,0.00022393598285475047
0.958975009304515,0.00021594737142571763
0.9589914643934165,1.6455088901579096e-05
0.9591771636437247,0.00018569925030820222
0.9596777117459921,0.0005005481022674063
0.9610923259346554,0.001414614188663288
0.9611306932492893,3.836731463391363e-05
0.9611908748285107,6.018157922138556e-05
0.9616233950976559,0.0004325202691451979
0.9618650430913417,0.0002416479936857563
0.9618826775612759,1.7634469934191266e-05
0.9618864860370645,3.8084757886247544e-06
0.9619705550324807,8.406899541624213e-05
0.9619728021452933,2.247112812603369e-06
0.9620980005614558,0.00012519841616243088
0.9622310562491639,0.00013305568770816123
0.9622314131122268,3.568630628780767e-07
0.9627544637517734,0.0005230506395466072
0.9631660515068251,0.0004115877550516789
0.963276607390364,0.00011055588353892087
0.9641051803384117,0.0008285729480477233
0.9641838527114319,7.867237302017216e-05
0.964215562007761,3.1709296329118786e-05
0.9642666593793219,5.10973715608376e-05
0.9646461667898288,0.0003795074105069629
0.9648778841527317,0.00023171736290283906
0.9649179482432567,4.006409052503823e-05
0.9653892932205465,0.0004713449772897338
0.9654894018931311,0.0001001086725846978
0.9655187763357204,2.9374442589213956e-05
0.9656504841315673,0.00013170779584692482
0.9656940102280439,4.3526096476620424e-05
0.9661996544944232,0.0005056442663793348
0.9662981617554685,9.85072610452109e-05
0.966312311608607,1.4149853138523127e-05
0.9669404765209143,0.0006281649123073274
0.96696121874738,2.0742226465642055e-05
0.9672796425589151,0.000318423811535129
0.9674897234777398,0.00021008091882468438
0.9679946693509163,0.00050494587317651
0.9681717852685489,0.0001771159176325865
0.9682326890589767,6.090379042789085e-05
0.9688254725477086,0.0005927834887318184
0.9688879230944683,6.245054675968476e-05
0.9690508750831229,0.0001629519886546804
0.9692134888994837,0.0001626138163607349
0.9698448933433124,0.0006314044438286981
0.9700567579285843,0.00021186458527189256
0.9700886024363513,3.184450776705372e-05
0.9702029088777604,0.00011430644140908441
0.9703117716401727,0.00010886276241228732
0.970395274142936,8.350250276334403e-05
0.9715201828382468,0.001124908695310789
0.9721018183525078,0.0005816355142609364
0.9726457649970851,0.0005439466445773533
0.9726740835299104,2.8318532825255538e-05
0.9728539157550721,0.0001798322251617135
0.9730831513468157,0.00022923559174359287
0.9733953285511094,0.00031217720429377316
0.9734937907656958,9.846221458631454e-05
0.9738611328802663,0.000367342114570568
0.9741048852614541,0.00024375238118778952
0.9745765633795972,0.0004716781181430818
0.9745839989611047,7.435581507508893e-06
0.9746351229115128,5.112395040807183e-05
0.9748068795522643,0.0001717566407515303
0.974985660359886,0.00017878080762168125
0.9751058885282775,0.00012022816839152295
0.9752040643399613,9.81758116838094e-05
0.975223826541316,1.9762201354689424e-05
0.9754825318221805,0.00025870528086446853
0.9761235227807681,0.0006409909585876061
0.9762768764750729,0.00015335369430480306
0.9763091093743801,3.223289930720519e-05
0.9764344172176107,0.0001253078432306154
0.9766905876068644,0.00025617038925374036
0.9772936376019639,0.0006030499950994139
0.977298988231845,5.350629881162305e-06
0.9773551297419574,5.61415101123508e-05
0.9774005641093508,4.543436739345985e-05
0.9774645565919553,6.39924826044691e-05
0.9775975846219553,0.0001330280300000375
0.9776088142250575,1.1229603102180796e-05
0.977831151272526,0.00022233704746843497
0.9781426383055523,0.0003114870330263031
0.9785340435887263,0.0003914052831740511
0.9787305800422685,0.0001965364535422287
0.9787807704772306,5.019043496201636e-05
0.9789024659056589,0.00012169542842832559
0.9793333461498256,0.0004308802441667092
0.9798330899981894,0.0004997438483638206
0.9798429963944287,9.906396239323101e-06
0.9799718081233897,0.0001288117289609536
0.9802504026822146,0.00027859455882495165
0.9803821344007969,0.00013173171858227306
0.980619978987801,0.00023784458700404354
0.9806798920154279,5.991302762697881e-05
0.980756688077308,7.679606188004673e-05
0.9809531528302788,0.00019646475297085964
0.9816368456521134,0.0006836928218345584
0.9820629284536339,0.0004260828015204554
0.9822441007698747,0.00018117231624081853
0.9823173303669278,7.322959705313714e-05
0.9823889251491266,7.159478219875837e-05
0.9825456859625933,0.00015676081346671644
0.9829068993215198,0.000361213358926471
0.9829590503240392,5.215100251942939e-05
0.9831927975384045,0.00023374721436530965
0.9833741937882342,0.0001813962498297128
0.9833894641477275,1.527035949333566e-05
0.9835847446912025,0.0001952805434749516
0.9836924728384554,0.00010772814725290569
0.9837342327884477,4.175994999233712e-05
0.9837824037608839,4.8170972436145654e-05
0.9838305915296476,4.818776876369668e-05
0.984033705720212,0.00020311419056440183
0.984239249474178,0.00020554375396597546
0.9845697910654413,0.0003305415912633336
0.9845838623404501,1.4071275008853412e-05
0.9849546023173482,0.00037073997689807126
0.9849830796532175,2.8477335869303566e-05
0.9852295934257558,0.00024651377253825935
0.9852519044548828,2.231102912697569e-05
0.9852749074754535,2.3003020570788735e-05
0.9853740529432109,9.914546775735555e-05
0.9853771140255696,3.0610823587018388e-06
0.9857679188847688,0.0003908048591991786
0.985918766347666,0.00015084746289717454
0.985999347557412,8.058120974607785e-05
0.9861366361586745,0.00013728860126249742
0.9862626129186983,0.00012597676002379377
0.9862849836227137,2.2370704015339804e-05
0.9872660925972202,0.0009811089745065393
0.9874112238883919,0.0001451312911716629
0.9874705611454047,5.933725701279258e-05
0.9876009432613659,0.00013038211596128058
0.9876986498021966,9.770654083063324e-05
0.9878446464505155,0.00014599664831893566
0.9880358044457749,0.00019115799525937227
0.9880869962603563,5.1191814581463824e-05
0.9881118945018469,2.4898241490545203e-05
0.9882325663843815,0.00012067188253461758
0.9883093404283649,7.677404398342969e-05
0.9890897658375027,0.0007804254091378082
0.9891213422949298,3.157645742701831e-05
0.9894369887828602,0.00031564648793047656
0.9901787586676611,0.0007417698848009024
0.9902311997379838,5.2441070322650774e-05
0.9905656515629835,0.00033445182499969306
0.9905820173456225,1.6365782638971815e-05
0.9910054893532423,0.0004234720076198295
0.9910244969354589,1.9007582216623575e-05
0.9910439136277476,1.941669228866516e-05
0.9911885876005223,0.0001446739727747337
0.9913609510886217,0.00017236348809934743
0.9913743134640461,1.336237542448604e-05
0.991403571076357,2.9257612310873427e-05
0.9915573760855956,0.00015380500923856122
0.9916833005356834,0.00012592445008785536
0.9917558976964153,7.259716073182432e-05
0.9920288905958276,0.0002729928994122943
0.9928154306783146,0.0007865400824870195
0.9928250995182224,9.668839907828186e-06
0.9931843989200981,0.0003592994018757345
0.9935038852832518,0.00031948636315370926
0.9938946802553212,0.00039079497206939706
0.9940821886101919,0.00018750835487069129
0.9941119488872512,2.9760277059254214e-05
0.9943795174478712,0.0002675685606200462
0.9946997446645114,0.0003202272166401565
0.9947196357651799,1.9891100668467665e-05
0.9951318703079616,0.0004122345427817198
0.9951890840776674,5.72137697057995e-05
0.9952529614754935,6.387739782609536e-05
0.9954850939571271,0.0002321324816336734
0.9958096969565158,0.00032460299938863457
0.995953495333553,0.00014379837703726306
0.9960381142485748,8.461891502176133e-05
0.9960561182014704,1.800395289563994e-05
0.996121001620291,6.488341882060489e-05
0.996298176477397,0.00017717485710599945
0.9965428387967142,0.0002446623193171904
0.9967376091071984,0.00019477031048420468
0.9967885325910548,5.09234838563799e-05
0.996928291632398,0.0001397590413432237
0.9969881917503696,5.990011797152306e-05
0.9969957425416844,7.550791314869798e-06
0.9970497267655792,5.398422389479851e-05
0.9975700634628673,0.0005203366972880152
0.997765409308964,0.00019534584609670613
0.9978276898835952,6.228057463120162e-05
0.9979425893552807,0.00011489947168552561
0.9986386611477717,0.0006960717924909821
0.9987554961057864,0.0001168349580147332
0.9987600601038263,4.563998039941453e-06
0.9989156723208142,0.0001556122169878993
0.9989359173523933,2.0245031579047e-05
0.9989799402850007,4.4022932607412635e-05
0.9990800563670125,0.00010011608201176969
0.9992215003347839,0.0001414439677713819
0.999444797244111,0.00022329690932709756
0.9996155652942679,0.00017076805015692198
1.0,0.00038443470573212846
1.0,0.0
1.0000357443196193,3.574431961927971e-05
1.0001394689051848,0.00010372458556551223
1.0008941854938203,0.0007547165886354623
1.0014318384040204,0.0005376529102001371
1.0014373839838755,5.545579855104066e-06
1.0015220937483231,8.470976444763245e-05
1.0015582784054502,3.618465712706964e-05
1.0020146025236119,0.0004563241181616551
1.0020254654808303,1.0862957218416014e-05
1.0024595145704254,0.000434049089595101
1.0025420637075984,8.254913717298251e-05
1.0026138853475999,7.182164000152369e-05
1.00269248576896,7.860042136020873e-05
1.0027348506445246,4.236487556452673e-05
1.0031149235696133,0.0003800729250886814
1.0032717154628827,0.00015679189326944787
1.0033036934458548,3.1977982972053454e-05
1.0033775350832452,7.384163739043714e-05
1.003393097427047,1.5562343801844847e-05
1.0035947739694937,0.00020167654244662714
1.0039579253510134,0.0003631513815196552
1.0040725240143573,0.00011459866334395663
1.0042852397910413,0.00021271577668402486
1.0043359205753075,5.068078426617717e-05
1.0044431669517526,0.0001072463764451026
1.0047759189477083,0.0003327519959557268
1.0052700623695547,0.0004941434218463936
1.005270436806037,3.744364822644286e-07
1.0053361578668965,6.572106085944718e-05
1.0053416434439228,5.485577026398403e-06
1.0055802662750086,0.00023862283108577742
1.005651641376221,7.137510121246748e-05
1.005753233972154,0.00010159259593289782
1.0060745584021595,0.0003213244300055429
1.006407873586708,0.0003333151845483773
1.0064108607246183,2.9871379103596496e-06
1.0064333250572786,2.2464332660288022e-05
1.0064723168200866,3.89917628080827e-05
1.0065254766194802,5.315979939357618e-05
1.0066787369050407,0.00015326028556050808
1.0071426166497617,0.00046387974472095195
1.0071551854360279,1.2568786266209386e-05
1.0072632599097122,0.00010807447368432754
1.0074091684743498,0.00014590856463758684
1.0077707676167584,0.00036159914240863067
1.0081657261866002,0.00039495856984173017
1.0082137269001905,4.800071359034597e-05
1.008637945830943,0.0004242189307523958
1.0086638759888014,2.593015785845587e-05
1.0096343415489608,0.0009704655601594503
1.0096510365844984,1.669503553758389e-05
1.0097368327162923,8.579613179393597e-05
1.0097737696071114,3.693689081907259e-05
1.0098002334303933,2.6463823281863696e-05
1.0099324434309271,0.00013221000053387222
1.0099486105193354,1.6167088408236552e-05
1.0105807485529648,0.0006321380336293814
1.0107981246652047,0.00021737611223993092
1.0108685549430692,7.043027786446387e-05
1.012114080207843,0.001245525264773839
1.0123924892464427,0.0002784090385996585
1.012430978364666,3.8489118223239416e-05
1.0124972866028012,6.630823813535969e-05
1.0127827756059946,0.0002854890031933621
1.012819956870756,3.7181264761487753e-05
1.0131949469471084,0.00037499007635233284
1.013322356172445,0.00012740922533649446
1.0133360194986103,1.3663326165369583e-05
1.0133888122112538,5.2792712643467965e-05
1.013484796938072,9.598472681826564e-05
1.0135130949769426,2.829803887061111e-05
1.0135722378834178,5.914290647512921e-05
1.0139039357402437,0.0003316978568259632
1.0142826262169151,0.0003786904766713839
1.0143951656294379,0.00011253941252276078
1.0143988072889667,3.641659528819119e-06
1.0146513585536074,0.0002525512646407435
1.014897068373266,0.0002457098196586571
1.0149855449583798,8.847658511368373e-05
1.0158600145081687,0.0008744695497888699
1.0162351218398322,0.00037510733166357113
1.0163861235566527,0.0001510017168204758
1.016604910167563,0.00021878661091023766
1.0168238559763787,0.00021894580881576253
1.0168991667056673,7.531072928856908e-05
1.016899607684292,4.409786247272507e-07
1.0169934356033257,9.382791903367327e-05
1.0171026605764673,0.00010922497314158619
1.0172059654251493,0.00010330484868203982
1.0174589884916938,0.000253023066544511
1.0177284309857557,0.0002694424940619111
1.0178691752323055,0.00014074424654975104
1.01788375298054,1.4577748234545496e-05
1.0185233669904266,0.0006396140098865466
1.018591947724781,6.858073435433987e-05
1.018701037220196,0.00010908949541499346
1.0187128537469452,1.1816526749308665e-05
1.0188499129416217,0.0001370591946765476
1.018982497971123,0.00013258502950130868
1.0195669125704445,0.0005844145993214589
1.0201045021890809,0.0005375896186363693
1.0203472730497793,0.0002427708606984602
1.0205406723931139,0.00019339934333451048
1.020592558362555,5.1885969441167745e-05
1.0206857078040246,9.314944146954218e-05
1.0208794563467007,0.00019374854267617536
1.0209491307451457,6.967439844496326e-05
1.02113570152705,0.00018657078190420506
1.0213001681671496,0.00016446664009972523
1.0214022697294713,0.0001021015623217103
1.0215412356062874,0.0001389658768160551
1.0223902529611586,0.0008490173548711955
1.0235887454492354,0.0011984924880767966
1.0238912289202797,0.0003024834710443347
1.024309922926423,0.0004186940061432498
1.0245008767518808,0.00019095382545786244
1.0246391610455896,0.00013828429370876805
1.0249893083388475,0.0003501472932578853
1.0251347639701933,0.0001454556313458255
1.0251783808082973,4.361683810394368e-05
1.0252515632805497,7.318247225240881e-05
1.0253275871310676,7.602385051797e-05
1.025360612931721,3.3025800653341264e-05
1.0253777661481118,1.7153216390841663e-05
1.0254088922248095,3.112607669764067e-05
1.0255084687139249,9.957648911540495e-05
1.0256821784836891,0.0001737097697642742
1.0257116334220386,2.945493834949353e-05
1.0257331815241675,2.1548102128843283e-05
1.0260311796569999,0.00029799813283237775
1.02614422968004,0.0001130500230401843
1.0263401515287132,0.00019592184867311957
1.0264552491349315,0.00011509760621830623
1.0270361324706256,0.0005808833356941712
1.0272164681607496,0.00018033569012398942
1.0272669473532248,5.04791924751391e-05
1.0276607898154868,0.00039384246226203956
1.0277831699949997,0.00012238017951293756
1.0280665718520257,0.00028340185702591114
1.0281071759787637,4.060412673800862e-05
1.0285585540589532,0.0004513780801895795
1.0285963481007958,3.779404184256485e-05
1.0286934400776744,9.709197687857163e-05
1.0288731963842424,0.0001797563065679686
1.0291120820887245,0.0002388857044821613
1.029213385272988,0.00010130318426337936
1.029316296482278,0.00010291120929006858
1.0295527866299004,0.0002364901476223924
1.029611351588641,5.8564958740570106e-05
1.0297709635288068,0.00015961194016589353
1.030369077311751,0.0005981137829442762
1.0304836307353507,0.00011455342359956155
1.0306884555781268,0.00020482484277617452
1.0308236549427292,0.00013519936460237858
1.0308560816281063,3.2426685377062725e-05
1.0311514573072273,0.0002953756791210793
1.0314768911207877,0.0003254338135603163
1.0320366797783758,0.0005597886575881006
1.0321360450019001,9.93652235243836e-05
1.0322189582303403,8.291322844011795e-05
1.0322258322403135,6.874009973234507e-06
1.0325369418552348,0.00031110961492131217
1.0325465375845024,9.595729267619646e-06
1.0325569113291722,1.037374466972274e-05
1.0326881776878662,0.0001312663586940932
1.0328394543092347,0.00015127662136849018
1.0329965835164063,0.0001571292071715913
1.0331362326274138,0.00013964911100750044
1.033307299564811,0.00017106693739710188
1.0334140050093559,0.00010670544454494113
1.0334737100930116,5.9705083655714475e-05
1.0338489124133778,0.00037520232036625245
1.0339202860491434,7.137363576559252e-05
1.0340074982191807,8.721217003726522e-05
1.0342302660093496,0.00022276779016894288
1.034298450638856,6.81846295063071e-05
1.0346980424890497,0.0003995918501937812
1.0349079668947323,0.0002099244056825711
1.0350470113401848,0.0001390444454525408
1.035097778490208,5.076715002316767e-05
1.035221839645451,0.00012406115524288275
1.0352752295560308,5.3389910579904054e-05
1.0354499158459862,0.000174686289955428
1.0358179466673454,0.00036803082135916654
1.0358535758617802,3.5629194434783074e-05
1.0358548003869488,1.224525168597168e-06
1.0360607519320832,0.0002059515451344751
1.0364323870342735,0.00037163510219029305
1.0366626531932852,0.0002302661590116717
1.0369160538462545,0.0002534006529693045
1.037068907902553,0.00015285405629850146
1.0370696909518995,7.830493464755506e-07
1.0376336553425243,0.0005639643906247827
1.0379132116930185,0.00027955635049425887
1.038037467458404,0.00012425576538555028
1.0381750484505547,0.00013758099215066544
1.0384777313662703,0.0003026829157155575
1.038606526688216,0.0001287953219457627
1.038745309660779,0.00013878297256297856
1.038775753354337,3.044369355786891e-05
1.0389516519442654,0.0001758985899285026
1.0389521067557796,4.548115142277709e-07
1.0390229203608043,7.081360502469991e-05
1.0397953537032756,0.0007724333424712349
1.0398664742830999,7.112057982427977e-05
1.0398777603755207,1.1286092420847993e-05
1.0404507910263117,0.0005730306507909511
1.0405581453141632,0.00010735428785157985
1.0406686528088085,0.00011050749464525111
1.040705795869673,3.714306086455288e-05
1.0408269184621373,0.00012112259246421786
1.0409137146514194,8.67961892820901e-05
1.041277261026732,0.0003635463753126622
1.0422279651940138,0.0009507041672818239
1.0425106726535713,0.0002827074595574963
1.0426815165741536,0.00017084392058230868
1.042939489390208,0.0002579728160543304
1.0429450667763607,5.577386152699759e-06
1.043012762732909,6.76959565484303e-05
1.0430734425915549,6.067985864577352e-05
1.0430742438685134,8.012769585619139e-07
1.0433171644908736,0.00024292062236019873
1.0433313794170778,1.4214926204125788e-05
1.043376869439524,4.5490022446248446e-05
1.0436279904906083,0.00025112105108426874
1.0437850202046375,0.00015702971402919985
1.0445643782166312,0.0007793580119936916
1.0449700191838227,0.000405640967191534
1.0457206957824396,0.0007506765986169395
1.0457206957824396,0.0
1.04573231267319,1.1616890750243414e-05
1.0459983465106597,0.00026603383746981457
1.0460023098509794,3.963340319712572e-06
1.0466427999974937,0.0006404901465142387
1.0468151107652397,0.00017231076774604226
1.0469551075547017,0.00013999678946197136
1.0472301224319207,0.0002750148772190375
1.0472530396797615,2.2917247840759103e-05
1.0473647353156785,0.000111695635917064
1.0473893318888619,2.459657318332198e-05
1.0474299403717169,4.060848285503127e-05
1.0477100599097082,0.00028011953799134126
1.0478320425464847,0.00012198263677642984
1.0480895997592967,0.0002575572128120651
1.0484349207895196,0.0003453210302228893
1.0484882964194415,5.337562992191458e-05
1.0486710671760524,0.00018277075661088382
1.0486903864500101,1.9319273957707495e-05
1.0488037077014973,0.0001133212514872195
1.0488530980331334,4.939033163608997e-05
1.049040229876332,0.00018713184319851806
1.049143657364729,0.00010342748839708982
1.0492348969821594,9.123961743040532e-05
1.049280402047096,4.550506493661288e-05
1.0493196092551254,3.9207208029301555e-05
1.0494850719895268,0.00016546273440143366
1.049628882349449,0.00014381035992228064
1.0497142008479885,8.531849853943285e-05
1.0499882995558385,0.00027409870785000123
1.0500998583417067,0.00011155878586821544
1.0502545837669293,0.00015472542522254606
1.0502677428741147,1.3159107185467533e-05
1.0502806850637483,1.2942189633546874e-05
1.0505306388625981,0.0002499537988498446
1.050828254624264,0.00029761576166587034
1.050909765364038,8.151073977402667e-05
1.0510148922915898,0.00010512692755182407
1.0511244363832983,0.00010954409170849111
1.0512259355292533,0.00010149914595491971
1.0517121329148122,0.00048619738555899517
1.052055302184938,0.0003431692701256761
1.0521606953431974,0.00010539315825952578
1.0529880316999576,0.0008273363567601333
1.0529999002112527,1.1868511295087814e-05
1.0531480865146439,0.00014818630339119565
1.0531503314791986,2.2449645546984698e-06
1.0533570963579206,0.0002067648787220655
1.0537034628896906,0.00034636653177000376
1.0543435855273489,0.0006401226376582247
1.0544880806921264,0.0001444951647775472
1.0546005395153644,0.00011245882323795975
1.0549436194204935,0.0003430799051291622
1.0550074402912195,6.382087072598353e-05
1.055362750444833,0.0003553101536135639
1.0553705165559035,7.766111070450776e-06
1.055767116728213,0.0003966001723094692
1.0558307703521579,6.36536239448926e-05
1.0559009795818792,7.02092297213408e-05
1.056127911366812,0.00022693178493282673
1.0562070927020215,7.918133520945503e-05
1.056282540569704,7.544786768254319e-05
1.0562988064218706,1.6265852166519323e-05
1.0566302686244338,0.00033146220256319303
1.0566509599866956,2.0691362261793245e-05
1.0567191490092935,6.818902259797532e-05
1.056834628130336,0.00011547912104248326
1.0570472250575342,0.00021259692719821643
1.0571704972486056,0.00012327219107133303
1.057198319021373,2.7821772767389064e-05
1.057476709557038,0.0002783905356651406
1.0579306180132402,0.000453908456202079
1.0581361193517766,0.00020550133853647345
1.0581433181099784,7.1987582017651874e-06
1.0581672321271682,2.3914017189818892e-05
1.0582950264323623,0.0001277943051940511
1.0584193061771265,0.00012427974476425518
1.05852711315813,0.00010780698100343322
1.0585439871007896,1.6873942659589858e-05
1.0585513158460655,7.328745275980708e-06
1.0588828432115214,0.0003315273654558304
1.0591002630735447,0.00021741986202328256
1.0591930472400362,9.278416649149968e-05
1.0593418672810624,0.00014882004102623192
1.0594094897106137,6.762242955127284e-05
1.0595144977163706,0.000105008005756968
1.0598122411888795,0.00029774347250888233
1.0599391392360713,0.00012689804719179243
1.0599397424596315,6.032235602138059e-07
1.0600560938883954,0.00011635142876387228
1.0600633845897607,7.290701365292307e-06
1.0601597560722742,9.637148251351313e-05
1.0604662191566465,0.0003064630843723215
1.0608774790475846,0.0004112598909380427
1.060922696746406,4.521769882148696e-05
1.0609801034831194,5.740673671339458e-05
1.061002529579735,2.2426096615513202e-05
1.0611445832043527,0.00014205362461772175
1.0613916066151152,0.00024702341076254797
1.0614280935194933,3.648690437807467e-05
1.0617902388891214,0.0003621453696280863
1.061865873210673,7.563432155155425e-05
1.0618994270923938,3.355388172088247e-05
1.0619074687793773,8.041686983428775e-06
1.062055346729812,0.00014787795043469387
1.0621000963171054,4.47495872935022e-05
1.0621532700023295,5.317368522406163e-05
1.06220073769015,4.746768782060151e-05
1.0623120168202944,0.0001112791301443039
1.0626499794921354,0.0003379626718409412
1.0627793229770135,0.00012934348487814162
1.062806380473324,2.7057496310600726e-05
1.0629645338721123,0.00015815339878821888
1.0630366897333186,7.215586120623563e-05
1.063528739408813,0.0004920496754945436
1.0637337516029024,0.0002050121940893046
1.0641092439657542,0.00037549236285183696
1.0642267259021256,0.0001174819363713997
1.064754439680496,0.0005277137783703534
1.0647778261737362,2.3386493240185047e-05
1.0649038280024172,0.00012600182868105492
1.0649174142972184,1.3586294801193333e-05
1.06498619072408,6.877642686164975e-05
1.0650714658023308,8.527507825073499e-05
1.0652579824178876,0.00018651661555679766
1.0653644590029556,0.00010647658506801605
1.065537804960719,0.00017334595776330453
1.065551589366332,1.3784405613170847e-05
1.0658664135508376,0.0003148241845054578
1.065942155746255,7.574219541739424e-05
1.0660554756443694,0.0001133198981144723
1.066194983133219,0.0001395074888494996
1.066370346650953,0.0001753635177341728
1.0667004560612572,0.00033010941030409136
1.066864880466353,0.0001644244050957866
1.0669394643969738,7.45839306208751e-05
1.0671133044574628,0.00017384006048892786
1.0673453501573094,0.00023204569984658363
1.0673816786539028,3.632849659340742e-05
1.0678353391849833,0.0004536605310805353
1.0679233706666666,8.803148168334829e-05
1.0679783742696765,5.500360300980667e-05
1.068339114941638,0.000360740671961457
1.0683511902971303,1.2075355492413564e-05
1.0684883492361261,0.00013715893899579612
1.0685185478410681,3.01986049420222e-05
1.0688547085715916,0.0003361607305234493
1.068934764614527,8.005604293548352e-05
1.0693093671998515,0.0003746025853244017
1.0695552503005215,0.00024588310066997465
1.0698519402387645,0.00029668993824305545
1.0700405352309101,0.0001885949921456298
1.0700747978664704,3.42626355602782e-05
1.0704660118535967,0.000391213987126271
1.070550602479906,8.459062630938874e-05
1.0706642403628377,0.00011363788293161647
1.0708890586506812,0.00022481828784348679
1.0714215909891345,0.0005325323384532954
1.0716322947063304,0.00021070371719589254
1.0716361255726297,3.8308662992925235e-06
1.0717771418438884,0.0001410162712587315
1.0720216463353236,0.0002445044914352046
1.0720630389614585,4.139262613489514e-05
1.0720999464722023,3.6907510743811045e-05
1.0721301994932124,3.0253021010118175e-05
1.072507130094352,0.0003769306011396356
1.072536435479502,2.930538514989145e-05
1.072592598885291,5.6163405788955956e-05
1.072882159556981,0.00028956067169016997
1.0728926566162993,1.0497059318215207e-05
1.072902158408467,9.501792167743162e-06
1.072907572451458,5.414042991036538e-06
1.073083132865095,0.00017556041363686603
1.0731427218271936,5.958896209867781e-05
1.0731690908620286,2.636903483499431e-05
1.07333320940745,0.0001641185454213101
1.0733738432653777,4.063385792774099e-05
1.073404493584522,3.065031914428751e-05
1.0736955138386204,0.0002910202540984397
1.0737202326194304,2.471878081000689e-05
1.073777764701009,5.75320815785485e-05
1.0737856731221782,7.908421169267044e-06
1.0739851254109796,0.00019945228880136057
1.0740904235541864,0.00010529814320681119
1.0742388628298678,0.00014843927568142234
1.0744147495701988,0.00017588674033097718
1.0744512242879183,3.64747177195035e-05
1.074474971394738,2.3747106819627106e-05
1.074474971394738,0.0
1.0745112303475373,3.625895279935065e-05
1.0745687915880398,5.756124050249056e-05
1.0747420604298643,0.0001732688418245587
1.0748408767254027,9.881629553842863e-05
1.0748918429401562,5.096621475342289e-05
1.0748919644372263,1.2149707018238587e-07
1.0748930985644765,1.1341272501130817e-06
1.0750548030398306,0.00016170447535412968
1.0754682706930323,0.00041346765320171563
1.0755666488656699,9.837817263758097e-05
1.07563888425626,7.22353905902029e-05
1.0757029184486961,6.403419243605768e-05
1.075774796634046,7.187818534992729e-05
1.0759471056931824,0.0001723090591363441
1.0760894220386659,0.00014231634548345085
1.0766900538038862,0.0006006317652202942
1.07674372195837,5.366815448382134e-05
1.0770141741166441,0.00027045215827414815
1.077260596042171,0.00024642192552692954
1.0772742345015178,1.363845934676533e-05
1.0774867664339696,0.00021253193245174273
1.0776254568552277,0.00013869042125813635
1.0776617699520201,3.6313096792417454e-05
1.0778002007549543,0.0001384308029341863
1.078109040043397,0.00030883928844271935
1.0782338952886128,0.0001248552452157714
1.0783150245288362,8.112924022340984e-05
1.0785241414412985,0.0002091169124622816
1.0787505339663337,0.00022639252503520169
1.0787583271937506,7.79322741695232e-06
1.078841890935302,8.356374155127355e-05
1.0792098985044045,0.0003680075691026019
1.0792307041986116,2.0805694207037817e-05
1.0794244183738568,0.00019371417524527423
1.0795400686663534,0.00011565029249660519
1.0799752792283224,0.00043521056196893504
1.0801183510838666,0.00014307185554418567
1.0801462281364638,2.7877052597213847e-05
1.0803199435310515,0.00017371539458777008
1.0804499465061694,0.00013000297511789327
1.0805972163630861,0.00014726985691670968
1.0807639664726765,0.0001667501095903301
1.081036904846598,0.0002729383739215052
1.0810667003550087,2.9795508410757066e-05
1.081309776435858,0.00024307608084916943
1.081382023208655,7.224677279715763e-05
1.0815416021292479,0.00015957892059281775
1.0816043435239047,6.274139465678452e-05
1.081706624799663,0.00010228127575828694
1.0817843727496024,7.77479499394218e-05
1.0819720299710829,0.00018765722148050834
1.0823734259147144,0.00040139594363153286
1.0825316645160072,0.00015823860129282608
1.0826762654485012,0.00014460093249391015
1.0827352606072485,5.8995158747299214e-05
1.0828744677916267,0.00013920718437820945
1.083028555827857,0.0001540880362302932
1.0832181674537331,0.00018961162587616265
1.0832811511371205,6.298368338741867e-05
1.0833111720132618,3.002087614123461e-05
1.083423969859728,0.00011279784646633928
1.0834422655006035,1.8295640875409802e-05
1.0834434444171919,1.178916588351342e-06
1.0835521318409167,0.0001086874237248292
1.083642613320751,9.048147983437005e-05
1.0836695901355113,2.697681476027114e-05
1.0838283460009592,0.00015875586544789044
1.0839933273291515,0.00016498132819231515
1.0840500592176825,5.673188853094757e-05
1.0840570382722605,6.979054578026833e-06
1.0840641824062214,7.144133960856891e-06
1.0843132159458178,0.0002490335395963772
1.0844365623222703,0.00012334637645250446
1.0846174024329867,0.00018084011071639594
1.0846467549192427,2.935248625601794e-05
1.0847425832906676,9.582837142496636e-05
1.0848512004978943,0.0001086172072266578
1.0852138852618387,0.00036268476394440974
1.0855427668418638,0.0003288815800250866
1.085701556280779,0.00015878943891523
1.0858557097145076,0.0001541534337285988
1.0860656003037497,0.0002098905892420344
1.0860688068845263,3.206580776682344e-06
1.0861582306910775,8.942380655119209e-05
1.0862065429118732,4.831222079570985e-05
1.0863316293110858,0.0001250863992126039
1.0863606468983225,2.901758723661274e-05
1.0864910315935759,0.0001303846952533938
1.0865054311929734,1.4399599397529883e-05
1.0865342585402367,2.8827347263282732e-05
1.0866876011078763,0.00015334256763965826
1.0868197745007209,0.00013217339284454788
1.0870584635766734,0.00023868907595248068
1.0870729806513668,1.4517074693465304e-05
1.0871476626327585,7.4681981391711e-05
1.0871825846542194,3.49220214608259e-05
1.087193119170953,1.0534516733606836e-05
1.087517367575244,0.00032424840429112756
1.087906454378755,0.00038908680351101843
1.0880165831048865,0.00011012872613136437
1.0881327957598752,0.00011621265498873434
1.0881673650386445,3.456927876932525e-05
1.088243693243321,7.632820467651236e-05
1.0883349977537826,9.130451046157617e-05
1.0885218820096088,0.00018688425582613633
1.0887833190363998,0.00026143702679104486
1.088889971747419,0.00010665271101917284
1.08897346424831,8.349250089101368e-05
1.0891223834588002,0.00014891921049020596
1.08930632857168,0.00018394511287977977
1.0893665188190793,6.019024739933876e-05
1.0894834578668326,0.00011693904775333941
1.0896314465738621,0.0001479887070294783
1.0896664155420928,3.496896823063089e-05
1.0900145116477693,0.00034809610567654303
1.0901193179679622,0.00010480632019294056
1.0902312935264253,0.00011197555846309548
1.0903514742726266,0.0001201807462012372
1.0904814014391173,0.00012992716649073976
1.09049262510494,1.122366582273493e-05
1.0905814420511335,8.881694619344849e-05
1.0907085574703574,0.00012711541922394431
1.090805756410927,9.719894056958722e-05
1.0910518104450846,0.0002460540341575612
1.0910887339008128,3.692345572825495e-05
1.091116965225903,2.823132509011117e-05
1.0911228892728322,5.924046929228766e-06
1.0914204176853388,0.0002975284125066313
1.0916021958523845,0.0001817781670456764
1.0916630688379372,6.087298555268461e-05
1.0916984747177418,3.540587980466192e-05
1.09203385963624,0.00033538491849816054
1.0921005034697024,6.664383346244307e-05
1.0922188072512093,0.00011830378150690102
1.0922234138489415,4.606597732159656e-06
1.0922914908575798,6.807700863831201e-05
1.0923020132010899,1.0522343510066534e-05
1.0923040298411955,2.016640105573231e-06
1.0924834737936024,0.00017944395240698796
1.0926481989742136,0.00016472518061116936
1.0926534205601495,5.221585935855089e-06
1.0927195515650614,6.613100491192903e-05
1.09310185611443,0.0003823045493684951
1.0931112604877458,9.404373315868853e-06
1.0933154173796447,0.00020415689189889896
1.0937428677820198,0.0004274504023751291
1.0944332052293848,0.0006903374473650192
1.0946709332947477,0.0002377280653629299
1.095012851184129,0.00034191788938131573
1.095135417721483,0.00012256653735387424
1.0951854669587262,5.0049237243277034e-05
1.0952986993269282,0.00011323236820204308
1.0953352964009746,3.659707404635171e-05
1.0954434984869543,0.00010820208597972503
1.095463088944472,1.9590457517759674e-05
1.0955350414395297,7.195249505764778e-05
1.0955368353825718,1.7939430421165525e-06
1.0955700876806238,3.325229805195562e-05
1.0955745218023674,4.434121743557284e-06
1.0956826958065817,0.00010817400421436751
1.0958116011462906,0.00012890533970888463
1.0959889442589796,0.00017734311268902125
1.0962694617774942,0.00028051751851454476
1.0963366054607055,6.71436832113681e-05
1.0966609918061188,0.0003243863454132079
1.0972346276900655,0.0005736358839467659
1.0972587883975546,2.416070748911814e-05
1.0973710354930828,0.00011224709552815071
1.0974808248949595,0.00010978940187666986
1.0976885004696395,0.00020767557468004405
1.097746843483441,5.834301380147622e-05
1.0977590124990488,1.216901560785466e-05
1.0978160778863066,5.706538725780419e-05
1.097853541728883,3.746384257641289e-05
1.0979445145831392,9.097285425618828e-05
1.098449016896467,0.0005045023133276594
1.098493915484113,4.489858764600285e-05
1.0985452576234542,5.134213934132603e-05
1.0985548788560484,9.62123259418135e-06
1.0986913824135847,0.00013650355753624943
1.0988926941783634,0.00020131176477877766
1.0989711056714093,7.841149304588235e-05
1.0992081091686605,0.00023700349725119807
1.0997699560412952,0.0005618468726347192
1.1003674984271765,0.0005975423858812778
1.1005515673141333,0.00018406888695676749
1.1006818224089263,0.00013025509479303032
1.100946023724755,0.000264201315828716
1.101085243854027,0.00013922012927203298
1.1010900400623584,4.79620833138128e-06
1.101196959791333,0.00010691972897447499
1.1012037653972284,6.805605895499056e-06
1.1014591414129924,0.00025537601576397506
1.1014805052169694,2.1363803976992557e-05
1.1017292628655664,0.0002487576485969978
1.1019629224559806,0.0002336595904142147
1.1019727287743353,9.806318354677046e-06
1.1021688631578808,0.00019613438354548762
1.1022112306860095,4.236752812869504e-05
1.1023847028675335,0.0001734721815240814
1.1024188663208192,3.4163453285662726e-05
1.1026615046279624,0.000242638307143217
1.1031969508669461,0.0005354462389837167
1.1032344066135051,3.745574655900086e-05
1.1032651482259204,3.0741612415230435e-05
1.1032907368417169,2.558861579649019e-05
1.1033377884522224,4.7051610505555175e-05
1.1034754468079495,0.0001376583557270994
1.103657719850214,0.00018227304226448027
1.1037490843461042,9.136449589020046e-05
1.103818984700732,6.990035462783872e-05
1.1043287123821042,0.0005097276813721408
1.1047188320490546,0.0003901196669504614
1.1052085734751378,0.0004897414260831567
1.105237943129244,2.936965410627046e-05
1.105349423981899,0.0001114808526549993
1.1053936153849617,4.419140306266556e-05
1.1054915172373794,9.790185241764782e-05
1.1055312380977727,3.972086039327749e-05
1.105923042868659,0.00039180477088640586
1.1061986923479918,0.0002756494793327846
1.1065173457257556,0.0003186533777637113
1.1065832337378403,6.588801208473605e-05
1.1066726712978503,8.943756001000835e-05
1.1066930310508698,2.0359753019505433e-05
1.106703207014819,1.0175963949254907e-05
1.1068647221601124,0.0001615151452933894
1.106928296857263,6.357469715045916e-05
1.1069844051467899,5.610828952695712e-05
1.107011048127562,2.6642980772040303e-05
1.1070704012270594,5.9353099497450046e-05
1.1070961720406862,2.5770813626868616e-05
1.1076849991820121,0.0005888271413259094
1.1077801792534925,9.518007148034968e-05
1.1078053118305813,2.5132577088804453e-05
1.1078750385347798,6.972670419846949e-05
1.1079708273628757,9.578882809591072e-05
1.108002797400727,3.197003785126995e-05
1.108141517462245,0.00013872006151816052
1.108147750812959,6.233350713813479e-06
1.1081963036008242,4.8552787865308034e-05
1.1083564610715109,0.00016015747068665043
1.1084724289745336,0.00011596790302270676
1.1087554223469722,0.00028299337243864464
1.1087805075593753,2.5085212403075374e-05
1.1088877099252425,0.00010720236586725385
1.1089067381281024,1.9028202859816545e-05
1.1089382159460022,3.1477817899805416e-05
1.1093691571885018,0.0004309412424996495
1.1094027921895506,3.3635001048804014e-05
1.1095467139509614,0.00014392176141075907
1.1099851336125905,0.00043841966162916357
1.1101489841331342,0.00016385052054368465
1.11020283307726,5.3848944125745035e-05
1.1102620820998463,5.924902258636067e-05
1.110373988829132,0.00011190672928562684
1.1103819204030165,7.931573884567555e-06
1.110667695814345,0.00028577541132857043
1.11078743293653,0.00011973712218482646
1.110789759431317,2.326494787041611e-06
1.1110709064822497,0.0002811470509327396
1.1112406426347408,0.00016973615249105123
1.1113528466833917,0.00011220404865097677
1.1115656076258547,0.00021276094246291954
1.1118086169697003,0.0002430093438456904
1.1120355367591752,0.00022691978947486646
1.112306041910998,0.00027050515182280854
1.1126271825071472,0.0003211405961491831
1.1126299586810469,2.776173899654566e-06
1.112718493271225,8.853459017821308e-05
1.1127592642618216,4.077099059651701e-05
1.1128660613023005,0.00010679704047888983
1.1130051172771769,0.00013905597487640087
1.113142027184838,0.00013690990766113131
1.1131634136750364,2.1386490198338493e-05
1.113314806219974,0.0001513925449376785
1.113502624679699,0.00018781845972504208
1.1137698906439089,0.0002672659642097841
1.1137914645440732,2.157390016432892e-05
1.1141572795992754,0.0003658150552021677
1.1142368536602314,7.957406095604469e-05
1.114303550837697,6.669717746565773e-05
1.1145192164710345,0.00021566563333741406
1.1146132446745867,9.402820355219887e-05
1.1146166803602346,3.4356856479789144e-06
1.1152299665091734,0.0006132861489387409
1.115279479704642,4.951319546853128e-05
1.1153469580554352,6.74783507932375e-05
1.1154114982968082,6.454024137303449e-05
1.1154223068278888,1.0808531080597206e-05
1.1155509717777596,0.0001286649498708492
1.1156574744741687,0.00010650269640910537
1.1157323614378638,7.488696369506442e-05
1.115789658619007,5.729718114322324e-05
1.1160621211672117,0.0002724625482046772
1.1163472543158721,0.0002851331486604103
1.1164205563724279,7.330205655575739e-05
1.1165647984943086,0.00014424212188068886
1.1166060269728522,4.12284785435979e-05
1.1166839950309169,7.796805806470353e-05
1.1170133192447809,0.0003293242138640018
1.1172769890002703,0.0002636697554894152
1.1174834476780648,0.00020645867779456317
1.117533726894458,5.027921639322308e-05
1.1177338535828776,0.00020012668841951076
1.1177650785236914,3.122494081386762e-05
1.1177933036593692,2.8225135677795166e-05
1.1179870394738693,0.00019373581450010668
1.118057382528446,7.034305457676027e-05
1.11821487890001,0.00015749637156381446
1.1182568375403346,4.1958640324635255e-05
1.1182969391285063,4.0101588171692626e-05
1.1184533367239888,0.00015639759548258247
1.1186463839861684,0.0001930472621796131
1.118894870725159,0.00024848673899047213
1.1191111332031751,0.0002162624780162048
1.1191139645395216,2.8313363464871344e-06
1.1193789154625022,0.0002649509229806224
1.1196030944948188,0.00022417903231652936
1.1198822337625183,0.00027913926769951303
1.1199263451651786,4.411140266036284e-05
1.1202651286590222,0.0003387834938435308
1.1205836956687902,0.00031856700976806707
1.1213986062916352,0.0008149106228449998
1.1214408433543908,4.2237062755523525e-05
1.1214926814648933,5.1838110502577806e-05
1.1216051418540864,0.00011246038919310308
1.1216834362005481,7.829434646167144e-05
1.1217204167817725,3.6980581224366205e-05
1.1217520538785142,3.163709674169901e-05
1.121802283031588,5.02291530737331e-05
1.1218771441286104,7.486109702248278e-05
1.1222948443883474,0.000417700259736975
1.1223519655187275,5.7121130380144436e-05
1.1223704263384402,1.846081971268454e-05
1.1225130081789432,0.0001425818405029755
1.1225187068711087,5.698692165490016e-06
1.1225439996921014,2.5292820992728338e-05
1.1226574333631887,0.00011343367108729296
1.1227479578215287,9.052445834001333e-05
1.1227579232762683,9.965454739635504e-06
1.1230408855711975,0.0002829622949291899
1.1231273153343042,8.642976310668793e-05
1.123174603730496,4.728839619172476e-05
1.123185156034004,1.0552303508104544e-05
1.123403683316353,0.00021852728234894592
1.1234051838407035,1.5005243505505916e-06
1.1236057421516823,0.0002005583109787601
1.1236600100785554,5.4267926873130534e-05
1.1239123217118256,0.0002523116332702191
1.1239574824017338,4.516068990811917e-05
1.1240435909017379,8.610850000412285e-05
1.1240556658473255,1.2074945587636776e-05
1.1243384854453418,0.00028281959801623735
1.1247797577718248,0.00044127232648305537
1.1249107034966477,0.00013094572482286182
1.125079165533165,0.00016846203651721403
1.1251753675926237,9.620205945881644e-05
1.1252838782048658,0.00010851061224204095
1.1253117107111124,2.7832506246605604e-05
1.1253557840084563,4.407329734390508e-05
1.125534713367698,0.00017892935924179731
1.1255655561239581,3.084275626008548e-05
1.1255963206072483,3.0764483290202094e-05
1.1256224901224205,2.6169515172203006e-05
1.125628466372822,5.976250401440453e-06
1.1257969738139855,0.00016850744116347904
1.1258601730901747,6.319927618925192e-05
1.125863485687509,3.3125973342151838e-06
1.126095893493363,0.00023240780585398468
1.1261124722902816,1.657879691863151e-05
1.1262210180459837,0.00010854575570218294
1.1265909569029464,0.0003699388569626816
1.1267762030204602,0.00018524611751380426
1.12689418998769,0.00011798696722986612
1.1269045879942945,1.0398006604406262e-05
1.1269292489225737,2.4660928279240935e-05
1.1272942146447278,0.00036496572215405365
1.1273900920054851,9.587736075733488e-05
1.1274317859382335,4.169393274833233e-05
1.1275989342715054,0.00016714833327191592
1.1276103399804476,1.1405708942202608e-05
1.1276349699021613,2.4629921713703595e-05
1.1276740877158968,3.911781373555634e-05
1.1279501455681937,0.00027605785229689594
1.1279665034108721,1.6357842678393908e-05
1.1281759003724199,0.00020939696154775866
1.1284815158908172,0.0003056155183973619
1.1287688653276617,0.0002873494368444973
1.1290352907433718,0.00026642541571009204
1.1290625307534536,2.7240010081808208e-05
1.1291080559330828,4.5525179629191115e-05
1.1291503487058328,4.229277274991894e-05
1.1294468604034393,0.0002965116976065829
1.129644123571493,0.00019726316805357413
1.1297128854751146,6.876190362170576e-05
1.1297311059381419,1.8220463027240896e-05
1.1297421305501005,1.1024611958676545e-05
1.1298146523059083,7.252175580774178e-05
1.1299868178406771,0.00017216553476884222
1.1300545019782042,6.768413752711311e-05
1.130280831618906,0.0002263296407016835
1.1303534779385702,7.264631966430457e-05
1.1303683002033964,1.4822264826186426e-05
1.1305641237485664,0.0001958235451700041
1.1306750394836036,0.00011091573503718699
1.130785057395966,0.00011001791236231462
1.1309065518920438,0.00012149449607790075
1.1309631131010662,5.656120902242101e-05
1.131327912625773,0.00036479952470669375
1.1313864132990161,5.8500673243200296e-05
1.1314927117502098,0.00010629845119369818
1.131732138581027,0.00023942683081723537
1.132110636994662,0.00037849841363502
1.1324116606383963,0.00030102364373418844
1.1326039344061927,0.0001922737677964026
1.1326818288234406,7.789441724792567e-05
1.1329386919288613,0.00025686310542072377
1.1332171140540601,0.00027842212519879617
1.1332519831662542,3.486911219408029e-05
1.1333120249622592,6.004179600505033e-05
1.1334149818566057,0.00010295689434647315
1.1335396459195028,0.0001246640628971285
1.1335839159747065,4.4270055203687875e-05
1.1335893313899343,5.415415227805198e-06
1.1338487238215391,0.0002593924316047769
1.1339299628930954,8.123907155632715e-05
1.134198276888135,0.00026831399503945974
1.1343619097157867,0.00016363282765174958
1.1346887332007012,0.00032682348491452906
1.1346989603523772,1.0227151675978874e-05
1.135010001235477,0.00031104088309974465
1.1350416178041602,3.1616568683334734e-05
1.1355591376677603,0.0005175198636000466
1.1359783471226865,0.0004192094549262393
1.1360793511744736,0.00010100405178703475
1.1361509568121633,7.160563768970896e-05
1.1363057563374732,0.00015479952530994545
1.1365175855643759,0.00021182922690266004
1.1365690824335324,5.149686915650875e-05
1.1367198559808958,0.0001507735473633698
1.136818670815111,9.881483421514403e-05
1.1368202727554813,1.6019403703548818e-06
1.1369195180568243,9.924530134308718e-05
1.1370098555478179,9.033749099351951e-05
1.1370436843020062,3.382875418833642e-05
1.1370990290073821,5.534470537593705e-05
1.1371576466283777,5.861762099557133e-05
1.1373619904632337,0.00020434383485601337
1.13740021973258,3.822926934637927e-05
1.1375000882965682,9.986856398813693e-05
1.1377149951233754,0.00021490682680713746
1.137918890682679,0.0002038955593035574
1.1380005874416304,8.16967589514217e-05
1.1380063704134298,5.782971799428438e-06
1.1381098379868868,0.00010346757345702784
1.1381415462553623,3.170826847553876e-05
1.1382436258057667,0.00010207955040431038
1.1382986558543127,5.503004854601201e-05
1.1383562955332522,5.763967893956945e-05
1.1384140053794112,5.7709846158937594e-05
1.1384669072658498,5.290188643858329e-05
1.138514721078486,4.7813812636299247e-05
1.138582917751375,6.819667288904263e-05
1.138627336112798,4.441836142299316e-05
1.1393835092300497,0.000756173117251624
1.139394802969866,1.1293739816231607e-05
1.1395908937756127,0.00019609080574678472
1.1398134422629418,0.00022254848732905508
1.1400292169948492,0.00021577473190736995
1.140251900600391,0.0002226836055418957
1.140410481704883,0.0001585811044919616
1.1404973939494158,8.691224453283297e-05
1.1409252198017246,0.0004278258523087164
1.1409444317167214,1.9211914996875024e-05
1.1410057873947503,6.135567802889597e-05
1.141006182089147,3.946943967214622e-07
1.141203662233491,0.0001974801443438423
1.141472853347916,0.00026919111442502697
1.1416059957477376,0.00013314239982165077
1.1417886425663906,0.00018264681865298726
1.1418625611844344,7.391861804384448e-05
1.1423023903505445,0.00043982916611007283
1.1423065974093194,4.207058774907679e-06
1.1423361392553066,2.9541845987246518e-05
1.1425766129219328,0.00024047366662616199
1.142733343593007,0.00015673067107413452
1.1427477550167844,1.4411423777449528e-05
1.1428368206431037,8.90656263192735e-05
1.1428691426371498,3.232199404612501e-05
1.14295938390507,9.024126792023246e-05
1.1431175526163533,0.0001581687112832686
1.143212502840274,9.495022392069785e-05
1.1434383047603722,0.0002258019200982453
1.1435229907704527,8.468601008049248e-05
1.143542556044686,1.9565274233190877e-05
1.1436863791342948,0.00014382308960891876
1.1439186637579457,0.0002322846236508802
1.1441921545658371,0.0002734908078914078
1.144368318020523,0.0001761634546859625
1.1445320762812885,0.0001637582607654231
1.1445530769584011,2.100067711263698e-05
1.1446315241497873,7.844719138616618e-05
1.14478946069695,0.0001579365471626737
1.1450862564109154,0.0002967957139654587
1.145153744715386,6.748830447045329e-05
1.1452573868797133,0.00010364216432745543
1.1456019243665925,0.0003445374868791262
1.145644445098915,4.252073232247078e-05
1.14586676323087,0.0002223181319549461
1.1458813150464702,1.4551815600283291e-05
1.1458899890189267,8.673972456518797e-06
1.1459371593074272,4.717028850054206e-05
1.1459832450723246,4.6085764897396686e-05
1.1462060509946461,0.00022280592232148955
1.1462285371709475,2.2486176301406147e-05
1.1462299561400127,1.4189690651367215e-06
1.1462772424324819,4.7286292469195246e-05
1.1463070012683834,2.975883590150552e-05
1.146438075408423,0.00013107414003954432
1.146502444329617,6.436892119410231e-05
1.1465488837447408,4.643941512383343e-05
1.1465843835226146,3.54997778737598e-05
1.1465955877191034,1.1204196488812102e-05
1.1466185579071584,2.297018805497153e-05
1.1466557348288706,3.717692171223419e-05
1.1468925520727618,0.0002368172438911298
1.1470580929000327,0.000165540827270938
1.1470681776115956,1.0084711562940996e-05
1.147226828771292,0.00015865115969626586
1.1473978805565501,0.00017105178525822495
1.147444778911035,4.689835448479229e-05
1.147485646483285,4.086757225008064e-05
1.1474997040618802,1.4057578595183529e-05
1.147604286245429,0.000104582183548807
1.147611764670146,7.478424717044518e-06
1.1479223142913257,0.0003105496211797121
1.1480432967708287,0.00012098247950298457
1.1481226417412482,7.934497041950372e-05
1.1485158024214686,0.000393160680220328
1.1485287550411554,1.2952619686812383e-05
1.1487117989041817,0.00018304386302636644
1.1487216112862018,9.812382020024657e-06
1.1490495732453578,0.0003279619591560756
1.1490816907897552,3.21175443973587e-05
1.1490842124250145,2.5216352592671853e-06
1.1491150996099664,3.088718495192211e-05
1.1494280211010557,0.0003129214910893019
1.1495404777187073,0.00011245661765157955
1.1495629513304104,2.2473611703155427e-05
1.1498709058978167,0.0003079545674062878
1.1499940933060895,0.00012318740827277352
1.1500611608056286,6.706749953910851e-05
1.1502490034370005,0.00018784263137194834
1.1503245831059619,7.557966896132307e-05
1.1503732795774082,4.869647144634115e-05
1.150542294840303,0.0001690152628948116
1.1507492286297203,0.00020693378941727403
1.150770272055123,2.1043425402655913e-05
1.1508377401108723,6.746805574930903e-05
1.150849890220097,1.2150109224728922e-05
1.1508793665384667,2.9476318369692223e-05
1.1514060998609634,0.000526733322496753
1.1516241952531399,0.0002180953921764317
1.1517764460247268,0.00015225077158698141
1.1518456041074268,6.915808269991608e-05
1.1520172144500038,0.00017161034257706653
1.1521325779980265,0.00011536354802266224
1.1521573358260415,2.475782801503179e-05
1.1523114429590648,0.000154107133023329
1.152539034708675,0.0002275917496101787
1.1526152901460545,7.625543737943552e-05
1.1528627491348955,0.0002474589888410428
1.1528884432015887,2.5694066693171536e-05
1.1531373844876875,0.00024894128609886934
1.1532493534109136,0.000111968923226069
1.1533202647010552,7.091129014158426e-05
1.1535667584904916,0.0002464937894364194
1.153832399869193,0.0002656413787014422
1.1543658570225281,0.0005334571533350818
1.154586585637371,0.00022072861484279116
1.1548674236896417,0.00028083805227074876
1.1548757387156738,8.315026032157391e-06
1.1549852859597163,0.00010954724404244054
1.155409643555117,0.00042435759540082607
1.155739056623213,0.0003294130680959739
1.155744415935431,5.35931221801178e-06
1.15575350271753,9.086782098988166e-06
1.1557740424619565,2.05397444263955e-05
1.1558074359675197,3.339350556319509e-05
1.1558298109843541,2.2375016834441652e-05
1.1562118054856483,0.00038199450129416945
1.156239196003279,2.739051763067657e-05
1.1562714371020006,3.22410987216859e-05
1.1566619759249002,0.00039053882289952213
1.1567419506466148,7.997472171461517e-05
1.1567715223254202,2.9571678805462298e-05
1.1567936843140227,2.2161988602498184e-05
1.156888153820723,9.446950670022325e-05
1.1571516601548486,0.0002635063341256405
1.1572631262871251,0.00011146613227652757
1.1574862342312584,0.00022310794413327173
1.1574867793207777,5.450895192993244e-07
1.1575994402459726,0.00011266092519490734
1.1576963092659551,9.686901998251507e-05
1.157744766423841,4.845715788581728e-05
1.1578133139859075,6.854756206653434e-05
1.1581651806822928,0.00035186669638531676
1.1581771568827743,1.1976200481544907e-05
1.1586343796822207,0.00045722279944637734
1.1587798162720688,0.00014543658984811358
1.1588848486563574,0.00010503238428860584
1.1589787231022513,9.387444589381566e-05
1.1590375542570426,5.883115479132783e-05
1.159216547923058,0.00017899366601548117
1.1594064067934011,0.0001898588703430626
1.159808588263391,0.0004021814699899373
1.159935625421864,0.0001270371584729535
1.160024424571782,8.879914991788418e-05
1.160051005336847,2.6580765065009615e-05
1.1600914548439172,4.044950707027262e-05
1.1602618219199494,0.00017036707603224066
1.1603452476352887,8.342571533925813e-05
1.160419826279281,7.457864399240677e-05
1.1604203059650524,4.796857713262881e-07
1.1604794195821675,5.9113617115080785e-05
1.1606566503660671,0.0001772307838996401
1.1607519539700093,9.530360394216508e-05
1.1611051753134318,0.0003532213434225273
1.1611269126443078,2.1737330875959415e-05
1.1611410525674095,1.413992310173029e-05
1.1612221407805468,8.108821313723702e-05
1.1614014969146917,0.0001793561341449923
1.1614482130910186,4.671617632689973e-05
1.1615350316002453,8.681850922664935e-05
1.1618647775004278,0.000329745900182532
1.1619921195674088,0.00012734206698095107
1.1621746266700654,0.00018250710265665937
1.1622162851441604,4.1658474094985465e-05
1.1623615162816139,0.00014523113745346095
1.1625348687500734,0.0001733524684595089
1.1625923082613336,5.743951126024882e-05
1.1626389335313556,4.662527002197159e-05
1.1631593957033273,0.0005204621719716584
1.1631997160995884,4.032039626111761e-05
1.163485030075139,0.0002853139755505385
1.163532288401895,4.725832675611663e-05
1.1635868750112597,5.458660936463744e-05
1.1635935117131202,6.636701860518457e-06
1.1636801980126443,8.66862995241302e-05
1.1644232150632776,0.0007430170506332878
1.1647824457916545,0.000359230728376847
1.1649028251759217,0.00012037938426723294
1.1649194307750057,1.6605599084007494e-05
1.1649672312564066,4.780048140085036e-05
1.1649783839500467,1.1152693640159583e-05
1.1652814555281135,0.0003030715780667492
1.165290230104452,8.774576338632656e-06
1.1653369576626336,4.6727558181469675e-05
1.1654399608247368,0.00010300316210321014
1.1655233562015956,8.339537685886356e-05
1.1655309367586175,7.580557021880097e-06
1.165640854647696,0.00010991788907843691
1.1656737021501753,3.284750247933843e-05
1.1657867546132856,0.00011305246311033024
1.1662162670319807,0.00042951241869504386
1.1662698518114365,5.3584779455828624e-05
1.166405496864496,0.00013564505305940777
1.1666797534355702,0.0002742565710742717
1.166737133606419,5.7380170848775336e-05
1.1669979774270245,0.00026084382060553857
1.1671562141959468,0.0001582367689223485
1.1671828670177975,2.665282185065898e-05
1.1671941613827777,1.1294364980152238e-05
1.1672715071094435,7.734572666584505e-05
1.1672867250996435,1.5217990199989373e-05
1.1678687363895344,0.0005820112898908825
1.167910275094753,4.153870521861336e-05
1.1679157933174436,5.51822269057034e-06
1.167999049305068,8.32559876244865e-05
1.1683151629103437,0.00031611360527561416
1.1684219841338126,0.00010682122346894474
1.1685384503051433,0.00011646617133065362
1.1686912247198582,0.00015277441471495123
1.168750213757675,5.898903781687004e-05
1.168960408308398,0.0002101945507229086
1.1691078638044956,0.00014745549609762598
1.1692047429762276,9.687917173195615e-05
1.1697396253135337,0.0005348823373061418
1.1697822300968053,4.2604783271560365e-05
1.1699834909632194,0.00020126086641414354
1.1700687092417208,8.521827850138664e-05
1.1702666589173956,0.00019794967567476895
1.1702722541991024,5.59528170684942e-06
1.1702741628640883,1.9086649858390814e-06
1.170682678736805,0.0004085158727167304
1.1707177011133538,3.5022376548843326e-05
1.1710524711322834,0.00033477001892956437
1.17109968885043,4.721771814653053e-05
1.1711884368728604,8.874802243052926e-05
1.171374620991748,0.0001861841188874891
1.1715157324948908,0.00014111150314288778
1.1716765731994399,0.00016084070454902566
1.171795692693472,0.0001191194940322049
1.171841393270393,4.570057692099283e-05
1.1719592240794101,0.000117830809017061
1.1719880240438278,2.8799964417736135e-05
1.1720003709448226,1.234690099471969e-05
1.1720080984686745,7.727523851919216e-06
1.1720349104859256,2.6812017251076625e-05
1.1720759961819858,4.1085696060205734e-05
1.172192572260765,0.00011657607877912923
1.172307236676152,0.00011466441538710015
1.172330336837344,2.310016119189129e-05
1.1725253587884625,0.00019502195111864573
1.1725616598954118,3.630110694929911e-05
1.172571612863626,9.952968214266278e-06
1.1726586425160368,8.702965241069727e-05
1.172733813530516,7.517101447929164e-05
1.1727966194601582,6.280592964214016e-05
1.1728072351230343,1.0615662876078957e-05
1.1729958768733009,0.0001886417502665605
1.1730688396592426,7.296278594171035e-05
1.1732887515074242,0.0002199118481815976
1.1733811205204636,9.236901303943945e-05
1.173490254089894,0.00010913356943031971
1.1736332834044128,0.00014302931451881662
1.1738633816552255,0.00023009825081277135
1.1739650805434203,0.0001016988881947789
1.174090089376269,0.00012500883284860542
1.1743835693573728,0.0002934799811038502
1.174388284375412,4.715018039336272e-06
1.1755772844239367,0.0011890000485246244
1.1755797488174464,2.464393509704621e-06
1.1757094758864282,0.00012972706898173314
1.1758370681494321,0.00012759226300396165
1.1758837228507133,4.66547012811791e-05
1.1762257713803614,0.00034204852964814236
1.1763949544317842,0.00016918305142277212
1.1763952249058132,2.704740289516394e-07
1.176408652109713,1.3427203899851747e-05
1.1768390052677349,0.0004303531580218678
1.1769865941976456,0.0001475889299107358
1.1772012700915333,0.0002146758938876836
1.1772810247479164,7.975465638310197e-05
1.1773840528517967,0.00010302810388029826
1.1775525482280498,0.00016849537625307498
1.1779002193864474,0.0003476711583976222
1.1779510733811374,5.085399468995888e-05
1.1779836573088789,3.258392774152519e-05
1.1782136633019271,0.00023000599304823233
1.1784677180991756,0.000254054797248493
1.1785261517027672,5.843360359159e-05
1.1788665033744792,0.00034035167171198033
1.1789080950909534,4.1591716474220775e-05
1.1790148548529116,0.00010675976195817505
1.1790304296699106,1.5574816998986662e-05
1.1791087808111824,7.83511412718596e-05
1.1792196842368372,0.00011090342565478473
1.1795879875824506,0.000368303345613441
1.179656150133828,6.816255137742644e-05
1.1797124837915223,5.6333657694196404e-05
1.1797992728774358,8.678908591353007e-05
1.1798196747002716,2.040182283580272e-05
1.1798915998728206,7.192517254894781e-05
1.1803262655905624,0.0004346657177418667
1.1804484869791527,0.00012222138859030451
1.180449778897212,1.2919180591985935e-06
1.1807507338318384,0.00030095493462645173
1.1807539807768053,3.246944966894816e-06
1.181473724609593,0.0007197438327877226
1.1821777393012354,0.0007040146916423851
1.1822099314402543,3.219213901894946e-05
1.1826772890851425,0.00046735764488814446
1.1827018905767341,2.4601491591669244e-05
1.1827733104923817,7.141991564751926e-05
1.183031993378539,0.00025868288615726875
1.1830484355604867,1.6442181947740053e-05
1.1832624221166357,0.00021398655614901507
1.1832974307880262,3.500867139050179e-05
1.1833602679064126,6.283711838639405e-05
1.183483277492943,0.00012300958653033156
1.183873725499879,0.00039044800693610604
1.1838775520853684,3.826585489363765e-06
1.1838776124966595,6.041129108069754e-08
1.1839898596907423,0.00011224719408287065
1.1840100836084388,2.022391769651577e-05
1.1840453605726153,3.52769641764894e-05
1.1840619494255944,1.658885297906032e-05
1.1842431295071787,0.00018118008158429788
1.184448543122139,0.00020541361496029253
1.1844601374037649,1.1594281625892933e-05
1.184615453725288,0.00015531632152310237
1.1846649900493267,4.953632403870145e-05
1.1856350154263622,0.0009700253770354994
1.185643101820274,8.086393911810319e-06
1.1857306325586079,8.753073833389635e-05
1.186011541791267,0.0002809092326592211
1.1860869898214874,7.544803022030422e-05
1.1862344362005615,0.00014744637907404545
1.1864619855261025,0.00022754932554103213
1.1864783221601558,1.6336634053315535e-05
1.1866527962636204,0.0001744741034646058
1.1868184346653372,0.00016563840171679445
1.1868221819541032,3.747288765953982e-06
1.1868630597051943,4.087775109118397e-05
1.187080850946525,0.00021779124133058936
1.1870852143139734,4.36336744846777e-06
1.1870973312257391,1.2116911765724936e-05
1.1871304585226194,3.312729688031979e-05
1.1871405678919287,1.0109369309230232e-05
1.187236586982239,9.601909031031752e-05
1.1875260186545447,0.00028943167230566225
1.187646554750053,0.00012053609550832789
1.187734902386208,8.834763615506169e-05
1.1877792823006605,4.4379914452497005e-05
1.188011499127193,0.0002322168265325164
1.1881646352052313,0.0001531360780382407
1.18818867449988,2.403929464867005e-05
1.188260843990984,7.216949110411264e-05
1.1882848235604269,2.3979569442778015e-05
1.1886804822338528,0.00039565867342594707
1.1888929958260581,0.00021251359220531008
1.1889363105247976,4.33146987395272e-05
1.1890062313386733,6.992081387569016e-05
1.189052311475803,4.608013712958936e-05
1.1890891313305445,3.681985474157656e-05
1.1891130940431502,2.3962712605740677e-05
1.189274231155278,0.0001611371121277294
1.1893434897440864,6.925858880846292e-05
1.189369148893567,2.5659149480494747e-05
1.1893960991416683,2.6950248101398344e-05
1.189670010021511,0.0002739108798426315
1.1897675758633262,9.756584181519479e-05
1.1901080370560695,0.0003404611927433354
1.1901663166736993,5.827961762983058e-05
1.190192881993413,2.6565319713789393e-05
1.1902042977682534,1.1415774840317638e-05
1.1902371277933637,3.283002511023092e-05
1.1903410076000538,0.00010387980669013253
1.1905370910268782,0.0001960834268244227
1.1907945160048081,0.0002574249779299098
1.190811697170331,1.718116552296145e-05
1.190835058821403,2.336165107186261e-05
1.1908437323969319,8.6735755289169e-06
1.190972146836348,0.0001284144394160247
1.1910347384792317,6.259164288380248e-05
1.1911355257916065,0.00010078731237483929
1.1911790030146847,4.3477223078181026e-05
1.1912565148925442,7.751187785953739e-05
1.1912970872493065,4.057235676224735e-05
1.191339430564008,4.234331470143182e-05
1.1913458837475794,6.453183571508703e-06
1.1914029536789101,5.706993133069993e-05
1.1915894984812707,0.00018654480236057758
1.19205556767488,0.00046606919360936416
1.1921255440216285,6.997634674843489e-05
1.1921341058016497,8.561780021176801e-06
1.192240887337938,0.00010678153628829179
1.1925457864497258,0.00030489911178777085
1.1925847054367378,3.891898701202656e-05
1.1926643996969346,7.969426019682757e-05
1.1926713305648744,6.930867939791696e-06
1.1927112324195617,3.990185468727425e-05
1.1927848653829745,7.363296341278414e-05
1.192839879695944,5.5014312969614565e-05
1.1931917602155742,0.0003518805196300878
1.1934613287066567,0.0002695684910825058
1.19346193886391,6.101572533889765e-07
1.1937946049880797,0.0003326661241696005
1.1939024159385125,0.00010781095043288502
1.19430864342628,0.0004062274877674188
1.1945552567551805,0.00024661332890052456
1.1948268525742303,0.0002715958190497858
1.1948275752964992,7.227222689198953e-07
1.1948283345121584,7.592156592295396e-07
1.1952719774247835,0.00044364291262510847
1.195515779451234,0.00024380202645057913
1.1955402210995683,2.44416483341503e-05
1.1957053128428323,0.0001650917432640675
1.195755932205389,5.061936255668087e-05
1.1958452939074289,8.93617020398807e-05
1.1958829170105942,3.762310316535178e-05
1.1958852926952457,2.375684651445553e-06
1.1960943638803454,0.00020907118509971845
1.1961121459516528,1.778207130742615e-05
1.1962000599745815,8.791402292862571e-05
1.1962633163643224,6.325638974091774e-05
1.1963239463847513,6.0630020428886766e-05
1.1963660718206688,4.2125435917528264e-05
1.196445807344523,7.973552385420746e-05
1.1965356954719222,8.988812739918473e-05
1.196630558309261,9.486283733872725e-05
1.1966558004194066,2.5242110145651253e-05
1.1966992032427093,4.340282330272949e-05
1.1971143784371236,0.00041517519441436335
1.1975036206733034,0.0003892422361797543
1.1976794518034435,0.00017583113014008056
1.1977330220574265,5.357025398300408e-05
1.1978561174964055,0.0001230954389790373
1.1983770886696696,0.0005209711732641065
1.1984133430636943,3.6254394024659575e-05
1.1985418210664343,0.00012847800273996235
1.19874354065529,0.00020171958885573105
1.1987742910712353,3.0750415945357545e-05
1.1989170705326302,0.00014277946139484854
1.198946238034449,2.9167501818916364e-05
1.1989901528640583,4.391482960919291e-05
1.199028928265332,3.877540127361634e-05
1.1990696680044661,4.073973913421014e-05
1.1991212094249755,5.1541420509337854e-05
1.1992974341000953,0.000176224675119796
1.1993573150209833,5.988092088804464e-05
1.1994297310111377,7.241599015439526e-05
1.1997108265217622,0.0002810955106244961
1.199811001522018,0.00010017500025583104
1.1998315890938163,2.0587571798236226e-05
1.1998630390557792,3.144996196291494e-05
1.2000077988770614,0.00014475982128225873
1.200568152205123,0.0005603533280615913
1.2005799746716848,1.1822466561728362e-05
1.2007665868069777,0.00018661213529291842
1.2008047425323194,3.8155725341715296e-05
1.2009037122887414,9.896975642198491e-05
1.2009302823337107,2.6570044969309592e-05
1.2009644468789984,3.416454528770707e-05
1.2009710973428456,6.650463847179822e-06
1.2009721553114312,1.0579685856271226e-06
1.2014956923413036,0.0005235370298724007
1.20150160861025,5.9162689463043705e-06
1.2016404308619208,0.00013882225167094475
1.2025777680712046,0.000937337209283795
1.2025969372677567,1.916919655209348e-05
1.2028105025055744,0.0002135652378176811
1.2032760435385539,0.00046554103297946625
1.2033457332760724,6.968973751853014e-05
1.2035171639567648,0.00017143068069236378
1.2035574625652308,4.029860846599398e-05
1.20383481881127,0.0002773562460391954
1.2038725342922294,3.771548095943267e-05
1.2039799983993293,0.00010746410709994159
1.2040079395717078,2.7941172378476153e-05
1.2041308177216514,0.00012287814994360602
1.2042074251714234,7.660744977200373e-05
1.2043633175818016,0.0001558924103781667
1.2044327415563336,6.942397453202354e-05
1.2045235429277086,9.080137137496003e-05
1.2047248274460078,0.00020128451829926064
1.2047384635465506,1.363610054272435e-05
1.2047759324505363,3.746890398570457e-05
1.2048629742211474,8.704177061114038e-05
1.2049941774318187,0.00013120321067128238
1.2053293030344796,0.00033512560266091285
1.2053660295182547,3.672648377506249e-05
1.205378055644676,1.2026126421371686e-05
1.20538286304225,4.807397574024819e-06
1.2054522000318308,6.93369895807816e-05
1.2054961804147506,4.398038291975048e-05
1.2054962846265753,1.0421182472519774e-07
1.2058089552404434,0.00031267061386808237
1.2059042269054732,9.527166502976137e-05
1.2059145891615222,1.0362256049001317e-05
1.205982108191268,6.75190297458883e-05
1.2060307075342485,4.859934298040436e-05
1.2062326153858693,0.0002019078516208861
1.2064327841492148,0.0002001687633454985
1.2065570295553922,0.00012424540617739233
1.2066883415413505,0.0001313119859582823
1.206858571221598,0.0001702296802474912
1.2069256072009538,6.703597935575623e-05
1.2069311931005058,5.585899552018603e-06
1.2070127813069145,8.158820640868925e-05
1.2070273061412888,1.4524834374363138e-05
1.207089815917119,6.250977583022177e-05
1.2074458176246905,0.00035600170757144056
1.2076112867185296,0.00016546909383907682
1.207811939385404,0.00020065266687452343
1.2078451929365615,3.3253551157352845e-05
1.2080395294535542,0.00019433651699274357
1.2080473024182437,7.77296468945643e-06
1.2081144008002564,6.709838201279794e-05
1.2082773204462676,0.00016291964601111708
1.208277778257874,4.5781160640245844e-07
1.2083781648181056,0.0001003865602315912
1.2084624633993897,8.42985812841146e-05
1.2084634660538751,1.0026544854380148e-06
1.208675983696449,0.00021251764257379513
1.2087537205284933,7.773683204437276e-05
1.2088768944469135,0.0001231739184202052
1.208918101755236,4.120730832246622e-05
1.2089524753730794,3.4373617843419524e-05
1.2090789103644561,0.00012643499137676706
1.2092087767501656,0.00012986638570944287
1.2092114489420778,2.672191912189703e-06
1.2092697784967803,5.832955470252976e-05
1.2093155698445974,4.579134781712568e-05
1.2093607836387616,4.5213794164222776e-05
1.2094985018711244,0.00013771823236274905
1.2095832526813306,8.475081020620223e-05
1.2096194716734143,3.6218992083725254e-05
1.2097025604879093,8.308881449492489e-05
1.2097420054314378,3.944494352858818e-05
1.209879822965965,0.00013781753452724033
1.2098871204700816,7.297504116543507e-06
1.2099291663580038,4.20458879222263e-05
1.2099395940145385,1.0427656534695018e-05
1.209998138232837,5.854421829853962e-05
1.210223355828867,0.0002252175960300029
1.2103230337013304,9.967787246334403e-05
1.2103530169537946,2.9983252464171883e-05
1.2103688091708096,1.5792217014976018e-05
1.210393215718736,2.44065479264588e-05
1.21054529924849,0.00015208352975393247
1.2106408058850415,9.550663655155667e-05
1.210691289690606,5.048380556438303e-05
1.2106996883952565,8.39870465063619e-06
1.2108059150381367,0.00010622664288018058
1.211040123506629,0.00023420846849231403
1.2110925768034286,5.2453296799592763e-05
1.2113135010229796,0.00022092421955099972
1.2113445977127588,3.109668977918645e-05
1.2114821535382898,0.00013755582553098833
1.2115572748169912,7.51212787013511e-05
1.211578212548062,2.093773107092467e-05
1.2120086915903687,0.0004304790423066418
1.2123097707769404,0.0003010791865716289
1.2123172607125379,7.48993559751554e-06
1.2124266524475098,0.00010939173497193089
1.212588735991867,0.0001620835443572055
1.2126441991239894,5.546313212234644e-05
1.2126818206885606,3.76215645712108e-05
1.213133962171267,0.00045214148270633636
1.2132561786828795,0.00012221651161259395
1.2135292359972512,0.0002730573143716608
1.2135629680738405,3.3732076589299e-05
1.2135944438533235,3.14757794830367e-05
1.2137089955389715,0.00011455168564800111
1.2137756837580758,6.66882191042717e-05
1.2139835765878182,0.00020789282974242873
1.2140387216039918,5.5145016173652195e-05
1.2140582058411282,1.9484237136380145e-05
1.21409692791905,3.87220779218822e-05
1.214124350479725,2.742256067489457e-05
1.2142775820419842,0.00015323156225921508
1.2143102914628636,3.270942087940654e-05
1.2143390081607839,2.8716697920261325e-05
1.2146569975129466,0.0003179893521627619
1.2147571112804854,0.00010011376753871204
1.2148618130770321,0.00010470179654675782
1.2150359422033528,0.00017412912632064348
1.2153215035729141,0.00028556136956137124
1.2153284196690006,6.916096086495571e-06
1.2154966906844604,0.00016827101545979772
1.215754037680754,0.0002573469962936503
1.2159816088065605,0.00022757112580640282
1.2159995025763828,1.789376982230806e-05
1.2160566032201607,5.710064377795199e-05
1.2161092332260601,5.263000589939004e-05
1.216214771715222,0.0001055384891619493
1.216250279233932,3.5507518709954056e-05
1.2165298559472117,0.00027957671327971667
1.2166290686627261,9.921271551438515e-05
1.2168109964046114,0.00018192774188530159
1.2169822787827176,0.00017128237810615232
1.2170928181146654,0.00011053933194782317
1.217426856389513,0.0003340382748475701
1.2174385746192602,1.1718229747215148e-05
1.2179306796548954,0.0004921050356352374
1.217947141769052,1.6462114156512442e-05
1.217954574309979,7.432540927165832e-06
1.2179800845647213,2.5510254742178162e-05
1.218000102789286,2.0018224564655185e-05
1.2183995462144084,0.0003994434251224366
1.2184158329102392,1.628669583086939e-05
1.2185216705133515,0.00010583760311222434
1.2186025436509007,8.087313754923109e-05
1.2186539009308832,5.135727998251127e-05
1.2187018693566676,4.796842578436156e-05
1.2187160130849601,1.4143728292559388e-05
1.218807951014497,9.193792953676727e-05
1.2191570337287345,0.00034908271423761406
1.219256154249134,9.912052039950936e-05
1.2195489129630679,0.00029275871393386055
1.219602398806344,5.348584327613537e-05
1.219726663155493,0.00012426434914902806
1.2197944871664346,6.782401094151957e-05
1.2197993816737618,4.894507327213304e-06
1.2198255517974927,2.6170123730961947e-05
1.2199013091802435,7.575738275078514e-05
1.219997063271114,9.575409087037023e-05
1.2200666689329398,6.96056618259e-05
1.2200763038767577,9.634943817893316e-06
1.2202281491159477,0.00015184523918998494
1.2202472448440647,1.9095728116980126e-05
1.2202722525239986,2.50076799339638e-05
1.2206208714546125,0.0003486189306138865
1.2208438845136982,0.00022301305908567493
1.221072967412824,0.00022908289912582092
1.221093074635533,2.0107222709064843e-05
1.2211350098947886,4.1935259255554413e-05
1.2211587221848397,2.3712290051047802e-05
1.2215173422360552,0.0003586200512155635
1.2215435274701154,2.6185234060172036e-05
1.2220433105067237,0.0004997830366082479
1.222058696555246,1.538604852235892e-05
1.2220906546246897,3.195806944367163e-05
1.222122978215509,3.2323590819283154e-05
1.222141476256186,1.849804067699523e-05
1.2222134440888741,7.196783268814677e-05
1.222422266455278,0.0002088223664038491
1.222471828509388,4.956205411010828e-05
1.2225793430523553,0.00010751454296720198
1.2229143389048878,0.00033499585253249364
1.222983280982487,6.894207759922111e-05
1.2230752064798518,9.19254973648087e-05
1.223436424006892,0.00036121752704021404
1.2234710244516318,3.460044473979629e-05
1.223513062034417,4.203758278520375e-05
1.2236174986907549,0.00010443665633785848
1.224018900300511,0.0004014016097562134
1.2243377110661842,0.0003188107656730832
1.2244149492596035,7.723819341931559e-05
1.2245531944844643,0.00013824522486083346
1.2246153281061127,6.213362164841918e-05
1.2247670490351583,0.00015172092904558454
1.2249498128692475,0.00018276383408921681
1.2250346796693716,8.486680012409487e-05
1.2251914879216617,0.00015680825229003048
1.225615277664304,0.00042378974264223324
1.225962854253264,0.000347576588960008
1.2259880927158324,2.5238462568522024e-05
1.2260215553395513,3.346262371883846e-05
1.2260429292315835,2.137389203227258e-05
1.2260546917385597,1.1762506976209508e-05
1.226066985554155,1.2293815595310065e-05
1.2261307939075428,6.380835338770652e-05
1.226371316788695,0.00024052288115217202
1.2266870426433092,0.0003157258546142572
1.2267853012364958,9.825859318657315e-05
1.2268903351964382,0.00010503395994243547
1.2269252909822355,3.495578579726377e-05
1.2271608614185805,0.00023557043634503394
1.227167964157132,7.1027385515343155e-06
1.2273858580281214,0.00021789387098936075
1.2276882789626398,0.00030242093451837704
1.2277667438539714,7.846489133167545e-05
1.2277844965816636,1.775272769211078e-05
1.2277880960551857,3.5994735221311913e-06
1.2278289409523933,4.084489720757034e-05
1.2279573312013579,0.00012839024896460494
1.228003523983269,4.6192781911091885e-05
1.2280985251790857,9.500119581673516e-05
1.2281315395452361,3.301436615044118e-05
1.2281951813361887,6.364179095252886e-05
1.2282098029405075,1.4621604318865167e-05
1.2282961713164575,8.636837594999669e-05
1.2283130390041526,1.6867687695043543e-05
1.228322080419351,9.041415198529634e-06
1.2283298421364517,7.761717100596144e-06
1.228413844010636,8.400187418433624e-05
1.2284255705536755,1.1726543039491943e-05
1.228637934681939,0.00021236412826342033
1.2288629763097096,0.0002250416277707057
1.2288713469253398,8.370615630193257e-06
1.2289258641330774,5.451720773752555e-05
1.2289719174365683,4.605330349094494e-05
1.2290204714947246,4.8554058156291546e-05
1.229520737774664,0.0005002662799393764
1.2296731170946127,0.00015237931994871445
1.2296965722776403,2.3455183027598636e-05
1.229729267778127,3.269550048679015e-05
1.229767148352676,3.7880574548898593e-05
1.2298260092985194,5.8860945843397516e-05
1.2301402214230528,0.0003142121245334195
1.2302319241579,9.170273484726543e-05
1.2303725479008365,0.00014062374293644098
1.2304269266253165,5.437872447999759e-05
1.2304582369269645,3.131030164804649e-05
1.2306817061912712,0.0002234692643066083
1.2310815754482372,0.0003998692569660012
1.2311124909390254,3.091549078826361e-05
1.231225199363275,0.00011270842424959682
1.231421104712398,0.000195905349122949
1.2318239883501962,0.0004028836377982792
1.2318587667332086,3.477838301235714e-05
1.2319078970853796,4.9130352171022906e-05
1.2324211214910292,0.0005132244056496038
1.232422776591289,1.6551002597342546e-06
1.232436301555718,1.3524964429079134e-05
1.232470043773951,3.374221823304602e-05
1.232497439452763,2.739567881193672e-05
1.2325991810005985,0.00010174154783548772
1.2326010705597403,1.8895591418210955e-06
1.2328162407543475,0.00021517019460715048
1.2328936793547725,7.743860042497275e-05
1.2329440163900267,5.033703525425537e-05
1.233085166111518,0.00014114972149137373
1.2331537648946753,6.859878315723655e-05
1.233161342640238,7.577745562592497e-06
1.2333537083751278,0.00019236573488989883
1.233644563700418,0.00029085532529027347
1.233818891081421,0.00017432738100287004
1.233957929230233,0.0001390381488119985
1.2340611425781867,0.00010321334795371229
1.2341440923605072,8.2949782320485e-05
1.2343857873587454,0.00024169499823822882
1.2348714966186167,0.0004857092598713475
1.2349245394544441,5.304283582741043e-05
1.2349946855486431,7.01460941989751e-05
1.2350907459734675,9.606042482435129e-05
1.2351008364142708,1.0090440803356415e-05
1.2352706644220346,0.0001698280077637726
1.2353461032345108,7.543881247618067e-05
1.2355820325473337,0.0002359293128229023
1.2356636470171782,8.161446984455978e-05
1.2356745534676843,1.09064505060541e-05
1.2356986230000109,2.406953232658715e-05
1.235765312597886,6.668959787514694e-05
1.2358035348069656,3.822220907956364e-05
1.2361374978746016,0.0003339630676360006
1.2362256233084141,8.81254338125359e-05
1.2363753729235705,0.0001497496151563471
1.236378279285797,2.906362226440251e-06
1.2364983204987066,0.00012004121290964953
1.2368992985189602,0.0004009780202536284
1.2369297999287396,3.0501409779448707e-05
1.237080296013942,0.00015049608520234514
1.2372200675480183,0.00013977153407629395
1.2372526299584616,3.2562410443359724e-05
1.2373901443314341,0.00013751437297249147
1.2375383264654047,0.0001481821339706091
1.2376281500271162,8.982356171149952e-05
1.2378073072115163,0.00017915718440009165
1.237875534760043,6.822754852664481e-05
1.2379066698264694,3.1135066426379865e-05
1.2380422317372113,0.00013556191074193258
1.238104957572761,6.27258355496707e-05
1.2386933592517275,0.0005884016789665658
1.238774842612834,8.148336110647136e-05
1.2390810496692177,0.0003062070563837338
1.239479713422584,0.00039866375336616855
1.239652532474631,0.0001728190520471351
1.23977726850681,0.00012473603217899587
1.2399002164511983,0.00012294794438827417
1.2400998636327192,0.0001996471815208789
1.240198660878538,9.879724581884908e-05
1.240211918257932,1.3257379394060465e-05
1.2402788808575798,6.69625996476686e-05
1.2404017927022957,0.00012291184471591166
1.240441326954584,3.953425228830909e-05
1.2405011299404058,5.980298582186627e-05
1.2405986499434332,9.752000302731823e-05
1.2406189882647534,2.0338321320201302e-05
1.2406466963734921,2.77081087387554e-05
1.2406899675240817,4.327115058955222e-05
1.2407138753076195,2.3907783537779892e-05
1.2407495421847643,3.566687714484651e-05
1.2408016395015562,5.209731679189922e-05
1.2408354726456166,3.383314406035787e-05
1.2408941161374143,5.8643491797738534e-05
1.2410747606560804,0.00018064451866606213
1.2411453275218767,7.056686579631766e-05
1.2411904510734917,4.512355161501169e-05
1.2415659898816895,0.00037553880819785057
1.2417074907110608,0.00014150082937125497
1.241926653922393,0.00021916321133219618
1.2421598384350092,0.00023318451261622464
1.2421989038553745,3.9065420365247405e-05
1.2422613923437444,6.248848836998278e-05
1.242380838807575,0.00011944646383055257
1.242600854508366,0.00022001570079099864
1.2427675091125703,0.00016665460420428602
1.242785311829483,1.780271691265156e-05
1.2428569383118242,7.162648234126934e-05
1.2435156096182187,0.0006586713063945204
1.2435841047847231,6.849516650442311e-05
1.2436204631938206,3.6358409097436706e-05
1.2437162138321922,9.575063837163889e-05
1.2437373609229716,2.114709077938315e-05
1.244204710206513,0.00046734928354141836
1.2450162191803875,0.0008115089738744974
1.245125598217403,0.00010937903701546681
1.2454443517178793,0.0003187535004762765
1.2455795041316655,0.00013515241378625475
1.2457218209390992,0.00014231680743370667
1.2458558952917367,0.00013407435263745882
1.2458886752136842,3.277992194750112e-05
1.246125883637535,0.00023720842385088758
1.2461515453200893,2.5661682554245502e-05
1.2462295759788327,7.803065874334436e-05
1.2464911869999102,0.00026161102107757905
1.2467108929271882,0.0002197059272779356
1.2467226641312337,1.1771204045496475e-05
1.246894955053162,0.00017229092192838635
1.2470110282068596,0.000116073153697549
1.2471290226570355,0.0001179944501759067
1.2472359766178562,0.0001069539608207215
1.2472398789870385,3.902369182240406e-06
1.2475387051798665,0.0002988261928280611
1.2477868644643078,0.0002481592844412184
1.2478837703669503,9.690590264255228e-05
1.2478966282269275,1.285785997717781e-05
1.2480038431344203,0.00010721490749276974
1.2480281163381999,2.4273203779623387e-05
1.248065084872839,3.696853463908134e-05
1.2485676225035314,0.0005025376306924123
1.24866301746871,9.539496517851909e-05
1.2486662699979432,3.252529233277457e-06
1.2487821560864327,0.0001158860884895585
1.248818182865502,3.602677906933138e-05
1.2488681598293805,4.997696387842865e-05
1.2490019419979768,0.00013378216859627479
1.249028305588338,2.636359036123359e-05
1.2491593978164892,0.00013109222815121946
1.2492825115872817,0.0001231137707924379
1.2492857623629967,3.250775715057941e-06
1.2493547556780538,6.89933150570532e-05
1.2495322320097262,0.0001774763316724215
1.2495502535553875,1.802154566132863e-05
1.2495750363845723,2.4782829184832877e-05
1.2497808006704927,0.00020576428592034013
1.2498282882931975,4.7487622704789345e-05
1.2498427210217504,1.4432728552948859e-05
1.2499427932392224,0.00010007221747199146
1.2500665162775744,0.00012372303835195275
1.250160557194923,9.404091734865894e-05
1.250209275590691,4.871839576803261e-05
1.2503818574674737,0.00017258187678259596
1.250540397994834,0.00015854052736030688
1.2505941881489455,5.3790154111554855e-05
1.2507184195698005,0.00012423142085493666
1.2507205302915694,2.1107217689220192e-06
1.2507396752399247,1.9144948355309666e-05
1.2508819829408528,0.00014230770092815703
1.250961706313475,7.972337262218687e-05
1.251101143183007,0.00013943686953199474
1.2512058248520301,0.00010468166902311005
1.2512288179305235,2.299307849340515e-05
1.2515786557519413,0.0003498378214177311
1.2516358264318075,5.717067986621416e-05
1.2517365417754436,0.00010071534363609302
1.251803176230097,6.663445465338036e-05
1.2518350574864254,3.188125632846983e-05
1.2518581708599963,2.3113373570859963e-05
1.251989192193654,0.00013102133365761048
1.2520719701329461,8.277793929223343e-05
1.252236533979864,0.00016456384691787562
1.2523139932796903,7.745929982627686e-05
1.25239830181804,8.430853834973107e-05
1.2525224974268516,0.00012419560881160585
1.2525570825439223,3.4585117070662363e-05
1.2525689951309538,1.1912587031481792e-05
1.2526634290021905,9.443387123675429e-05
1.2526891056767921,2.5676674601626814e-05
1.252811707516571,0.00012260183977885752
1.2529839058125007,0.00017219829592973745
1.2531707998782613,0.00018689406576055667
1.2531777181784014,6.918300140101863e-06
1.2532382873947687,6.0569216367323264e-05
1.2536335295312626,0.0003952421364938896
1.253886561310504,0.00025303177924129727
1.2543827060055117,0.0004961446950078052
1.2544001080044713,1.74019989596097e-05
1.2544958240892032,9.571608473191162e-05
1.2545397387183252,4.3914629122010496e-05
1.2545972933268994,5.7554608574150734e-05
1.2546026022404118,5.308913512358515e-06
1.2548984749641887,0.0002958727237769576
1.255001227848662,0.00010275288447325615
1.2551038122670624,0.00010258441840038657
1.2551857080445827,8.189577752037991e-05
1.2554684320911293,0.0002827240465466119
1.255723913615856,0.00025548152472665286
1.255806738056903,8.282444104690256e-05
1.2558142539784038,7.5159215009446e-06
1.2559346343119226,0.00012038033351879918
1.2562309026743643,0.0002962683624416762
1.2562521077689974,2.1205094633103272e-05
1.2563286851865025,7.657741750510816e-05
1.256391756255373,6.307106887049052e-05
1.256573575323668,0.00018181906829495276
1.256728378872564,0.0001548035488960764
1.257118524774359,0.00039014590179498043
1.2572566075607443,0.00013808278638527405
1.2573245277426495,6.79201819051567e-05
1.2575352451133133,0.00021071737066380436
1.2576034269736276,6.818186031432028e-05
1.257695648193573,9.222121994545418e-05
1.257797017217316,0.00010136902374302537
1.2578747039056648,7.76866883487326e-05
1.2578822305576645,7.5266519996564085e-06
1.2579662613346412,8.40307769767179e-05
1.2585065830456383,0.0005403217109971603
1.2585183159683113,1.1732922672980095e-05
1.2587140403778005,0.00019572440948922853
1.2587469797747537,3.293939695314663e-05
1.2587654249880835,1.8445213329831844e-05
1.2588096968711957,4.427188311217911e-05
1.2588202518162293,1.055494503354737e-05
1.2589269773525777,0.00010672553634849535
1.2594949763159173,0.0005679989633395888
1.2595182720443316,2.3295728414307604e-05
1.2595259595745327,7.687530201083703e-06
1.2596663894068987,0.0001404298323659514
1.2596701196694755,3.7302625768287356e-06
1.2597653765167334,9.525684725786299e-05
1.259823103555257,5.772703852358063e-05
1.2599351103070549,0.00011200675179789954
1.259974068460893,3.8958153838253295e-05
1.2599899736519444,1.5905191051324152e-05
1.260002554529305,1.2580877360557352e-05
1.2600070587356902,4.504206385202991e-06
1.2600141282353479,7.069499657674783e-06
1.2600499278468058,3.579961145794286e-05
1.2600510184256446,1.0905788387916004e-06
1.2601062966738104,5.527824816575766e-05
1.2604087573744502,0.00030246070063988384
1.260442618893944,3.38615194936942e-05
1.2604656097665443,2.299087260038135e-05
1.2606227289864729,0.0001571192199285587
1.2607137752076711,9.104622119826544e-05
1.2607728316614162,5.9056453745043314e-05
1.2608217928249885,4.8961163572336375e-05
1.2610601628038696,0.00023836997888104783
1.2614724521107834,0.0004122893069138378
1.2614963743143195,2.3922203536086428e-05
1.2615456844633273,4.9310149007775195e-05
1.2617025411116791,0.0001568566483518552
1.2617039429529218,1.401841242643087e-06
1.261721738753863,1.77958009413004e-05
1.2617324898222366,1.0751068373560102e-05
1.2618022982298864,6.980840764980734e-05
1.2618654954044934,6.319717460701035e-05
1.262129054815023,0.0002635594105295791
1.2626917167592322,0.0005626619442091751
1.2626944718729551,2.755113722940905e-06
1.262823090825299,0.0001286189523439507
1.262891193129971,6.810230467180212e-05
1.262920888679179,2.9695549208064165e-05
1.2630481523192307,0.00012726364005177793
1.2631893321637908,0.00014117984456007981
1.2632505282209063,6.119605711552012e-05
1.2632685073793,1.7979158393632844e-05
1.2632958853764276,2.737799712759781e-05
1.263358144707126,6.225933069847756e-05
1.263374702052268,1.6557345142054203e-05
1.263581665777048,0.0002069637247799072
1.2638465813893789,0.0002649156123308849
1.2641313555565976,0.0002847741672187265
1.2641644834177415,3.3127861143844584e-05
1.2642593283541772,9.48449364357451e-05
1.264314197269312,5.4868915134731466e-05
1.2643166318490862,2.4345797742242326e-06
1.2643371731795447,2.0541330458589968e-05
1.2644428789821656,0.00010570580262081464
1.2644806160481852,3.773706601961635e-05
1.2645543159800527,7.369993186756574e-05
1.2646415790230274,8.726304297468346e-05
1.2647391626411983,9.758361817091554e-05
1.264783826656255,4.4664015056650186e-05
1.264879916689678,9.609003342303524e-05
1.2655247970229748,0.0006448803332967934
1.2657738992924568,0.0002491022694819378
1.2658617217695192,8.782247706240476e-05
1.2660249175310176,0.00016319576149848025
1.2660811884321765,5.627090115889466e-05
1.266474914415083,0.00039372598290654537
1.2668833109008137,0.00040839648573065546
1.2671228832432926,0.0002395723424788443
1.2672202981064709,9.741486317826897e-05
1.2673753622212043,0.00015506411473342752
1.2673798668991587,4.504677954431102e-06
1.2675007018483198,0.00012083494916104165
1.2675858762255405,8.517437722077581e-05
1.2677748673927642,0.00018899116722370657
1.2680506294790963,0.00027576208633206534
1.2680832023479518,3.257286885549604e-05
1.2682058390673197,0.00012263671936785236
1.2686387049417087,0.00043286587438906565
1.2687591313856568,0.0001204264439480518
1.268902176092005,0.00014304470634818323
1.2690039521006478,0.00010177600864280656
1.2690292511351429,2.529903449510762e-05
1.2691734210587746,0.00014416992363175396
1.269410559301158,0.00023713824238336123
1.269433472334087,2.291303292900615e-05
1.2694420637159705,8.591381883471527e-06
1.2695175312119031,7.546749593267954e-05
1.2696939567700667,0.000176425558163551
1.2700080515181538,0.00031409474808707927
1.2700836544667913,7.560294863750983e-05
1.2701595817834026,7.59273166113239e-05
1.2702661901890628,0.00010660840566023566
1.270329818361352,6.362817228922069e-05
1.2707102480279961,0.0003804296666440887
1.2707875984476802,7.735041968404133e-05
1.2708778522286839,9.025378100369075e-05
1.2709554663590148,7.761413033091635e-05
1.27102186275504,6.639639602523673e-05
1.2710595633618305,3.7700606790425084e-05
1.271130140093276,7.057673144550414e-05
1.2711911763752548,6.103628197884348e-05
1.271314643992161,0.00012346761690618102
1.271422270536607,0.00010762654444596009
1.2714224495096458,1.7897303883351867e-07
1.271557818559157,0.00013536904951116924
1.2716387425717761,8.092401261916571e-05
1.2716794402576683,4.0697685892210345e-05
1.271838901225983,0.00015946096831465084
1.2719124603244165,7.355909843353992e-05
1.2719274257481625,1.4965423746016171e-05
1.272023625065029,9.619931686644101e-05
1.2720379314266355,1.4306361606486462e-05
1.272152070619586,0.0001141391929504465
1.2721716545920918,1.9583972505898828e-05
1.2727139426348095,0.0005422880427177201
1.272767885537424,5.394290261451218e-05
1.2728225465466596,5.466100923556816e-05
1.2729386417568689,0.00011609521020927716
1.2734166845664932,0.00047804280962426837
1.2735062312061909,8.954663969773513e-05
1.274151565414524,0.0006453342083330149
1.2746270529457449,0.0004754875312209528
1.2746542876749787,2.7234729233827082e-05
1.275096783228963,0.0004424955539843456
1.2752633149483135,0.00016653171935043787
1.2752753116416184,1.1996693304983097e-05
1.2755819534809547,0.00030664183933626354
1.2756443380653115,6.23845843568116e-05
1.275784514595789,0.0001401765304773761
1.2758888593154032,0.00010434471961429104
1.275987764863699,9.890554829583564e-05
1.2760615862592253,7.382139552625233e-05
1.2762218930767746,0.00016030681754930498
1.276262042719038,4.014964226350948e-05
1.276275059730742,1.3017011703864156e-05
1.276407924204099,0.00013286447335714158
1.2765772031566431,0.00016927895254403857
1.2766817135025632,0.00010451034592007247
1.2766840656886513,2.3521860881281498e-06
1.276772857271723,8.879158307162349e-05
1.2767925813021828,1.972403045980009e-05
1.2769595997450915,0.00016701844290878398
1.2779143290451533,0.0009547293000617962
1.2779587382085327,4.4409163379333094e-05
1.277983834542135,2.509633360237018e-05
1.2783198389616561,0.0003360044195210854
1.278382842840146,6.300387848989786e-05
1.2784480218780452,6.517903789915458e-05
1.278489135603866,4.111372582071837e-05
1.2785296649114393,4.0529307573367035e-05
1.2785907232011857,6.105828974645178e-05
1.278607672982058,1.694978087218857e-05
1.278616081549026,8.408566968043374e-06
1.2788866998257176,0.0002706182766916143
1.2791214222771463,0.00023472245142874826
1.2791253430421368,3.920764990450465e-06
1.279151022891396,2.567984925927469e-05
1.2795674326961224,0.0004164098047263476
1.2796718274668581,0.00010439477073576064
1.2798499082116561,0.00017808074479797042
1.2799796271431791,0.00012971893152302627
1.2802954958232529,0.0003158686800737165
1.280308097105153,1.2601281900170846e-05
1.280594997489254,0.0002869003841010631
1.2808135390461926,0.00021854155693845634
1.2810284493002808,0.00021491025408826303
1.2810424302121917,1.3980911910849159e-05
1.2810896263202471,4.719610805548058e-05
1.281102240399477,1.2614079229811281e-05
1.2813957002168541,0.00029345981737716187
1.28178218249126,0.0003864822744059637
1.2818741146314332,9.193214017311213e-05
1.2821060508055862,0.00023193617415295797
1.2821488993971684,4.284859158221188e-05
1.2822060363506398,5.713695347142611e-05
1.2824273755874522,0.0002213392368124456
1.2827188899413418,0.0002915143538895215
1.2829002263546867,0.00018133641334494577
1.2829105118600002,1.0285505313456511e-05
1.2829512393847713,4.0727524771133616e-05
1.2829932255688217,4.1986184050379904e-05
1.2832709844696264,0.00027775890080472543
1.2836201400464464,0.00034915557682002607
1.2837390871322998,0.00011894708585336033
1.2840351986419596,0.00029611150965980215
1.2842043136965278,0.00016911505456818077
1.2842490108745908,4.469717806299123e-05
1.2843363307573827,8.731988279198077e-05
1.2843384648227836,2.134065400838381e-06
1.2843818518139436,4.338699116002154e-05
1.2844516470580418,6.979524409822524e-05
1.284575492360944,0.00012384530290221463
1.2846086534867744,3.3161125830405425e-05
1.284634383927422,2.5730440647464548e-05
1.284808872540076,0.00017448861265401128
1.2849026662350662,9.379369499029622e-05
1.2849892127583729,8.654652330664092e-05
1.2850736270153116,8.441425693872517e-05
1.2851045567382073,3.092972289575613e-05
1.285349729057359,0.00024517231915166526
1.28568433422563,0.0003346051682711071
1.2857084216049595,2.4087379329351677e-05
1.2857956343047117,8.72126997522038e-05
1.2859240415395614,0.0001284072348497478
1.2861090901454815,0.00018504860592005734
1.2861780790782813,6.898893279982943e-05
1.2862040489797828,2.5969901501499137e-05
1.2862287671253751,2.4718145592350638e-05
1.286569102346509,0.00034033522113374737
1.286573660990745,4.558644236096754e-06
1.2866715249013951,9.786391065014222e-05
1.286873975888568,0.00020245098717275312
1.2868755396049412,1.563716373276236e-06
1.2870079535771184,0.0001324139721772255
1.2872780529907097,0.0002700994135913515
1.2874419185065107,0.00016386551580094277
1.287507307908468,6.538940195732756e-05
1.2878255133858592,0.00031820547739114247
1.287891912139999,6.639875413982921e-05
1.287919436545005,2.7524405006085217e-05
1.288595339738966,0.0006759031939609361
1.2885959332888366,5.935498705866848e-07
1.2886679036721858,7.19703833491625e-05
1.2886820240730845,1.4120400898764984e-05
1.288763099499568,8.107542648350119e-05
1.2888308224134213,6.772291385326312e-05
1.2888574343515042,2.6611938082954367e-05
1.2888720843029773,1.4649951473044709e-05
1.289076516338022,0.00020443203504472152
1.2891171694526575,4.06531146355249e-05
1.289367700436764,0.00025053098410654506
1.2894480191931248,8.031875636071995e-05
1.2898175968437047,0.00036957765057987757
1.2899473705129287,0.00012977366922406475
1.2899789055314212,3.153501849251228e-05
1.2903202849871829,0.00034137945576162565
1.2906687646205286,0.00034847963334572185
1.2906875652005654,1.8800580036781867e-05
1.2908563490280722,0.0001687838275068465
1.2910624871712837,0.00020613814321146506
1.2913607939412821,0.0002983067699984243
1.291471983977245,0.00011119003596293808
1.291682829562311,0.0002108455850660107
1.2918930449591202,0.00021021539680909918
1.2919699970409313,7.695208181113244e-05
1.2920492862677828,7.928922685151996e-05
1.292340866227752,0.0002915799599692015
1.292434313980532,9.344775278008477e-05
1.2925610469881608,0.00012673300762866546
1.2926679099203195,0.00010686293215877996
1.2928980794238105,0.00023016950349097343
1.2931384407485194,0.00024036132470883764
1.2932424154584083,0.0001039747098889876
1.2934567221417017,0.00021430668329336378
1.293610168836756,0.00015344669505434894
1.2936625405351372,5.237169838112621e-05
1.293753636246976,9.10957118387401e-05
1.2940331383270651,0.0002795020800892001
1.2941598168007777,0.00012667847371261587
1.2942033575188903,4.354071811252247e-05
1.294316512041917,0.00011315452302684825
1.294466630393383,0.0001501183514658333
1.2945854314962766,0.00011880110289363977
1.2946068741965646,2.1442700288032412e-05
1.2946376106357995,3.073643923490188e-05
1.294734406120795,9.679548499552659e-05
1.2947924002100468,5.799408925177829e-05
1.294861285560419,6.888535037208321e-05
1.2949700804776356,0.00010879491721671464
1.2950871366157444,0.00011705613810875093
1.2952177785320298,0.00013064191628542332
1.2952654698837713,4.7691351741541155e-05
1.295458662174664,0.000193192290892652
1.2956040511044111,0.00014538892974713669
1.2957995424735225,0.00019549136911134468
1.2960158631336307,0.00021632066010823792
1.2960897992550562,7.393612142547745e-05
1.2965016024832032,0.0004118032281470452
1.296594810170053,9.320768684983882e-05
1.2966136339393766,1.8823769323494943e-05
1.296748934405041,0.00013530046566434528
1.2968341013390734,8.516693403248787e-05
1.2969805798843939,0.0001464785453204609
1.2971900266031706,0.00020944671877676235
1.2977183453693535,0.000528318766182867
1.2977275502674963,9.20489814282277e-06
1.2977746100323846,4.705976488827979e-05
1.2978322245749525,5.761454256791865e-05
1.2978380921865367,5.8676115841649334e-06
1.2980897611226652,0.00025166893612849073
1.2982058966387273,0.00011613551606215466
1.2982624811231334,5.658448440604147e-05
1.2983619889699158,9.950784678247615e-05
1.2983997560462204,3.7767076304540126e-05
1.2984478293968136,4.8073350593202946e-05
1.2985406103049062,9.278090809261563e-05
1.2985684449054617,2.783460055555409e-05
1.2985994638871174,3.1018981655694944e-05
1.2986635490252385,6.408513812106165e-05
1.2988225804625522,0.00015903143731366143
1.2988531628117066,3.058234915442881e-05
1.29900014770092,0.00014698488921349728
1.2990090698146077,8.922113687637179e-06
1.2991337691143834,0.00012469929977565464
1.2993744299178955,0.00024066080351214936
1.299397006874417,2.2576956521414004e-05
1.2994959139672115,9.890709279458676e-05
1.2995259706431717,3.0056675960121737e-05
1.2995986047345252,7.263409135349619e-05
1.2996134783165079,1.4873581982710604e-05
1.2996594697492552,4.599143274730544e-05
1.2996857097618661,2.6240012610978525e-05
1.2996894798365768,3.770074710640614e-06
1.2996923513601952,2.8715236184417847e-06
1.2997077902314271,1.5438871231898688e-05
1.2997840895217212,7.629929029406846e-05
1.2999568029512587,0.00017271342953750768
1.3000972029423585,0.0001403999910998266
1.3001319205153166,3.4717572958031795e-05
1.300377785521149,0.0002458650058323464
1.300415521162402,3.773564125308937e-05
1.300445049775302,2.95286128999539e-05
1.3004947043248183,4.9654549516331414e-05
1.3005693850834599,7.468075864158763e-05
1.301098130202025,0.0005287451185651548
1.3013649495889226,0.00026681938689754325
1.3013775559753504,1.2606386427860272e-05
1.3013941504911273,1.6594515776846563e-05
1.3014373416934528,4.319120232554319e-05
1.301647288853123,0.0002099471596701541
1.3019762425605232,0.0003289537074002702
1.3020239073788382,4.7664818314974156e-05
1.302369126748132,0.000345219369293881
1.3024944499863766,0.00012532323824454572
1.3027073804130995,0.00021293042672287932
1.3027150047354201,7.624322320598509e-06
1.3029197881924137,0.0002047834569935958
1.3031736913842258,0.000253903191812066
1.3034169969594358,0.00024330557521001772
1.3034229528931016,5.955933665813262e-06
1.3034414366818128,1.8483788711165516e-05
1.3034486242136687,7.187531855912255e-06
1.3037152237406378,0.000266599526969058
1.3039260771882908,0.0002108534476530366
1.3040791449338436,0.0001530677455527929
1.3043009640467063,0.00022181911286267564
1.304317575146463,1.661109975681363e-05
1.3043450280439222,2.745289745909041e-05
1.304363495665193,1.8467621270890078e-05
1.304486745121559,0.00012324945636588147
1.30458132358412,9.457846256100133e-05
1.304625303433551,4.397984943116384e-05
1.304841288455467,0.00021598502191588764
1.304957745441058,0.00011645698559092921
1.3052988244055435,0.00034107896448554165
1.3053059023070657,7.0779015222122155e-06
1.3055552776635595,0.0002493753564938306
1.3056331389061275,7.786124256803362e-05
1.3061022591882838,0.00046912028215628787
1.3064626078346335,0.0003603486463497063
1.3065570897590175,9.448192438399339e-05
1.3066946441798448,0.00013755442082730163
1.3067439739492241,4.932976937932487e-05
1.3068986062812518,0.0001546323320276155
1.306901410693676,2.8044124242843083e-06
1.3070436381499675,0.00014222745629144384
1.3070871950892868,4.355693931934468e-05
1.3071191704977259,3.1975408439022246e-05
1.307169422044999,5.025154727311687e-05
1.3072748311252935,0.00010540908029454954
1.307297624549617,2.27934243235417e-05
1.3074444932260711,0.00014686867645408164
1.307492098798537,4.7605572465858614e-05
1.307675455271874,0.0001833564733368931
1.3077025207018307,2.706542995678518e-05
1.307966827984896,0.0002643072830652571
1.3081143763589866,0.0001475483740907002
1.3082169243829926,0.0001025480240059995
1.3083650351157012,0.0001481107327085951
1.3085617775512017,0.00019674243550049653
1.3087941992026855,0.0002324216514837385
1.3088463628621898,5.216365950433399e-05
1.3088973161938218,5.095333163196436e-05
1.3089580345856084,6.071839178667382e-05
1.3090576223718318,9.958778622332076e-05
1.3091188997011858,6.127732935401475e-05
1.3095469667727926,0.000428067071606808
1.3096753431823691,0.00012837640957652496
1.3096813994802763,6.056297907175434e-06
1.3097500806983462,6.868121806991034e-05
1.3099117376477203,0.00016165694937408936
1.3101902673919028,0.00027852974418252074
1.3103156534364813,0.00012538604457845715
1.3103663921463637,5.073870988248075e-05
1.3105831890531168,0.0002167969067530251
1.311162238423802,0.0005790493706852029
1.311397197031646,0.0002349586078440602
1.3114620745589112,6.487752726513918e-05
1.3118147818274324,0.0003527072685212129
1.3119471600606591,0.0001323782332267598
1.3120206705108104,7.351045015124846e-05
1.3120917612057528,7.10906949423773e-05
1.3122678353962003,0.00017607419044751715
1.3124433582427486,0.00017552284654831496
1.3124721398235148,2.878158076624615e-05
1.3128685365102315,0.00039639668671664907
1.3131356766031657,0.0002671400929341594
1.3132136333741007,7.795677093502817e-05
1.3133444979182525,0.0001308645441517875
1.3133518199757,7.3220574474675004e-06
1.3134209312690457,6.911129334574717e-05
1.313611134514507,0.00019020324546126233
1.313653057895015,4.192338050801325e-05
1.3137380339271145,8.497603209955962e-05
1.3137604701285053,2.2436201390751975e-05
1.3147271795754805,0.0009667094469751891
1.31475802535303,3.084577754952633e-05
1.3147876855358847,2.9660182854662764e-05
1.3148742346280924,8.654909220773277e-05
1.314921673815666,4.743918757355026e-05
1.3150023277861116,8.065397044565437e-05
1.3152920414757696,0.00028971368965802213
1.3154384948142364,0.00014645333846674546
1.315752855801713,0.00031436098747672503
1.3160385114345268,0.0002856556328136861
1.316165284555169,0.0001267731206422429
1.3162606398194368,9.5355264267738e-05
1.3163153568737613,5.471705432458229e-05
1.3163366671642815,2.1310290520215602e-05
1.3163602462691808,2.3579104899251746e-05
1.3164324540252963,7.220775611549435e-05
1.3165380991954825,0.00010564517018618602
1.3166977722057018,0.0001596730102193522
1.3169662683928718,0.00026849618716995316
1.3170446847419117,7.841634903993366e-05
1.3171013627185673,5.66779766555392e-05
1.317137255521149,3.589280258164962e-05
1.3171980317886782,6.077626752931664e-05
1.3172159616274794,1.7929838801222786e-05
1.3172295097101656,1.3548082686165586e-05
1.317297823971025,6.831426085929238e-05
1.3174165770614092,0.00011875309038433812
1.3176146684436416,0.00019809138223236822
1.3176576039848313,4.293554118972587e-05
1.3177267169219242,6.911293709288557e-05
1.3178992511228873,0.00017253420096308147
1.3180246956284545,0.0001254445055671738
1.318037643529939,1.294790148453906e-05
1.3181993046881009,0.00016166115816185211
1.318282894000158,8.358931205720843e-05
1.3183877550942336,0.00010486109407548128
1.318478023888325,9.026879409135269e-05
1.3185197107852227,4.1686896897763503e-05
1.318533985531289,1.4274746066300636e-05
1.3185838947350008,4.990920371183982e-05
1.3187750341112556,0.00019113937625481192
1.3187774585570768,2.4244458212141495e-06
1.3187955657492048,1.8107192127914118e-05
1.3188889162632478,9.335051404302241e-05
1.318924754814714,3.5838551466271795e-05
1.319294816758029,0.0003700619433149033
1.3193721650493004,7.734829127148402e-05
1.3194502124596372,7.804741033679008e-05
1.3196226041211547,0.0001723916615175014
1.3196694758558538,4.6871734699083234e-05
1.319713468487634,4.3992631780120917e-05
1.319848768990804,0.00013530050317012154
1.3199339439085729,8.517491776882657e-05
1.320007194874114,7.325096554122723e-05
1.3202183849427478,0.00021119006863368206
1.3204624396540598,0.00024405471131205836
1.3205317951272197,6.935547315989332e-05
1.3206217790712282,8.998394400849818e-05
1.3206775074242942,5.572835306599799e-05
1.320736347555395,5.884013110080133e-05
1.3208784423446016,0.00014209478920657048
1.32129658937434,0.0004181470297384138
1.3213546104437492,5.8021069409219805e-05
1.3217869713819466,0.00043236093819731813
1.3218592724923581,7.230111041156562e-05
1.3219103188283348,5.104633597663444e-05
1.3220112764794507,0.00010095765111595156
1.3220117995556429,5.230761921382054e-07
1.3220120943795723,2.94823929491983e-07
1.3225199291113532,0.0005078347317808429
1.3225301608222668,1.0231710913632952e-05
1.3225375247068607,7.3638845938805986e-06
1.3226683259710217,0.0001308012641609846
1.3228223569163378,0.00015403094531607486
1.322917342470191,9.498555385323293e-05
1.322928270896105,1.0928425913991902e-05
1.3230504955067535,0.00012222461064848034
1.323161581775257,0.00011108626850342418
1.3232534018718258,9.182009656893975e-05
1.3236811369420267,0.0004277350702008853
1.323691489997622,1.0353055595269112e-05
1.323820931561267,0.00012944156364502746
1.3241875740032942,0.00036664244202722074
1.3243846738488652,0.00019709984557092497
1.3248110482265896,0.00042637437772441444
1.3249004883946556,8.944016806600175e-05
1.3249139827895398,1.3494394884183691e-05
1.3249196399162568,5.657126717073524e-06
1.3250036983744549,8.405845819803304e-05
1.3250377290562716,3.403068181673241e-05
1.3250977439649287,6.001490865714665e-05
1.3251402984084935,4.255444356471294e-05
1.3251612202936063,2.0921885112823446e-05
1.3252462546017674,8.503430816109159e-05
1.3252758685881338,2.961398636647239e-05
1.3253089139800653,3.304539193149658e-05
1.3253107733979983,1.8594179329589622e-06
1.3254642466672806,0.00015347326928227822
1.3258763918675325,0.00041214520025190104
1.3258912425112999,1.4850643767383431e-05
1.3259575395942131,6.629708291328029e-05
1.3260107058149153,5.316622070217214e-05
1.3262335170818593,0.00022281126694401188
1.3263731531217422,0.00013963603988287332
1.3265385820070463,0.0001654288853041308
1.3265587051754384,2.0123168392061075e-05
1.3265602101483842,1.5049729458205263e-06
1.3267037393193106,0.00014352917092641526
1.3267293370432938,2.559772398313953e-05
1.32674147473492,1.2137691626223912e-05
1.3268949334724016,0.00015345873748162653
1.3269442935097062,4.9360037304602145e-05
1.3270014538953958,5.716038568959192e-05
1.3270562928683076,5.483897291180817e-05
1.3270895356674304,3.324279912275685e-05
1.3274097843993293,0.0003202487318989533
1.3274240371890735,1.425278974420685e-05
1.3274626870686261,3.864987955259913e-05
1.3276582911764627,0.00019560410783658888
1.327719074412927,6.078323646430128e-05
1.3277473591499533,2.8284737026318396e-05
1.3277557779940865,8.418844133162295e-06
1.328133521812832,0.0003777438187455573
1.3281939776342009,6.0455821368821105e-05
1.3282279248846656,3.3947250464683165e-05
1.3282424982513685,1.4573366702963497e-05
1.3286507484719483,0.00040825022057977556
1.3287451738720215,9.442540007320588e-05
1.3288273995537319,8.222568171034617e-05
1.3290874127628327,0.00026001320910085113
1.3291499032474516,6.24904846189267e-05
1.329157255055511,7.351808059441467e-06
1.3296888861947935,0.0005316311392824513
1.3297115586553532,2.2672460559647334e-05
1.3304463742492365,0.0007348155938833312
1.330496624810074,5.0250560837517e-05
1.3306852413596781,0.00018861654960411478
1.330686305553778,1.0641940999533972e-06
1.3309054207075997,0.00021911515382155855
1.3309170142252016,1.159351760193772e-05
1.3315615751757293,0.0006445609505276728
1.331651640345293,9.006516956366895e-05
1.3317673839245565,0.00011574357926358303
1.3319342011048252,0.00016681718026867465
1.3319612235491458,2.7022444320623507e-05
1.3319985443648443,3.7320815698516085e-05
1.332060778035009,6.223367016477965e-05
1.3321730510571157,0.0001122730221065904
1.3322714113938168,9.836033670107547e-05
1.3323539325242282,8.252113041140596e-05
1.3325959516787758,0.00024201915454757916
1.3331535103473904,0.0005575586686146217
1.3335262099867926,0.0003726996394022297
1.3335451560394775,1.8946052684931658e-05
1.3340222138080207,0.000477057768543121
1.3342888290890276,0.00026661528100691
1.3343073173263447,1.8488237317093592e-05
1.3343241703665492,1.6853040204489744e-05
1.3344507032822963,0.0001265329157471573
1.334669370777251,0.00021866749495469406
1.3348425186163289,0.00017314783907784737
1.3348633624765829,2.084386025402729e-05
1.3349814572875387,0.00011809481095581553
1.3351107827289308,0.000129325441392103
1.335120211976036,9.429247105119387e-06
1.3351265872530835,6.375277047609984e-06
1.335261916354779,0.0001353291016954472
1.3352781682750705,1.625192029153233e-05
1.3352952347787772,1.706650370669749e-05
1.3353853262634565,9.009148467931105e-05
1.3361383440844363,0.0007530178209798066
1.336216200744487,7.785666005077907e-05
1.3362280378976734,1.1837153186311511e-05
1.3365798997331042,0.00035186183543078897
1.3367976375741566,0.00021773784105239002
1.336826808556114,2.9170981957316044e-05
1.336878410479662,5.1601923548139084e-05
1.3370631718772785,0.00018476139761647303
1.3373977751875035,0.0003346033102249457
1.3377891642740585,0.00039138908655500515
1.3379206615207444,0.00013149724668592988
1.3380655350826054,0.00014487356186099198
1.338257774695379,0.00019223961277359258
1.3386328313207512,0.0003750566253721832
1.3386604242688331,2.7592948081966995e-05
1.3390137350665476,0.00035331079771450113
1.3390629408097159,4.9205743168245775e-05
1.3392860600823602,0.00022311927264428988
1.339724478828127,0.00043841874576688866
1.3397655705177436,4.109168961652365e-05
1.3397925686939582,2.699817621465428e-05
1.3399508768576323,0.00015830816367401468
1.3402303018966077,0.0002794250389754893
1.3402396552010885,9.353304480708147e-06
1.3404512482534354,0.00021159305234697
1.3405134617395285,6.221348609303234e-05
1.340529266015289,1.580427576053367e-05
1.3406343366511277,0.00010507063583875542
1.340690200891375,5.586424024728309e-05
1.340797357730489,0.00010715683911399765
1.34084097927036,4.3621539870919435e-05
1.340867371150961,2.6391880601162043e-05
1.3410979538161811,0.0002305826652200249
1.3411569240288548,5.897021267364799e-05
1.3412512266235197,9.430259466491897e-05
1.34133869678522,8.747016170040922e-05
1.3414372816168507,9.858483163061038e-05
1.3415268788037131,8.959718686241125e-05
1.341748411420557,0.00022153261684376702
1.342263293275814,0.0005148818552571655
1.3423829560239617,0.0001196627481476753
1.3425202429285872,0.00013728690462544435
1.3426042255778319,8.3982649244696e-05
1.343108319946578,0.0005040943687462107
1.3433856975672163,0.00027737762063817506
1.3434667188418976,8.102127468134768e-05
1.3436343442961047,0.00016762545420712094
1.343721036547501,8.669225139623649e-05
1.3437781446827997,5.710813529868908e-05
1.3440943665815148,0.00031622189871516326
1.3442262344936988,0.00013186791218400273
1.3443751878442431,0.00014895335054432302
1.3444998974239366,0.00012470957969346053
1.3445132430431275,1.334561919086319e-05
1.3447865776745211,0.00027333463139367353
1.3449930850462324,0.00020650737171123978
1.3450948718794073,0.00010178683317496606
1.3453314603280462,0.00023658844863883033
1.3453728600345267,4.1399706480538256e-05
1.3455070513709253,0.00013419133639858138
1.345678446838317,0.00017139546739164402
1.3459578780786112,0.0002794312402942811
1.3459902190018833,3.2340923272089483e-05
1.3460367159357398,4.649693385649911e-05
1.3461124999206957,7.578398495589056e-05
1.3461338090819681,2.1309161272409227e-05
1.3462062382156441,7.242913367599968e-05
1.3462231908247253,1.6952609081188896e-05
1.3463592504401534,0.00013605961542806355
1.3463868146938311,2.7564253677780925e-05
1.3464018340337671,1.5019339935973264e-05
1.3464413857521018,3.955171833469606e-05
1.3465411916238164,9.980587171454225e-05
1.3469401164967838,0.0003989248729674433
1.3470154094386082,7.529294182440083e-05
1.3470663096114295,5.090017282127768e-05
1.3471106296355435,4.432002411403069e-05
1.347175861938726,6.523230318244977e-05
1.3474057833224922,0.0002299213837662073
1.347458933371526,5.3150049033723334e-05
1.3476787578270146,0.00021982445548873741
1.3480743661238983,0.00039560829688367605
1.3481152054701004,4.083934620213725e-05
1.3482067877059092,9.158223580874036e-05
1.348271036767923,6.42490620137437e-05
1.348402718702378,0.00013168193445500798
1.3486627576039627,0.0002600389015847693
1.3487219534457764,5.91958418136862e-05
1.3489315195061617,0.00020956606038535774
1.349036567574382,0.00010504806822031476
1.3490748733642015,3.830578981944832e-05
1.3491431972919872,6.832392778566287e-05
1.3491433404448296,1.431528424689077e-07
1.3491794544300486,3.611398521896625e-05
1.3494370839544303,0.0002576295243816862
1.3494829312259928,4.5847271562537983e-05
1.349537360658254,5.4429432261082766e-05
1.3498647624678197,0.0003274018095658082
1.3499008219648452,3.6059497025453524e-05
1.3499729489524568,7.21269876116093e-05
1.3499807169436484,7.767991191620638e-06
1.3501606081129491,0.00017989116930072768
1.3502410932731106,8.048516016145868e-05
1.3503688772308449,0.0001277839577342732
1.350439617334859,7.07401040140887e-05
1.3504761511543688,3.6533819509854126e-05
1.3504887786544286,1.2627500059814167e-05
1.3505719272710308,8.314861660219108e-05
1.3507176745974656,0.00014574732643479749
1.3507428241521777,2.5149554712111666e-05
1.3508270149328117,8.419078063393037e-05
1.3510687480276988,0.00024173309488717543
1.351071650299982,2.9022722831673065e-06
1.351120289679219,4.863937923693662e-05
1.3511656760728172,4.538639359830121e-05
1.3516300882818826,0.00046441220906534575
1.3519852890590556,0.0003552007771729926
1.3521441404311867,0.0001588513721311191
1.3522663576913136,0.00012221726012695555
1.3523918224125175,0.00012546472120389396
1.3524950254153356,0.00010320300281807526
1.3525241425120984,2.9117096762787398e-05
1.3525275452313554,3.402719257028508e-06
1.352640866332288,0.00011332110093253966
1.3528512209090977,0.0002103545768097348
1.3528782714797807,2.7050570682973785e-05
1.3530450489530772,0.00016677747329651993
1.3531602446105049,0.00011519565742768023
1.3531816996254,2.145501489514423e-05
1.3532750692735536,9.336964815354065e-05
1.353382449920261,0.0001073806467073446
1.353466044383806,8.359446354511135e-05
1.3534978936501625,3.184926635646512e-05
1.3535857958252482,8.790217508569675e-05
1.353763799358673,0.0001780035334248975
1.3538086553967081,4.485603803505711e-05
1.353926756970006,0.00011810157329783522
1.3540008677936108,7.411082360486709e-05
1.3541241797354708,0.00012331194185999372
1.3542053195582127,8.113982274182696e-05
1.3542356328062615,3.031324804880775e-05
1.354368702677354,0.00013306987109262813
1.3544508778720847,8.217519473063817e-05
1.3545924193773142,0.00014154150522949216
1.3546324914669452,4.007208963097142e-05
1.3548508332161355,0.00021834174919033167
1.3549183883631357,6.755514700018672e-05
1.35498722125096,6.88328878242217e-05
1.3550502608634443,6.303961248432799e-05
1.35521637436231,0.00016611349886574978
1.355325720872226,0.00010934650991600847
1.3554470797005838,0.0001213588283577316
1.3554515588594507,4.479158866921296e-06
1.3555746187414086,0.00012305988195793205
1.355596314381079,2.1695639670360478e-05
1.355678217591962,8.190321088297203e-05
1.3557888326133256,0.00011061502136366919
1.3558215005875403,3.266797421463963e-05
1.3558658621298865,4.4361542346216254e-05
1.3559025342558721,3.66721259856817e-05
1.3559909483679635,8.841411209137284e-05
1.356091842334417,0.00010089396645351911
1.3561510407582227,5.919842380563978e-05
1.3566893535853068,0.0005383128270841642
1.356852825519645,0.00016347193433818852
1.3573360691835252,0.00048324366388019513
1.3573452085156328,9.13933210755502e-06
1.3573815094265533,3.630091092055032e-05
1.3574939655825442,0.00011245615599086989
1.3574959861128857,2.0205303414844167e-06
1.3575447071619182,4.8721049032529606e-05
1.3576814726556004,0.00013676549368213387
1.3577560508670408,7.457821144041255e-05
1.3579511874457435,0.00019513657870273704
1.3583022144475696,0.0003510270018260986
1.3584348444347891,0.00013262998721952357
1.3584747794508338,3.993501604471206e-05
1.3586404455827978,0.00016566613196400404
1.3586753002638499,3.4854681052021164e-05
1.3590419072014834,0.00036660693763357344
1.3591011416154506,5.923441396715745e-05
1.3592767253285556,0.00017558371310499865
1.3595708125340837,0.0002940872055281485
1.3596587521803487,8.793964626496731e-05
1.3596679020501337,9.149869784952358e-06
1.360110443958183,0.00044254190804937643
1.3601134269052528,2.9829470697961824e-06
1.3601254252388526,1.1998333599771982e-05
1.360338733161959,0.00021330792310636504
1.3604581652311378,0.00011943206917885973
1.360546216084239,8.805085310115146e-05
1.3606950983880257,0.00014888230378673484
1.3607305686466742,3.547025864847342e-05
1.3608306297426085,0.00010006109593430068
1.3608640488216783,3.341907906984076e-05
1.360984542579339,0.00012049375766065573
1.361021520506503,3.697792716406134e-05
1.3612816013626254,0.00026008085612239107
1.361473655536882,0.0001920541742566062
1.361699125723864,0.00022547018698193533
1.361829914308805,0.00013078858494108836
1.3618830324155036,5.311810669850203e-05
1.362110326185,0.00022729376949648383
1.3621639611670728,5.363498207278106e-05
1.3621912047085503,2.724354147742858e-05
1.3622382026859583,4.699797740803646e-05
1.3622900632655166,5.186057955830492e-05
1.3623139593789249,2.3896113408250486e-05
1.3627035133669851,0.0003895539880602872
1.3627184693440584,1.4955977073238813e-05
1.3629304062961602,0.00021193695210186547
1.3629861780253891,5.577172922888174e-05
1.3630100972283807,2.391920299160688e-05
1.363142255585785,0.0001321583574043217
1.3633422523273324,0.00019999674154735914
1.363384685667418,4.243334008569022e-05
1.3634363853576135,5.169969019536147e-05
1.363476950805803,4.0565448189422426e-05
1.3635453952168692,6.844441106634847e-05
1.3636008263346122,5.543111774297671e-05
1.3636028618896525,2.035555040302839e-06
1.3637608617209227,0.00015799983127018358
1.3638116406411036,5.077892018090502e-05
1.3638549651907057,4.3324549602097306e-05
1.3641843340454796,0.00032936885477385935
1.3643580705582052,0.00017373651272567514
1.3643876611699277,2.9590611722474236e-05
1.3644668855714164,7.92244014886645e-05
1.3648927664635797,0.0004258808921633328
1.3650877988717123,0.00019503240813256717
1.3651843629001443,9.656402843205569e-05
1.3652407041293606,5.634122921627238e-05
1.3658497675577725,0.0006090634284119378
1.3660914176456052,0.00024165008783261221
1.3663159994895324,0.00022458184392726288
1.3666675381851312,0.00035153869559878537
1.3667278977641368,6.035957900563105e-05
1.3669647897255284,0.00023689196139153879
1.3669988511585134,3.406143298501085e-05
1.3670603319188308,6.148076031742278e-05
1.3670652901041322,4.95818530144021e-06
1.3672521312735813,0.00018684116944900353
1.3674425990371923,0.00019046776361109075
1.367803916782161,0.00036131774496861446
1.3678618352670373,5.791848487635143e-05
1.3679403677636124,7.853249657507888e-05
1.3681207942823752,0.00018042651876282179
1.3681502460808068,2.9451798431612275e-05
1.3682584036176144,0.00010815753680759599
1.3684745604864166,0.00021615686880216423
1.3686679508184088,0.00019339033199217148
1.3687905411702856,0.0001225903518768945
1.3689996013449068,0.00020906017462118953
1.3691149486050116,0.00011534726010475893
1.3691202177148234,5.269109811800732e-06
1.3692469037445198,0.00012668602969645448
1.3692659153091584,1.9011564638571343e-05
1.3694508520270279,0.00018493671786945498
1.3695292208617855,7.836883475764722e-05
1.3695943224355704,6.510157378492032e-05
1.3696039803942908,9.657958720321602e-06
1.3699358841519382,0.00033190375764746705
1.369955384278369,1.9500126430704867e-05
1.3700212009081383,6.58166297693441e-05
1.3704137596175339,0.0003925587093955851
1.3704201208679512,6.361250417308284e-06
1.3705256592710806,0.00010553840312943485
1.370575683035519,5.002376443830059e-05
1.3706331483034444,5.746526792549389e-05
1.3708509097534118,0.00021776144996743518
1.3709680413327268,0.00011713157931492191
1.3711338810653615,0.00016583973263473162
1.3715168354256588,0.0003829543602973384
1.3717318870547914,0.000215051629132601
1.3718229884755693,9.110142077783934e-05
1.3718731680563252,5.017958075592688e-05
1.3719319573167372,5.878926041202881e-05
1.3722748309343817,0.0003428736176445124
1.3729697243371148,0.0006948934027330989
1.3730171686086716,4.7444271556784656e-05
1.373126021064042,0.00010885245537028965
1.3732438488620682,0.00011782779802627097
1.3732681833402443,2.433447817606904e-05
1.3737908786579114,0.0005226953176671323
1.3738308000891901,3.9921431278733266e-05
1.3741905381007034,0.00035973801151323315
1.3742254755242587,3.4937423555314595e-05
1.3742796034520617,5.412792780301601e-05
1.374567112652126,0.00028750920006426206
1.374691052322448,0.00012393967032209297
1.3747325821432206,4.1529820772545634e-05
1.374840073961588,0.00010749181836744448
1.3749553591251598,0.00011528516357173224
1.3749823627768394,2.7003651679624596e-05
1.375143898365777,0.00016153558893772235
1.3753023146525878,0.00015841628681068087
1.3753556928401867,5.3378187598873694e-05
1.3754298566375402,7.416379735358802e-05
1.3755121109288984,8.225429135810813e-05
1.3760112017577082,0.0004990908288098339
1.3760622837161298,5.1081958421628215e-05
1.3763499545121611,0.00028767079603131407
1.376377877661242,2.7923149080955056e-05
1.3763859534978404,8.075836598342434e-06
1.376440916998642,5.496350080158585e-05
1.3765295332753447,8.86162767026466e-05
1.3765697940228392,4.026074749452491e-05
1.3766717805079682,0.0001019864851290464
1.3767675042290648,9.572372109656335e-05
1.376779657637526,1.2153408461168524e-05
1.3770179699531697,0.00023831231564375166
1.3771232341928201,0.00010526423965040443
1.377298441899554,0.00017520770673384867
1.3773467990751078,4.835717555384811e-05
1.377694179644866,0.0003473805697582488
1.3777987292320977,0.00010454958723160601
1.3779121038547317,0.00011337462263405484
1.3780181180099575,0.0001060141552258198
1.3780573407817414,3.922277178380895e-05
1.3781781573702194,0.00012081658847806764
1.3782113952489956,3.323787877618223e-05
1.3782176348119823,6.239562986731784e-06
1.3786197956907267,0.0004021608787443398
1.3789478606920704,0.00032806500134374694
1.3789571211928957,9.26050082528107e-06
1.3794642209561114,0.0005070997632157237
1.379541691635592,7.747067948060682e-05
1.3798062335798886,0.0002645419442965924
1.3799468505264523,0.0001406169465636431
1.3800129339023333,6.608337588098756e-05
1.3803095529001805,0.0002966189978472755
1.3804460988397391,0.00013654593955858552
1.3805233072463652,7.720840662606143e-05
1.3805357734156358,1.2466169270641814e-05
1.3807846257507979,0.00024885233516203087
1.3808092381235795,2.461237278161832e-05
1.3808557055422725,4.646741869307469e-05
1.3809854652713676,0.00012975972909501365
1.381067418666233,8.195339486549713e-05
1.3811930593977215,0.00012564073148846333
1.381261904574352,6.884517663041656e-05
1.3816123657431711,0.00035046116881920497
1.381646444247756,3.407850458492234e-05
1.3816952996621228,4.8855414366721917e-05
1.381861893992834,0.00016659433071120056
1.3819808206324027,0.00011892663956869498
1.382043198751089,6.237811868636811e-05
1.3822335377368564,0.00019033898576736874
1.3824152412801944,0.00018170354333801875
1.3825671029458309,0.00015186166563641024
1.3826763836316371,0.00010928068580629002
1.3827801948748473,0.00010381124321012791
1.3829839391606165,0.0002037442857691918
1.3830762511017713,9.231194115488783e-05
1.3831526385196853,7.638741791393677e-05
1.383343209784203,0.0001905712645178248
1.3835503601300974,0.00020715034589424697
1.3835854259300933,3.5065799995903646e-05
1.3838744995285288,0.0002890735984355519
1.3839917709560572,0.00011727142752837594
1.3844965188238108,0.0005047478677535633
1.3847780999687063,0.0002815811448955152
1.3847963575453666,1.8257576660296593e-05
1.38537333482945,0.0005769772840833465
1.3853841712293857,1.083639993582075e-05
1.3855866984585077,0.00020252722912195154
1.385601663252156,1.4964793648264418e-05
1.3859161960349335,0.000314532782777599
1.386075794265737,0.00015959823080335944
1.386489064621198,0.0004132703554611261
1.3864963941824173,7.329561219293623e-06
1.3865447043599324,4.8310177515054065e-05
1.3866625379500748,0.00011783359014239103
1.3868167745114865,0.00015423656141178022
1.3868351787705362,1.840425904964249e-05
1.3868494947150012,1.431594446499318e-05
1.3872404924921762,0.00039099777717499506
1.3874374979019806,0.00019700540980438497
1.3875329947642592,9.54968622786101e-05
1.3876947199068772,0.00016172514261802995
1.387716678036808,2.195812993077695e-05
1.3878195898548922,0.0001029118180841948
1.3879958764076905,0.0001762865527983326
1.3881938932223319,0.00019801681464137744
1.3882252087051643,3.131548283241692e-05
1.388453489084584,0.0002282803794197985
1.389033925315438,0.000580436230853909
1.389040353621419,6.428305981076576e-06
1.3891702250025881,0.0001298713811690444
1.389295348396952,0.00012512339436376863
1.3898155414154252,0.0005201930184732806
1.390027835738993,0.00021229432356784095
1.3901149015412786,8.70658022855686e-05
1.3901866582665783,7.175672529968757e-05
1.3902566650539074,7.000678732915766e-05
1.3904281188214411,0.00017145376753369135
1.390644677002815,0.0002165581813737827
1.3910186605013333,0.0003739834985183599
1.3912385757359875,0.00021991523465425544
1.3912736107730794,3.50350370919017e-05
1.3913188299682644,4.5219195184964533e-05
1.3913193569729294,5.270046650185378e-07
1.3916192932462597,0.00029993627333024797
1.391674896003454,5.5602757194295194e-05
1.3917422594236049,6.736342015090102e-05
1.3918628788806426,0.00012061945703778498
1.391911762244714,4.8883364071272695e-05
1.3920042943173865,9.253207267256869e-05
1.3920379261094789,3.3631792092370105e-05
1.3923304352838277,0.00029250917434886503
1.39237008221082,3.964692699232053e-05
1.3923724113442486,2.329133428569108e-06
1.3923999741977329,2.7562853484264238e-05
1.3924892709249685,8.929672723567705e-05
1.3925144238268823,2.5152901913738646e-05
1.392625407884752,0.00011098405786968968
1.393100070536118,0.00047466265136608676
1.3931172498484141,1.7179312296056182e-05
1.393153075846326,3.582599791185359e-05
1.3935295971773576,0.00037652133103160956
1.3935411655591499,1.1568381792281812e-05
1.3940503955192463,0.0005092299600963912
1.3941171333001638,6.673778091759175e-05
1.3941962423408798,7.910904071595226e-05
1.394554590757595,0.0003583484167151152
1.394577102424198,2.251166660305337e-05
1.3945955233412644,1.8420917066386266e-05
1.3947666686476692,0.0001711453064048296
1.3948116935974797,4.502494981051264e-05
1.395137403754629,0.00032571015714921714
1.395232196749435,9.479299480608105e-05
1.3952638812281999,3.168447876489289e-05
1.395307178334039,4.329710583905744e-05
1.3954328733307262,0.00012569499668724227
1.3955489945939918,0.00011612126326565608
1.3963086063344425,0.0007596117404506941
1.396310865876347,2.259541904470197e-06
1.3963913612956476,8.049541930055248e-05
1.396465449623813,7.408832816535593e-05
1.3965207452071384,5.529558332550977e-05
1.3968943079902858,0.00037356278314737423
1.3970047098120542,0.00011040182176835778
1.3972758226565485,0.0002711128444943256
1.3973242253266727,4.840267012418131e-05
1.3973291910027594,4.965676086765569e-06
1.397872215850807,0.0005430248480475797
1.3978723921132705,1.762624635137655e-07
1.398217166678481,0.0003447745652105372
1.3983586003131774,0.00014143363469631964
1.398456230303777,9.762999059970134e-05
1.3985660158139293,0.00010978551015217164
1.3987123575316578,0.00014634171772853755
1.3987600076452085,4.765011355067905e-05
1.39890013391099,0.00014012626578163712
1.3989049519082886,4.8179972984563335e-06
1.3990250872502186,0.00012013534193000552
1.3990857448019716,6.065755175299614e-05
1.3991251516824195,3.940688044790086e-05
1.399136351976047,1.120029362744468e-05
1.3991400420952604,3.6901192135285754e-06
1.3991652724007109,2.5230305450429924e-05
1.3992631309592922,9.785855858135406e-05
1.3993365607640944,7.342980480218309e-05
1.3994132997398758,7.673897578142075e-05
1.3996386967993162,0.0002253970594403576
1.399712905343555,7.420854423889622e-05
1.3999271817320338,0.0002142763884787069
1.4000430001297142,0.00011581839768037838
1.4000815477729371,3.854764322297477e-05
1.4000935114275255,1.1963654588331707e-05
1.4001638341580749,7.03227305494103e-05
1.4002079107729748,4.407661489991277e-05
1.400290819751636,8.290897866114477e-05
1.4007760452710323,0.0004852255193963373
1.4007982866263438,2.224135531148086e-05
1.400809278645266,1.0992018922184599e-05
1.4009518508547036,0.00014257220943769688
1.4010071303316027,5.527947689909496e-05
1.4012105588279453,0.00020342849634258364
1.401247102741351,3.654391340557339e-05
1.4013355980017839,8.849526043297473e-05
1.4014084293065838,7.283130479995847e-05
1.4015247971590359,0.0001163678524520595
1.4017294964350993,0.00020469927606336924
1.401811709709763,8.221327466384487e-05
1.4018277268728354,1.6017163072312712e-05
1.4020016649939895,0.00017393812115407137
1.4020276646075427,2.5999613553207013e-05
1.4020296501920901,1.985584547448127e-06
1.402114806059113,8.515586702295685e-05
1.402147728987868,3.292292875500813e-05
1.4021958253038567,4.809631598856612e-05
1.40220322451031,7.39920645331793e-06
1.402503593383498,0.0003003688731879617
1.4025899696043647,8.637622086671293e-05
1.4026241670033672,3.41973990025668e-05
1.4027171159879097,9.294898454248468e-05
1.40283198824397,0.00011487225606021667
1.402945174562285,0.00011318631831502834
1.4029989595712689,5.37850089838976e-05
1.403010519939976,1.1560368707197455e-05
1.4030278267586647,1.7306818688611614e-05
1.4031881600983493,0.00016033333968468177
1.4032738812192997,8.572112095039941e-05
1.403399154682962,0.00012527346366231207
1.403496045666754,9.689098379195293e-05
1.4035929143546362,9.686868788216785e-05
1.4037050678063379,0.00011215345170167978
1.403968524459529,0.00026345665319116307
1.4040917322532904,0.000123207793761404
1.4040970996389364,5.367385645937972e-06
1.4047448183442508,0.0006477187053144373
1.4048389930248775,9.417468062666856e-05
1.404872998518525,3.4005493647626395e-05
1.4050209410783951,0.00014794255987005123
1.4054874527693844,0.0004665116909892131
1.4055048245116715,1.7371742287108916e-05
1.4055525898768142,4.776536514272678e-05
1.4056971863095253,0.00014459643271114153
1.4058755889719519,0.00017840266242652447
1.4058844142641176,8.82529216572614e-06
1.4065094678700794,0.0006250536059617673
1.40682123124551,0.00031176337543059596
1.4068514069869846,3.0175741474680606e-05
1.4068870797823574,3.567279537275425e-05
1.4069100799556116,2.300017325418402e-05
1.407064875817011,0.00015479586139943713
1.4072313521612598,0.00016647634424882263
1.4072347865880133,3.4344267534347495e-06
1.4074569993016135,0.00022221271360023387
1.4075171505414144,6.015123980085413e-05
1.4077469350833374,0.00022978454192301712
1.4077643155112993,1.7380427961954936e-05
1.4078449269984634,8.061148716409505e-05
1.4080775474188927,0.00023262042042926367
1.4081280844289048,5.053701001211941e-05
1.4081918228005257,6.373837162088059e-05
1.4082081420419092,1.6319241383566663e-05
1.4083354812255124,0.0001273391836031923
1.408443876853507,0.00010839562799458413
1.4087040619523463,0.00026018509883929397
1.4088781763800997,0.00017411442775339125
1.4091740528099965,0.00029587642989681306
1.409419988782221,0.0002459359722244425
1.409590063263443,0.00017007448122208224
1.4096501370860264,6.0073822583328607e-05
1.4098667587600293,0.00021662167400293697
1.4098860236591648,1.9264899135507108e-05
1.4098973445011465,1.1320841981632412e-05
1.4100660711380952,0.00016872663694877943
1.4100904488898494,2.4377751754123267e-05
1.410123107528811,3.2658638961624575e-05
1.4101817565057952,5.8648976984265744e-05
1.410216509978056,3.475347226067349e-05
1.410557222852728,0.0003407128746721888
1.4106765362183518,0.00011931336562365225
1.41068537515869,8.838940338318224e-06
1.4107575429678327,7.216780914265364e-05
1.4108238605446337,6.631757680097827e-05
1.4110574797367628,0.00023361919212905313
1.4111042571448984,4.6777408135634246e-05
1.411135226285268,3.096914036970766e-05
1.411139600871884,4.37458661584067e-06
1.4112657632384669,0.0001261623665829159
1.4117628588674263,0.0004970956289593875
1.4118738570674019,0.00011099819997562044
1.4120073678409693,0.00013351077356738017
1.4121759037865849,0.00016853594561561103
1.4122820469118424,0.00010614312525758507
1.4123444346324403,6.238772059785624e-05
1.412587902118925,0.00024346748648462757
1.4126616076200207,7.370550109575547e-05
1.412681756609982,2.0148989961388253e-05
1.4127301480405268,4.839143054469197e-05
1.4131103407948875,0.00038019275436074196
1.4131920128054183,8.167201053077555e-05
1.4132901915828446,9.817877742634984e-05
1.4133138708275605,2.3679244715912873e-05
1.4133904756287723,7.660480121174373e-05
1.4133938040550862,3.3284263138977366e-06
1.4135597813895087,0.00016597733442247353
1.41369756703668,0.00013778564717137343
1.4137694907061755,7.192366949548834e-05
1.4138645913728627,9.510066668716455e-05
1.414292826540126,0.00042823516726331334
1.4143471582961882,5.4331756062175884e-05
1.4145798456514453,0.00023268735525716622
1.4147238486432447,0.0001440029917993968
1.4148897447793722,0.00016589613612749687
1.415153905549453,0.0002641607700808457
1.4153036387983549,0.0001497332489017733
1.4158803213598152,0.0005766825614603732
1.4159437485502382,6.342719042295997e-05
1.416039695752349,9.594720211070218e-05
1.4160704800304735,3.078427812464035e-05
1.4161621514903353,9.167145986177516e-05
1.416624345493202,0.0004621940028666227
1.4166585442499633,3.419875676136108e-05
1.4168091507336524,0.00015060648368914187
1.4168237126085093,1.4561874856822143e-05
1.4168949130382495,7.120042974029239e-05
1.4176089685908322,0.0007140555525826375
1.4178098905420398,0.00020092195120757772
1.4178143446133975,4.454071357740119e-06
1.4181572379096723,0.00034289329627479326
1.4182572344876987,9.999657802639561e-05
1.4184552085781514,0.00019797409045274605
1.4184851714753313,2.996289717982492e-05
1.4185312812227857,4.610974745444807e-05
1.4185607697056746,2.9488482888861967e-05
1.4186267203848155,6.595067914094699e-05
1.4192088072021647,0.00058208681734917
1.419213310175384,4.502973219411288e-06
1.4197502361093142,0.0005369259339300658
1.4197531262250882,2.8901157740346406e-06
1.4199545166180476,0.00020139039295941075
1.4199623648936082,7.848275560551343e-06
1.419979982945987,1.7618052378765015e-05
1.4207256347116162,0.0007456517656292405
1.420845461282575,0.00011982657095876981
1.4211379850199848,0.0002925237374098444
1.4216278527530042,0.0004898677330194001
1.4217870665991363,0.00015921384613215572
1.4217873843241773,3.177250409436283e-07
1.421792764833098,5.380508920627136e-06
1.4220349500561755,0.0002421852230776178
1.4220359510495526,1.0009933770760426e-06
1.4223123917313942,0.0002764406818416276
1.4224368072632225,0.00012441553182829246
1.4224690629973678,3.2255734145225645e-05
1.4224971207879913,2.805779062353686e-05
1.4225868585090533,8.973772106202205e-05
1.422642908605461,5.605009640774483e-05
1.4226840369163194,4.1128310858340456e-05
1.4227166889336544,3.265201733504419e-05
1.423150569298714,0.0004338803650596468
1.4233328660519804,0.0001822967532663089
1.4233628365628443,2.9970510863952526e-05
1.4235405340265828,0.00017769746373841322
1.4235599694301087,1.943540352589146e-05
1.4235628389272927,2.8694971840881323e-06
1.4236528421510677,9.000322377494818e-05
1.4237480143953816,9.517224431387916e-05
1.4237826266887021,3.461229332057947e-05
1.4238663986693525,8.377198065034897e-05
1.4238952412842332,2.88426148806753e-05
1.423979078997239,8.383771300590759e-05
1.4239901563962392,1.10773990000812e-05
1.4241309083223455,0.00014075192610629728
1.4242049007127568,7.39923904113926e-05
1.4242428476292044,3.794691644753989e-05
1.4244773678526959,0.0002345202234914634
1.4245404133361326,6.30454834367189e-05
1.4246059063225744,6.549298644187296e-05
1.4246411988760743,3.5292553499877144e-05
1.424855070866355,0.0002138719902806674
1.4255399439226033,0.0006848730562483141
1.4255545787467125,1.4634824109238664e-05
1.4255838286842093,2.9249937496755862e-05
1.425635783822456,5.195513824673981e-05
1.425816116641981,0.00018033281952489766
1.4258319407150728,1.582407309186351e-05
1.425991953023675,0.00016001230860229754
1.4261658939818143,0.00017394095813916266
1.42620101415828,3.5120176465675e-05
1.42624669918743,4.5685029150144274e-05
1.4263798936834957,0.00013319449606563616
1.4265406924308832,0.00016079874738750277
1.4266164679938407,7.577556295745858e-05
1.4266907292813353,7.42612874946591e-05
1.4267803216696844,8.959238834904681e-05
1.4271306011155322,0.0003502794458478675
1.4271906043820184,6.0003266486141627e-05
1.4275887510411696,0.0003981466591511662
1.4279375978011741,0.00034884676000457304
1.428017933183415,8.033538224094805e-05
1.4280987596994357,8.082651602059343e-05
1.4287555351296313,0.0006567754301955997
1.4287685655524114,1.3030422780113682e-05
1.4288534600584348,8.489450602344739e-05
1.4289039159137356,5.045585530072394e-05
1.4289195519027396,1.5635989004003648e-05
1.4289418039461323,2.2252043392789744e-05
1.4290673120771449,0.00012550813101253055
1.429110988896869,4.36768197240589e-05
1.4291175765571322,6.587660263290829e-06
1.429345489935491,0.00022791337835870173
1.429349912590067,4.422654576119456e-06
1.429370236344797,2.0323754730044996e-05
1.4294017629068692,3.1526562072059505e-05
1.4295067434625905,0.00010498055572139009
1.4298744984879554,0.000367755025364902
1.4302446057837754,0.000370107295819988
1.4303437250093238,9.911922554839414e-05
1.4304611955407773,0.00011747053145350073
1.430549967060893,8.877152011566025e-05
1.4305829162283878,3.294916749485566e-05
1.430674669729736,9.175350134804638e-05
1.430724982335942,5.0312606206137644e-05
1.4307265336504351,1.551314493086764e-06
1.4307806825773035,5.4148926868391456e-05
1.4308814474676126,0.00010076489030907965
1.4309019540994519,2.050663183927881e-05
1.4310981671026024,0.00019621300315053603
1.431248161852843,0.0001499947502405785
1.4312735878340557,2.542598121269002e-05
1.431305890930702,3.2303096646257856e-05
1.4314081452353575,0.00010225430465560237
1.4315062352843895,9.80900490319403e-05
1.4317208475062817,0.00021461222189222973
1.431730929550685,1.008204440333671e-05
1.4321843272735988,0.0004533977229137509
1.432712943681208,0.0005286164076092614
1.4332335327157006,0.0005205890344925912
1.4332866149153696,5.308219966893013e-05
1.4333684671025189,8.185218714928943e-05
1.4337265658649638,0.0003580987624449694
1.4339756513258994,0.00024908546093560524
1.4340847561879708,0.00010910486207138526
1.434160292654778,7.553646680724668e-05
1.4345541246337006,0.00039383197892250976
1.434725625021641,0.00017150038794033762
1.4348936291089072,0.00016800408726624916
1.4349646342409066,7.100513199942426e-05
1.4350362787443232,7.164450341656803e-05
1.4350930416540917,5.676290976852627e-05
1.4350930416540917,0.0
1.4351222736349334,2.9231980841704086e-05
1.4352849715816636,0.00016269794673018367
1.435734998260166,0.00045002667850235767
1.4357661245765991,3.11263164332054e-05
1.43597505723954,0.00020893266294086388
1.4360789408893206,0.00010388364978064502
1.4362006645200256,0.00012172363070495074
1.4362705879775446,6.992345751899443e-05
1.436307292447711,3.670447016634881e-05
1.436364170492484,5.68780447731676e-05
1.436449246356289,8.50758638049065e-05
1.4367021388699157,0.0002528925136267013
1.436976831995147,0.00027469312523131784
1.4371876007087538,0.0002107687136068126
1.4373045069425556,0.00011690623380178344
1.4373355233832092,3.1016440653619526e-05
1.4373702319781525,3.470859494325573e-05
1.4374423034238983,7.207144574583602e-05
1.4376717340195928,0.00022943059569446866
1.437750417212861,7.868319326820306e-05
1.4378316018474167,8.118463455564218e-05
1.438012466808511,0.00018086496109437356
1.438014882072403,2.415263891997199e-06
1.4381690502361817,0.00015416816377866738
1.438206682246501,3.7632010319255116e-05
1.4382068609731118,1.78726610844393e-07
1.438375328043706,0.00016846707059414712
1.4385092796433883,0.00013395159968232484
1.4386215555704536,0.00011227592706530842
1.4389195114405435,0.00029795587008996094
1.438920586247446,1.0748069023680529e-06
1.4390754838829805,0.0001548976355345566
1.439312021058912,0.00023653717593163925
1.4398726823893393,0.0005606613304272035
1.4400822992478197,0.00020961685848042144
1.4402065138240068,0.0001242145761870539
1.4403240301845468,0.00011751636054002645
1.4404565130717224,0.00013248288717560008
1.440578472556296,0.00012195948457360828
1.4407191799616612,0.00014070740536520354
1.440820159431691,0.0001009794700297384
1.4410169648967819,0.00019680546509093233
1.441017762881712,7.979849301342767e-07
1.4411625073770526,0.00014474449534063183
1.4415569836606255,0.00039447628357280884
1.4419058094920696,0.0003488258314441328
1.4419493141995234,4.350470745384527e-05
1.4419760450676207,2.673086809723557e-05
1.44200059957232,2.4554504699292323e-05
1.4421326342611538,0.0001320346888338264
1.4421935360393128,6.090177815898379e-05
1.442297792791359,0.00010425675204617235
1.4423339137061522,3.6120914793214e-05
1.4424016880100587,6.777430390658701e-05
1.442500037557848,9.834954778931149e-05
1.442862788990146,0.0003627514322979142
1.4428925067898672,2.9717799721273863e-05
1.4432358648099166,0.0003433580200493669
1.4436074108560928,0.00037154604617617437
1.4437068959395847,9.948508349189034e-05
1.4439846319372776,0.00027773599769287394
1.4440727880381419,8.81561008643228e-05
1.44427633685611,0.0002035488179681355
1.4443590060985192,8.26692424091835e-05
1.444439224083952,8.021798543289549e-05
1.444528612062942,8.938797898982997e-05
1.444593670872428,6.50588094861515e-05
1.4446259330698863,3.2262197458221564e-05
1.4450022872789605,0.00037635420907422557
1.4453209050288744,0.00031861774991392977
1.4459431534884222,0.0006222484595477251
1.4459529072597352,9.753771313070203e-06
1.4461004579562862,0.00014755069655092434
1.4461089457654612,8.487809175061756e-06
1.4461164702818716,7.524516410395421e-06
1.4461256114898158,9.141207944152185e-06
1.446290159533259,0.00016454804344312457
1.4464697980358843,0.00017963850262536774
1.4464782693497593,8.47131387504696e-06
1.4464848339805123,6.564630752992073e-06
1.446555643766404,7.080978589169007e-05
1.446683244239018,0.00012760047261406449
1.4468776986992744,0.0001944544602563436
1.446951068614135,7.336991486051048e-05
1.4469573162079297,6.247593794750372e-06
1.4470628457568637,0.00010552954893405797
1.4474361980151125,0.0003733522582487492
1.4474891240191095,5.292600399697811e-05
1.4475755733559181,8.64493368086805e-05
1.4480008011851233,0.000425227829205177
1.4480237416408075,2.2940455684183902e-05
1.448028188529112,4.446888304476815e-06
1.44825031764088,0.00022212911176811012
1.4484264908047706,0.00017617316389051396
1.4485087702578188,8.227945304817297e-05
1.4485199505139463,1.1180256127563126e-05
1.4486106769708766,9.072645693031234e-05
1.4486476618208155,3.69848499388592e-05
1.4487093404074787,6.167858666317194e-05
1.4488000379391481,9.069753166945915e-05
1.449016938635604,0.0002169006964558573
1.4490961826602615,7.924402465753211e-05
1.4492058073391028,0.00010962467884123583
1.4492075904945572,1.7831554544045503e-06
1.4492552186290653,4.762813450809311e-05
1.4494130774490692,0.00015785882000396434
1.44950952611576,9.644866669078489e-05
1.4496652659116378,0.00015573979587779618
1.4498601667126076,0.00019490080096984386
1.4500041117394593,0.0001439450268516662
1.4500505058737982,4.639413433893402e-05
1.4500898892210283,3.9383347230081966e-05
1.450108106139657,1.821691862868846e-05
1.4501501046206484,4.199848099140091e-05
1.4501622473128521,1.2142692203731542e-05
1.4501732401598117,1.099284695960101e-05
1.4502344285684423,6.118840863056363e-05
1.450404463422193,0.00017003485375077787
1.4504049017769423,4.3835474916598116e-07
1.4504084456125128,3.543835570551934e-06
1.4505279804239104,0.00011953481139759248
1.4507232912643042,0.0001953108403938142
1.4507594564385955,3.616517429128052e-05
1.4507757571502016,1.630071160607649e-05
1.4507785291103878,2.7719601862763454e-06
1.4508405590413795,6.202993099169163e-05
1.451248397594406,0.00040783855302639616
1.451338135270552,8.973767614617323e-05
1.451564224761216,0.00022608949066382777
1.4516950309372008,0.00013080617598482114
1.4517127265886078,1.7695651407079183e-05
1.4517826057881578,6.987919954992705e-05
1.4517885636866459,5.9578984881181185e-06
1.451935810405105,0.0001472467184591153
1.4519559606473695,2.015024226453832e-05
1.45196380887601,7.848228640527921e-06
1.4519817554590748,1.794658306475405e-05
1.4523267276261107,0.00034497216703588407
1.4523391726338932,1.2445007782524442e-05
1.452656664207723,0.00031749157382976456
1.4528229718341725,0.00016630762644953556
1.452829134664494,6.162830321398971e-06
1.4530661585738032,0.0002370239093092419
1.4530706320548101,4.473481006961322e-06
1.4531389562443897,6.832418957958275e-05
1.453167327891182,2.837164679236892e-05
1.4534225842712927,0.00025525638011059115
1.4537553819725013,0.0003327977012086425
1.4538249165867339,6.953461423253593e-05
1.4538377873850818,1.2870798347996981e-05
1.4538641582561849,2.6370871103020832e-05
1.4539788997636203,0.00011474150743540079
1.4542318377133936,0.0002529379497733242
1.4543381991946829,0.00010636148128928546
1.4543707061119786,3.250691729572708e-05
1.4543761112827294,5.405170750760746e-06
1.4544808626372638,0.00010475135453447137
1.4545153806562119,3.4518018948048734e-05
1.4547837405641841,0.00026835990797224873
1.454786511458194,2.77089400979591e-06
1.454968008716167,0.00018149725797300675
1.455020170005753,5.216128958607236e-05
1.4552667814025688,0.0002466113968158101
1.4552776075969087,1.0826194339896844e-05
1.455278769620286,1.1620233772990929e-06
1.4552898121438111,1.10425235251288e-05
1.4556472471834587,0.00035743503964758006
1.4557842874992957,0.00013704031583694487
1.4559440673651913,0.0001597798658956595
1.455998714698241,5.464733304960667e-05
1.4561108469587745,0.00011213226053352621
1.456167341480583,5.649452180844783e-05
1.4562961975944115,0.00012885611382862372
1.4563733524561995,7.715486178794251e-05
1.4566644597108531,0.0002911072546536442
1.4567110004916206,4.654078076749002e-05
1.4568892720639912,0.00017827157237060298
1.4569795421481928,9.027008420159355e-05
1.4570137774341132,3.4235285920392045e-05
1.4570340843731786,2.0306939065406482e-05
1.4571161167216269,8.203234844827989e-05
1.4573652967651054,0.0002491800434785141
1.457507469833328,0.00014217306822250642
1.4575221674400318,1.4697606703917288e-05
1.4575693776203789,4.7210180347034836e-05
1.4577597616802755,0.0001903840598966866
1.4577966867917296,3.6925111454033654e-05
1.4578248776899607,2.8190898231139627e-05
1.4580078793702593,0.0001830016802986112
1.458270472297652,0.0002625929273927241
1.458367843497541,9.737119988884047e-05
1.458714713808037,0.0003468703104960724
1.4590365790618773,0.0003218652538403699
1.4591622534022568,0.0001256743403794669
1.4593478894459224,0.0001856360436656157
1.4595289373419733,0.0001810478960508899
1.4595786308926517,4.969355067840908e-05
1.459589859826392,1.1228933740392577e-05
1.4597426530538145,0.00015279322742234314
1.4597851254669085,4.247241309407457e-05
1.4599163649794193,0.00013123951251081678
1.459948667258785,3.2302279365570286e-05
1.460261226123937,0.0003125588651520239
1.4602904158055428,2.9189681605812368e-05
1.4603102000482764,1.978424273363366e-05
1.4603260724866673,1.587243839096253e-05
1.4604548526148726,0.00012878012820527474
1.460714130887991,0.0002592782731183352
1.4609037564271006,0.00018962553910961688
1.4609592376520493,5.5481224948694674e-05
1.461041754894084,8.251724203467425e-05
1.461047369279727,5.61438564306016e-06
1.4610984244727434,5.105519301640271e-05
1.461152832390243,5.440791749955487e-05
1.4611582945273145,5.462137071532425e-06
1.461164765993634,6.471466319490915e-06
1.4614099933435614,0.0002452273499273794
1.4614407012474713,3.070790390991007e-05
1.4616089656078906,0.00016826436041927906
1.4616509781718203,4.201256392977193e-05
1.461828587726778,0.0001776095549577139
1.4619312811951632,0.00010269346838520654
1.4620904202355012,0.00015913904033793003
1.4622162712989708,0.0001258510634696286
1.4624794997965365,0.0002632284975656596
1.4624969098009166,1.7410004380158384e-05
1.4625084653762859,1.1555575369248672e-05
1.4625401013977362,3.1636021450287544e-05
1.4625881852341547,4.80838364185221e-05
1.4626116687165367,2.348348238201403e-05
1.4629682072300922,0.0003565385135555488
1.463009947281929,4.174005183665841e-05
1.4633929742610172,0.00038302697908831895
1.463492136638325,9.916237730767108e-05
1.463639468591859,0.00014733195353411332
1.4636850759266893,4.560733483027768e-05
1.463715196917018,3.0120990328619257e-05
1.4639322311866279,0.00021703426960995031
1.4643711721780654,0.00043894099143759746
1.4643745506113617,3.378433296230554e-06
1.464439158901219,6.460828985721534e-05
1.4645113066392499,7.214773803099206e-05
1.4648952327398557,0.00038392610060578036
1.465164146650781,0.0002689139109253169
1.4652670851565521,0.00010293850577114405
1.465300242917292,3.3157760739976894e-05
1.4653302205887635,2.9977671471392853e-05
1.4655899008341793,0.00025968024541578316
1.4657954610974049,0.0002055602632256015
1.4661721277854862,0.00037666668808133963
1.4662163486778717,4.4220892385427035e-05
1.4662169913222995,6.426444278950783e-07
1.4662917320608484,7.474073854885077e-05
1.4663636085779026,7.18765170542035e-05
1.4665777530575117,0.00021414447960910188
1.466714838238367,0.00013708518085531196
1.4667261950233,1.1356784932914366e-05
1.466992948696943,0.0002667536736431497
1.467223497684113,0.00023054898716989847
1.4672257873245942,2.289640481212274e-06
1.4672475016328876,2.1714308293452333e-05
1.467305018799548,5.751716666035911e-05
1.4674362324965735,0.00013121369702551178
1.4675390417890866,0.00010280929251305082
1.4675667515264676,2.7709737381087507e-05
1.4678715362871917,0.0003047847607240417
1.4678878203686114,1.6284081419737362e-05
1.4680125541574194,0.00012473378880795138
1.468234321956937,0.0002217677995175471
1.4682395490530564,5.227096119497787e-06
1.4682726546146145,3.310556155811106e-05
1.4686517481416714,0.00037909352705689514
1.4686845322969917,3.2784155320264574e-05
1.4687855474518698,0.00010101515487814794
1.4689991753870166,0.00021362793514678735
1.4690232150728308,2.403968581421445e-05
1.469037382796274,1.4167723443092584e-05
1.469052994309827,1.5611513553004386e-05
1.4690648475218453,1.1853212018353432e-05
1.4692442366326761,0.00017938911083081877
1.469283766295864,3.9529663187876096e-05
1.4693080639681868,2.429767232281499e-05
1.4694625665676033,0.00015450259941651723
1.4695083951283083,4.582856070500796e-05
1.469555644971206,4.7249842897612027e-05
1.469675172808493,0.00011952783728697014
1.469806173415839,0.00013100060734605457
1.469849524559094,4.335114325493272e-05
1.4700178658803118,0.0001683413212179019
1.470450371827369,0.00043250594705712686
1.4704554614199241,5.089592555185263e-06
1.470542371789654,8.691036972985344e-05
1.470619445692232,7.707390257793989e-05
1.4706493620889887,2.991639675675728e-05
1.4707550312646274,0.00010566917563870071
1.4709892096455346,0.00023417838090722398
1.4710241972908444,3.498764530984744e-05
1.4710662474247813,4.205013393687729e-05
1.4711199749557904,5.372753100907346e-05
1.471349875570547,0.00022990061475658408
1.4715787767550703,0.00022890118452334463
1.4717028198254565,0.00012404307038615947
1.472008505970212,0.0003056861447554571
1.4720221166134408,1.3610643228911812e-05
1.4720477113747303,2.559476128949356e-05
1.4722970997458855,0.0002493883711551792
1.4723472768735113,5.017712762578341e-05
1.4723890075675627,4.173069405144503e-05
1.4723961244345514,7.11686698862124e-06
1.4724959251085787,9.98006740273727e-05
1.4725212590663677,2.5333957788920003e-05
1.4728121362220095,0.00029087715564179994
1.4729427862676134,0.00013065004560397497
1.4730234564056983,8.067013808488177e-05
1.4730651955015908,4.173909589244573e-05
1.4731532361396764,8.804063808565132e-05
1.4731665649290626,1.3328789386202189e-05
1.4732557117242902,8.914679522753488e-05
1.4734522684091804,0.00019655668489027
1.4734616883410347,9.419931854326435e-06
1.4737298057217723,0.00026811738073750924
1.4737824200277647,5.2614305992459975e-05
1.4738775151164458,9.50950886811075e-05
1.4739862614120094,0.00010874629556356652
1.474291255201769,0.0003049937897596777
1.4746513369386474,0.0003600817368782927
1.4748019534987744,0.00015061656012704816
1.4749947660108067,0.0001928125120322921
1.4752362600317457,0.00024149402093898154
1.4753842181623016,0.000147958130555903
1.4753847099275823,4.917652807190365e-07
1.475409942813966,2.5232886383674824e-05
1.4756154899422993,0.00020554712833331656
1.4758158104562022,0.0002003205139029518
1.475865182684398,4.937222819578757e-05
1.4759417117634308,7.652907903277217e-05
1.4759782046821603,3.649291872953597e-05
1.4760378185562462,5.961387408581764e-05
1.476040197726054,2.3791698078312606e-06
1.4760708339150288,3.0636188974808576e-05
1.4760734392103019,2.6052952730726275e-06
1.476134177139091,6.073792878913409e-05
1.476413886810496,0.000279709671404893
1.4767522372076463,0.0003383503971503554
1.4769086445544184,0.00015640734677213608
1.4769634125696591,5.4768015240735934e-05
1.4771471652275017,0.0001837526578425397
1.4773006985674897,0.0001535333399880212
1.4776247821852981,0.0003240836178084461
1.477865114604047,0.00024033241874876765
1.4778973322755715,3.2217671524614744e-05
1.4780074919048738,0.00011015962930227552
1.4780208139031406,1.3321998266757618e-05
1.4783259095657586,0.000305095662618049
1.4783558044406755,2.9894874916891467e-05
1.4783583670121985,2.56257152297934e-06
1.4783886273155729,3.0260303374385344e-05
1.4784972285940434,0.00010860127847056589
1.4787067825753182,0.0002095539812747571
1.478925703029648,0.00021892045432991836
1.4790202679397755,9.456491012738155e-05
1.4790479868655104,2.7718925734943056e-05
1.4791543132290323,0.0001063263635219247
1.4792667288202597,0.0001124155912273217
1.4797877970899243,0.0005210682696645819
1.4800860642371825,0.00029826714725822434
1.4800984203681014,1.2356130918877994e-05
1.480237304385859,0.00013888401775763448
1.480255206932777,1.7902546918024953e-05
1.480399673918193,0.0001444669854160363
1.4804494159892425,4.974207104946338e-05
1.4805315154202707,8.209943102821526e-05
1.4807410435961796,0.00020952817590891293
1.481061539940267,0.00032049634408726213
1.4811192282729624,5.768833269548246e-05
1.4811497072011262,3.0478928163768515e-05
1.4811547194094885,5.012208362353832e-06
1.4812286575031208,7.393809363231973e-05
1.4814256074471106,0.00019694994398977705
1.4814768316697595,5.1224222648915685e-05
1.4818904474874441,0.0004136158176846205
1.4820051689475473,0.00011472146010316209
1.4820295957265992,2.4426779051900382e-05
1.4820919713287386,6.23756021393973e-05
1.4821050498486967,1.3078519958131807e-05
1.4822570677134579,0.00015201786476115586
1.4824096955106882,0.00015262779723035358
1.4824480684420693,3.83729313810921e-05
1.48293199919598,0.0004839307539106219
1.4830013401816802,6.934098570021696e-05
1.4833968246584637,0.00039548447678350307
1.483436688188879,3.986353041529611e-05
1.4836643724210956,0.00022768423221664058
1.4836878133115015,2.344089040584585e-05
1.4837410582447048,5.324493320335577e-05
1.4837517463817356,1.068813703075655e-05
1.4840726664303228,0.00032092004858719214
1.4842480253741261,0.00017535894380338313
1.4843167601045753,6.873473044910483e-05
1.4847681423064016,0.0004513822018263891
1.484781492849418,1.3350543016432681e-05
1.4848567822091139,7.528935969580708e-05
1.4848870455484635,3.0263339349634322e-05
1.4849482887628895,6.12432144260211e-05
1.4852004967638959,0.00025220800100633767
1.4852507147205094,5.021795661352968e-05
1.4852521058941637,1.3911736542748798e-06
1.4853092750849362,5.716919077247695e-05
1.4853160719049323,6.796819996157666e-06
1.485508549859628,0.0001924779546957911
1.4856364761928817,0.00012792633325364733
1.485740819909243,0.00010434371636125483
1.4860225416396708,0.0002817217304278419
1.486156624137719,0.00013408249804824912
1.486188850517987,3.2226380267896815e-05
1.4863008286936517,0.00011197817566466206
1.486331757944371,3.092925071923602e-05
1.4864062184186517,7.446047428083524e-05
1.4864065974085616,3.789899098993743e-07
1.4864858564673398,7.92590587781472e-05
1.486620797050652,0.00013494058331220415
1.4867943828209043,0.0001735857702522825
1.4868224476847107,2.8064863806465112e-05
1.4869307238747966,0.00010827619008590972
1.4872510980064337,0.00032037413163710227
1.4872800424129489,2.8944406515130083e-05
1.487432112891656,0.00015207047870724466
1.4875156937052187,8.35808135626337e-05
1.487539971536818,2.427783159930641e-05
1.4876367804623427,9.68089255246607e-05
1.4876786803029318,4.1899840589110227e-05
1.4876958369504365,1.7156647504679157e-05
1.487739813724085,4.397677364842423e-05
1.4881477492768502,0.0004079355527653039
1.488332944656039,0.00018519537918870732
1.4884767376785024,0.0001437930224634787
1.4885906044772645,0.00011386679876213002
1.4888678361259018,0.0002772316486372439
1.4889307094992603,6.28733733585296e-05
1.4890245086263565,9.379912709617244e-05
1.4892351099388736,0.00021060131251715575
1.489236838045346,1.7281064723650985e-06
1.4893015609308555,6.47228855095161e-05
1.4893696279286914,6.806699783590275e-05
1.489685464635732,0.0003158367070406065
1.489858312170043,0.00017284753431101585
1.4899291201346292,7.080796458613925e-05
1.490073407661881,0.00014428752725170746
1.4900836629438807,1.0255281999826948e-05
1.4901831651743866,9.950223050592122e-05
1.4903109063433908,0.00012774116900415855
1.4904955199280658,0.00018461358467503075
1.4904985055300057,2.9856019398977196e-06
1.4906577834109218,0.00015927788091607553
1.4908099043544387,0.00015212094351690908
1.4908255789406002,1.567458616147377e-05
1.4909498313059362,0.00012425236533597506
1.491120878636821,0.0001710473308849103
1.491180598356837,5.971972001583836e-05
1.4911906019839254,1.000362708847291e-05
1.4912803253791107,8.972339518531491e-05
1.491348625025889,6.829964677823597e-05
1.491555661053667,0.00020703602777816243
1.4916127579070073,5.709685334021053e-05
1.4916221311553808,9.373248373467646e-06
1.4916421711212131,2.0039965832330253e-05
1.4917808926172038,0.00013872149599070127
1.4918407189477019,5.982633049805841e-05
1.4918413753435553,6.56395853448899e-07
1.4918795337470048,3.815840344945087e-05
1.4920107079614127,0.000131174214407892
1.4920521083372067,4.1400375794031774e-05
1.4920549590159051,2.8506786984294763e-06
1.492057796744068,2.8377281628966244e-06
1.4922062220509131,0.00014842530684511246
1.4924932986360926,0.00028707658517945767
1.4925018069761282,8.508340035628947e-06
1.4926332060099918,0.00013139903386361063
1.4926691658599702,3.59598499783953e-05
1.4926748131848628,5.647324892610328e-06
1.4927665114111341,9.169822627130841e-05
1.4927696304569271,3.1190457929763937e-06
1.492809147041714,3.9516584786847275e-05
1.4928335572117621,2.4410170048172475e-05
1.4931121543445023,0.00027859713274014375
1.4938284503973112,0.0007162960528088735
1.4939974487337289,0.0001689983364177028
1.4941576052025909,0.00016015646886202717
1.4945974500620005,0.0004398448594096216
1.4947178742277483,0.00012042416574775672
1.4948215155445062,0.00010364131675788535
1.4948772965536097,5.5781009103528234e-05
1.4950079075061937,0.00013061095258404265
1.4951476812834652,0.0001397737772714791
1.4951585518644461,1.0870580980926192e-05
1.4952048343636903,4.628249924421013e-05
1.4952313387493186,2.6504385628234317e-05
1.4952840040011992,5.2665251880634756e-05
1.4953229115354683,3.890753426905036e-05
1.4956356615956048,0.00031275006013653517
1.4957321178644571,9.645626885235181e-05
1.4964317380593635,0.0006996201949063252
1.4964833152576327,5.1577198269203706e-05
1.4968199451054593,0.00033662984782667493
1.496897112246285,7.716714082572906e-05
1.4969178618500734,2.074960378828372e-05
1.496957749536684,3.988768661056241e-05
1.4971911704389547,0.0002334209022707423
1.4972161684427805,2.4998003825826842e-05
1.4972374513383437,2.128289556324603e-05
1.4972743918891038,3.694055076008951e-05
1.4975092008307511,0.00023480894164729094
1.497644807931454,0.000135607100702817
1.4977650335881278,0.00012022565667391127
1.4977717865336713,6.752945543420097e-06
1.49779358670123,2.1800167558705397e-05
1.4983144357227973,0.0005208490215673489
1.4983705237941256,5.6088071328286304e-05
1.498524004433196,0.00015348063907039133
1.4985375242939123,1.3519860716293408e-05
1.4987047184572264,0.00016719416331412162
1.4990219525088562,0.0003172340516297556
1.4995196156230617,0.0004976631142055155
1.4996789376490485,0.00015932202598678558
1.499701792006413,2.2854357364598954e-05
1.4997231268044073,2.1334797994265742e-05
1.4999886407474046,0.00026551394299723086
1.500196226029535,0.00020758528213038474
1.5003479846720629,0.0001517586425279216
1.5004236878905075,7.570321844463379e-05
1.5005585354005266,0.00013484751001913153
1.5007554972255461,0.00019696182501949266
1.5007832645260566,2.7767300510461723e-05
1.5008317484627647,4.848393670808804e-05
1.5009074154105893,7.566694782457084e-05
1.50114180350468,0.0002343880940907095
1.501172634802967,3.083129828707065e-05
1.501491442696907,0.00031880789394000963
1.5015993458901284,0.00010790319322140363
1.5019002993808157,0.0003009534906872613
1.502183080908613,0.00028278152779726007
1.5022502180621768,6.713715356387873e-05
1.5022753175068237,2.509944464690328e-05
1.502315119492577,3.980198575326277e-05
1.5025066673915255,0.00019154789894848534
1.5025093381206311,2.6707291056471405e-06
1.5027128424826828,0.00020350436205163192
1.5027300807684578,1.723828577504527e-05
1.5027374015026234,7.320734165539022e-06
1.5029509318938323,0.00021353039120897144
1.5031065603287126,0.00015562843488026168
1.5031143130583897,7.752729677124037e-06
1.5031446014942238,3.0288435834080474e-05
1.5033461820589218,0.00020158056469798957
1.5034167061610322,7.052410211039195e-05
1.5034791458615233,6.243970049113479e-05
1.5036176234159802,0.0001384775544568395
1.503787074157453,0.00016945074147289851
1.503800053343919,1.2979186466033354e-05
1.5039599342391858,0.00015988089526675076
1.5045512182829768,0.0005912840437909406
1.504661913373326,0.00011069509034933311
1.5046776192501987,1.570587687260705e-05
1.5047551934273762,7.757417717746407e-05
1.5049698571208248,0.00021466369344858016
1.5050794570704376,0.00010959994961279307
1.5054354548164335,0.0003559977459959285
1.5055628693684633,0.00012741455202980312
1.505568041462322,5.172093858751836e-06
1.5056219193038674,5.387784154531339e-05
1.505866040712096,0.00024412140822871464
1.506126862192174,0.0002608214800778885
1.5063114570920673,0.0001845948998933089
1.506805850840458,0.0004943937483907757
1.5069483502329228,0.00014249939246480103
1.5069606966733151,1.2346440392274616e-05
1.5070672388942845,0.0001065422209693967
1.5070853617878355,1.8122893550964747e-05
1.5070916880101686,6.32622233309732e-06
1.5073185607097876,0.00022687269961907397
1.5074178517761236,9.92910663359936e-05
1.5074738778897123,5.6026113588680815e-05
1.5075218792459188,4.8001356206528456e-05
1.5076066260553265,8.474680940762092e-05
1.5076279487170032,2.1322661676759225e-05
1.5077082932096846,8.034449268135013e-05
1.507727984243955,1.9691034270463703e-05
1.5077790536737419,5.106942978683193e-05
1.5078401993085961,6.114563485426494e-05
1.5078474195512799,7.220242683736444e-06
1.5083748169973765,0.0005273974460966446
1.5084110370635677,3.622006619119489e-05
1.5086258716642544,0.00021483460068671967
1.5086284979661382,2.6263018837457963e-06
1.5087905556711056,0.00016205770496746652
1.508904571909987,0.00011401623888129819
1.5089434085287645,3.8836618777571275e-05
1.509248903097359,0.00030549456859452206
1.5093784671798445,0.00012956408248543383
1.5094432149436765,6.474776383202929e-05
1.509547163816894,0.00010394887321751867
1.5095573686426718,1.0204825777737625e-05
1.5095636250382454,6.256395573611684e-06
1.5096221534958545,5.85284576091194e-05
1.509646896895126,2.474339927149849e-05
1.5099264383743582,0.00027954147923225925
1.5100767747137167,0.00015033633935845891
1.5106120079130754,0.0005352331993586645
1.5106897405578332,7.773264475785524e-05
1.5107203975408612,3.065698302795461e-05
1.5107524982479787,3.2100707117566074e-05
1.5108230360549737,7.053780699495249e-05
1.5108935014579286,7.04654029548557e-05
1.5110640873902184,0.0001705859322898018
1.5111151423491755,5.105495895718626e-05
1.51124157833399,0.00012643598481454354
1.5112856115210285,4.403318703838366e-05
1.5115262616151985,0.00024065009417006955
1.5116447447016368,0.00011848308643824801
1.5117019995376386,5.72548360018299e-05
1.511781887561404,7.988802376535098e-05
1.511922335152407,0.00014044759100295678
1.5119255077256393,3.1725732323462097e-06
1.5122912789371883,0.00036577121154901526
1.5123091241248174,1.784518762915077e-05
1.5123615091496592,5.238502484172791e-05
1.5127502584981762,0.0003887493485170701
1.5127882550916611,3.7996593484912466e-05
1.5132376982375546,0.0004494431458934578
1.5132932866615545,5.558842399988606e-05
1.5133710925188686,7.780585731409495e-05
1.513688557840117,0.0003174653212483225
1.513787863458179,9.930561806203997e-05
1.5139037003706741,0.00011583691249517081
1.5139443539915662,4.0653620892117104e-05
1.5140782901267562,0.0001339361351899715
1.5142271028799263,0.00014881275317013554
1.5144092561865277,0.00018215330660131812
1.5144370314819713,2.7775295443621673e-05
1.5144783430457363,4.1311563764967474e-05
1.5148787680957123,0.0004004250499760609
1.5149914315025952,0.00011266340688287357
1.5149956436346699,4.212132074687958e-06
1.5150117947893793,1.6151154709431736e-05
1.5150833082258373,7.151343645794839e-05
1.5151731222877336,8.981406189634278e-05
1.5151755184189257,2.396131192128337e-06
1.5154438641211647,0.00026834570223899235
1.5155022642618852,5.84001407204493e-05
1.515639736535542,0.0001374722736569023
1.5157036359797942,6.389944425211347e-05
1.5158643997419567,0.0001607637621625635
1.5159227383823388,5.8338640382071816e-05
1.516090926280327,0.00016818789798822564
1.5161814558069064,9.052952657939706e-05
1.5162347252522925,5.32694453860838e-05
1.5164154758596986,0.00018075060740607718
1.5165749329023306,0.00015945704263198301
1.516684795123346,0.00010986222101538878
1.516726348538645,4.1553415299100394e-05
1.5167372112051298,1.0862666484756645e-05
1.5169181519017287,0.000180940696598908
1.5172203899845094,0.0003022380827806259
1.5173142505690307,9.38605845213214e-05
1.5173186583684708,4.407799440109272e-06
1.517410402401203,9.174403273215503e-05
1.5175254136376324,0.00011501123642942979
1.517705865867789,0.00018045223015672462
1.5177146117385452,8.74587075605504e-06
1.5178282229935556,0.00011361125501041514
1.5178658572301478,3.763423659219889e-05
1.5180490931685455,0.0001832359383977522
1.518166011776112,0.000116918607566463
1.518323735328942,0.000157723552830058
1.518375394773006,5.165944406404499e-05
1.5184796074883165,0.00010421271531035892
1.5185557118011055,7.610431278903818e-05
1.5186961913162484,0.00014047951514295498
1.5187469609717694,5.07696555209769e-05
1.5188655127394166,0.00011855176764719033
1.5191296425356953,0.00026412979627865596
1.5191591360510086,2.9493515313339103e-05
1.5192659227111505,0.00010678666014185545
1.5194804020817199,0.00021447937056939814
1.5197492728110515,0.00026887072933168277
1.5197726956365258,2.3422825474295195e-05
1.5198339716645615,6.127602803562837e-05
1.5199146362844496,8.066461988809337e-05
1.5199969793795045,8.234309505494863e-05
1.5201357079479796,0.0001387285684750772
1.5201527993831314,1.7091435151828094e-05
1.5201971985741236,4.4399190992194804e-05
1.5204970041941313,0.00029980562000764266
1.520683266073609,0.00018626187947767825
1.520839548934958,0.00015628286134905522
1.5209932391842973,0.00015369024933931108
1.5211566500604123,0.00016341087611504435
1.5214722299717822,0.00031557991136987873
1.521530226346123,5.7996374340785195e-05
1.5216382461843874,0.00010801983826436157
1.521663276907301,2.5030722913710335e-05
1.5217017018118286,3.842490452754532e-05
1.5219003131378814,0.00019861132605281107
1.5220838619770596,0.00018354883917814924
1.5221491319332787,6.526995621913834e-05
1.5221703991180624,2.1267184783679838e-05
1.522305028427891,0.00013462930982854893
1.5225693312113102,0.00026430278341926794
1.522894642041606,0.00032531083029585517
1.5230945106173763,0.00019986857577025674
1.5232091207742027,0.00011461015682634468
1.5232709006878484,6.177991364575419e-05
1.5233456428223435,7.474213449509826e-05
1.523430052737477,8.440991513336549e-05
1.5235845030344948,0.00015445029701788293
1.5238575741074212,0.00027307107292640076
1.523866903128277,9.329020855819437e-06
1.523972698428054,0.00010579529977694513
1.524380453579097,0.0004077551510430766
1.5244919748936474,0.00011152131455038905
1.5245247545796652,3.277968601778092e-05
1.5246021953591293,7.744077946414407e-05
1.524617444764181,1.524940505159833e-05
1.5247525532230473,0.00013510845886632872
1.524921985761212,0.00016943253816470438
1.5249745246248412,5.253886362921456e-05
1.5249903488373628,1.582421252166455e-05
1.525014901218163,2.4552380800235696e-05
1.5254759885274591,0.0004610873092960599
1.5255362256621605,6.02371347013797e-05
1.5258759265156538,0.0003397008534933299
1.5259859408458252,0.00011001433017132634
1.5260707655293513,8.482468352610795e-05
1.5261098705943974,3.910506504611888e-05
1.52625806818734,0.00014819759294248946
1.526314935859912,5.6867672572069594e-05
1.5263842242202503,6.928836033837094e-05
1.5265625796378388,0.00017835541758848272
1.5270062519673773,0.00044367232953845814
1.5271618461702912,0.00015559420291388903
1.5273702916387446,0.00020844546845344425
1.527431210805766,6.091916702133382e-05
1.5277588697987998,0.0003276589930338858
1.5280105876428494,0.0002517178440495371
1.5280811010635849,7.051342073549627e-05
1.5282304799576587,0.0001493788940738483
1.5283005800685958,7.010011093711022e-05
1.528470722725137,0.00017014265654125005
1.5286273000242652,0.00015657729912810225
1.528773271750635,0.00014597172636987565
1.5288070809402343,3.380918959927648e-05
1.5290673069053575,0.0002602259651232064
1.5291144451771506,4.713827179303465e-05
1.5291787135126849,6.4268335534301e-05
1.5292892718471314,0.00011055833444650887
1.529366426365562,7.715451843059995e-05
1.5294607352585694,9.430889300743317e-05
1.529505566040974,4.483078240458127e-05
1.5295785138586078,7.294781763378388e-05
1.5296512886164797,7.277475787192955e-05
1.5297234812617684,7.21926452886823e-05
1.5297388570151405,1.5375753372071088e-05
1.5299216192108052,0.00018276219566470964
1.5300471448726223,0.00012552566181711633
1.5303666892079393,0.0003195443353170013
1.530519199401455,0.00015251019351580908
1.5308579485189997,0.00033874911754461223
1.5309377973689418,7.984884994205466e-05
1.5312142104899873,0.00027641312104553784
1.5316107871574045,0.0003965766674172144
1.531617522764241,6.7356068365054256e-06
1.531835726105353,0.0002182033411119999
1.5320371304628113,0.00020140435745830132
1.5322313372352545,0.00019420677244319506
1.532254664802435,2.3327567180597697e-05
1.5323745362803654,0.00011987147793024455
1.5328187934608841,0.00044425718051877006
1.532833654768271,1.486130738692637e-05
1.5328503286181845,1.667384991344001e-05
1.532973641185831,0.00012331256764652743
1.5329984427652148,2.4801579383781913e-05
1.5333190652108366,0.00032062244562180986
1.5333565494171015,3.74842062649261e-05
1.533478911349522,0.00012236193242043392
1.5334855265221286,6.615172606583286e-06
1.5334872635028889,1.7369807603362375e-06
1.533679173973826,0.00019191047093713998
1.5340010647484446,0.00032189077461852733
1.5340252055625543,2.4140814109729902e-05
1.5344677356387986,0.0004425300762442852
1.5346417919253839,0.00017405628658528904
1.5347024314965172,6.063957113333629e-05
1.534746850555903,4.4419059385791826e-05
1.5347895540387857,4.2703482882711086e-05
1.5350178966903558,0.00022834265157012368
1.5350306170728092,1.2720382453368373e-05
1.535044059771681,1.3442698871823922e-05
1.5351375527896423,9.349301796124365e-05
1.5353268066555539,0.00018925386591162052
1.5353436694656974,1.6862810143569718e-05
1.5353805265705875,3.685710489009786e-05
1.535671944822997,0.00029141825240941444
1.5359211192089164,0.0002491743859194262
1.5361934959168893,0.0002723767079728656
1.5362155396587318,2.2043741842558973e-05
1.5363759867066458,0.00016044704791395858
1.5363868041390898,1.0817432444021335e-05
1.5365020165291274,0.0001152123900376445
1.5365637787452044,6.176221607701038e-05
1.5366364996118496,7.272086664511512e-05
1.5367726204806236,0.00013612086877401453
1.5368189533823557,4.6332901732171194e-05
1.5370031390676568,0.00018418568530109702
1.5371795663559449,0.0001764272882880391
1.537290399169492,0.0001108328135470682
1.5374057659333538,0.00011536676386181277
1.5374239318865526,1.816595319881209e-05
1.5375050036718858,8.1071785333231e-05
1.5375285996289427,2.359595705692108e-05
1.5377137597600479,0.0001851601311051443
1.5377725386667846,5.8778906736778325e-05
1.53783256775066,6.002908387525707e-05
1.5378686778840147,3.6110133354805285e-05
1.537883941283962,1.5263399947285095e-05
1.5379746969055208,9.075562155880235e-05
1.53800289314677,2.8196241249167642e-05
1.5380446538452843,4.176069851435926e-05
1.5382248106546497,0.0001801568093653394
1.5383217161684835,9.690551383378931e-05
1.538641548852979,0.0003198326844955357
1.538696054455485,5.450560250608305e-05
1.5389063091949937,0.00021025473950864182
1.5389806065764768,7.429738148312381e-05
1.5390774580192554,9.685144277860047e-05
1.5391347438733995,5.728585414410681e-05
1.5392470054683938,0.00011226159499422295
1.5396016202755884,0.0003546148071946753
1.539605426605208,3.8063296194934537e-06
1.5396129622195212,7.535614313214367e-06
1.5397380003570347,0.00012503813751352233
1.539747096211164,9.09585412922631e-06
1.5398986783662638,0.00015158215509991635
1.540032242260218,0.00013356389395413615
1.5401224120376331,9.016977741516108e-05
1.5404302720267065,0.00030785998907334466
1.5404579219742873,2.7649947580865586e-05
1.5406589809374307,0.00020105896314337457
1.54072810913639,6.912819895932287e-05
1.5408413460969623,0.00011323696057230492
1.5411731733523126,0.0003318272553503032
1.54135906340146,0.00018589004914737473
1.541398463969777,3.940056831708283e-05
1.5415118149604594,0.00011335099068232601
1.5415716659243746,5.985096391514233e-05
1.5415720710853396,4.051609650002064e-07
1.5417482137112928,0.00017614262595322394
1.5417555447242877,7.331012994882258e-06
1.5423264782727706,0.0005709335484829214
1.5425010057157276,0.0001745274429569843
1.5425025257556828,1.520039955238417e-06
1.5425147656262514,1.2239870568642175e-05
1.542942158744845,0.00042739311859363305
1.5432695612728045,0.0003274025279593751
1.5433204060889147,5.0844816110284796e-05
1.543590540795189,0.00027013470627434977
1.5436259956030218,3.545480783273547e-05
1.543696847699707,7.085209668522552e-05
1.543812488247114,0.00011564054740698104
1.5441573806025188,0.00034489235540480223
1.5441933402395627,3.595963704383642e-05
1.5447974591788536,0.0006041189392909097
1.544938460133048,0.00014100095419444791
1.5449896926586806,5.123252563254965e-05
1.545447394403796,0.0004577017451155019
1.5456258315575244,0.00017843715372833913
1.5458702175709726,0.00024438601344822786
1.545906997660384,3.6780089411436734e-05
1.5461848751531782,0.00027787749279406526
1.5461891811222765,4.305969098394868e-06
1.5462914848709357,0.00010230374865916048
1.5465406818934986,0.0002491970225628748
1.546656109158891,0.00011542726539248704
1.546704259021958,4.814986306689306e-05
1.5468052872561795,0.00010102823422153406
1.5468783700853674,7.308282918794262e-05
1.5470531457603502,0.00017477567498280777
1.5471020460132308,4.8900252880512696e-05
1.547487124737398,0.00038507872416726485
1.5474902224014735,3.0976640754687423e-06
1.547599890972655,0.00010966857118144269
1.5479305566220765,0.0003306656494215243
1.548132404861713,0.00020184823963664833
1.5483053576658194,0.00017295280410634106
1.5483755722046635,7.021453884403783e-05
1.5483986181046068,2.3045899943285875e-05
1.5485345454503756,0.00013592734576883814
1.548754195768366,0.00021965031799031642
1.5490240069632515,0.0002698111948855608
1.549182776980479,0.00015877001722741646
1.5492054520813643,2.267510088538316e-05
1.5493112786298067,0.00010582654844237815
1.5493623121709184,5.103354111168912e-05
1.5502105228706684,0.0008482106997500516
1.550346880516631,0.00013635764596253708
1.550373813050901,2.6932534270107666e-05
1.5503748045533077,9.915024066220468e-07
1.5504824564057325,0.00010765185242478381
1.5505887981411823,0.00010634173544987746
1.5506432431433104,5.444500212803405e-05
1.55089306004001,0.00024981689669956175
1.5508953126076643,2.2525676544038475e-06
1.5509285449838808,3.323237621644104e-05
1.5511629233487547,0.00023437836487394392
1.5511929893305192,3.006598176447106e-05
1.551293780263564,0.00010079093304482534
1.5514423603803313,0.0001485801167673273
1.551558239452903,0.00011587907257171182
1.5517111270070878,0.0001528875541847441
1.551773168540065,6.20415329772861e-05
1.5518455189028622,7.235036279706897e-05
1.5518570934016194,1.157449875721639e-05
1.5518885852159892,3.149181436978843e-05
1.5519330732433927,4.448802740353308e-05
1.5520862606864898,0.00015318744309711363
1.5520885020140112,2.241327521357306e-06
1.5522915747905348,0.00020307277652364952
1.5524083514836258,0.00011677669309095862
1.5524120919164024,3.7404327766221712e-06
1.5524486974739204,3.660555751805461e-05
1.5524623338074361,1.3636333515698595e-05
1.5525579840864014,9.565027896529799e-05
1.5526128251851377,5.484109873621357e-05
1.5528064709047058,0.00019364571956814736
1.5529125961316514,0.00010612522694564142
1.553206988322817,0.00029439219116556004
1.5534019581668383,0.0001949698440213421
1.5538579385876026,0.00045598042076422374
1.553904418889577,4.6480301974405336e-05
1.553905544041132,1.1251515550370073e-06
1.5539213681847879,1.58241436558626e-05
1.554052787984241,0.0001314197994530808
1.5542751852954466,0.00022239731120565764
1.5542769685228137,1.783227367102569e-06
1.5542808460690756,3.8775462618545475e-06
1.5543323085359666,5.146246689102796e-05
1.554334276737856,1.968201889468446e-06
1.5543966880972369,6.241135938078735e-05
1.5544389737500768,4.2285652839924026e-05
1.554599182841088,0.0001602090910111098
1.555035223126449,0.00043604028536115
1.555084529933409,4.930680696002554e-05
1.555134452396458,4.992246304902359e-05
1.5553873915669276,0.00025293917046953496
1.5553971771973323,9.785630404657297e-06
1.555547517255365,0.00015034005803271633
1.555637013794526,8.949653916090483e-05
1.5556412732578226,4.259463296740762e-06
1.5558991962215072,0.0002579229636845426
1.5563651282799396,0.0004659320584323723
1.5565197877645687,0.00015465948462911605
1.55661198982039,9.220205582138874e-05
1.556893544866511,0.0002815550461210403
1.5569493898903297,5.584502381861256e-05
1.5576980800827422,0.0007486901924125267
1.5579269955616928,0.0002289154789505421
1.5579314508584454,4.455296752636784e-06
1.5580212136920761,8.976283363071325e-05
1.5580890364472015,6.782275512540181e-05
1.5581998410086872,0.00011080456148571116
1.55829848996679,9.864895810274277e-05
1.5588921993196283,0.0005937093528383119
1.5592069993846576,0.0003148000650292637
1.559458494212163,0.0002514948275054163
1.5594728840254528,1.4389813289827913e-05
1.559610314394264,0.00013743036881108672
1.5596135717570072,3.2573627433141183e-06
1.559706842595135,9.327083812782355e-05
1.5597548570448754,4.801444974034119e-05
1.5597822729425317,2.741589765631325e-05
1.5599783017052637,0.00019602876273205894
1.5600127119850151,3.441027975137345e-05
1.5603420686372897,0.00032935665227462607
1.5603869433201292,4.4874682839424196e-05
1.5607803846226342,0.0003934413025050709
1.5608286987543414,4.831413170713894e-05
1.5608978374215858,6.91386672444505e-05
1.5609432132494547,4.537582786889871e-05
1.560990584124154,4.737087469930401e-05
1.5610882529046912,9.766878053718564e-05
1.561227452972679,0.00013920006798784357
1.561252691296055,2.5238323375864624e-05
1.5613906128115245,0.00013792151546954123
1.5614913808989153,0.00010076808739079013
1.5615269303061932,3.554940727790168e-05
1.5617091963539946,0.0001822660478014715
1.5620496774664865,0.00034048111249185276
1.5622393115584912,0.00018963409200467574
1.5622438103086114,4.4987501202076174e-06
1.5622697588976697,2.594858905835551e-05
1.562372985969014,0.00010322707134435838
1.5625629480329162,0.0001899620639020938
1.5627577172689995,0.0001947692360833031
1.5629669481358979,0.0002092308668983911
1.562978120356074,1.1172220176103309e-05
1.562984869729035,6.749372960968003e-06
1.563084489470705,9.961974167005394e-05
1.5631959281725825,0.0001114387018774643
1.5633469151603188,0.00015098698773630126
1.5634374913427576,9.057618243879517e-05
1.563541462575717,0.00010397123295935451
1.5635629526302506,2.1490054533668257e-05
1.5636449858196317,8.203318938115878e-05
1.5641098445097623,0.00046485869013057624
1.5642584603672622,0.000148615857499923
1.564338304083394,7.984371613178887e-05
1.5644764742124027,0.00013817012900863013
1.5645105095302638,3.4035317861169645e-05
1.5645400319632827,2.952243301890256e-05
1.5645425868688687,2.554905585983036e-06
1.5647853214233929,0.00024273455452417103
1.5648336614382368,4.834001484388395e-05
1.5649065081037865,7.284666554974173e-05
1.565046435576553,0.00013992747276647677
1.5652383225125919,0.0001918869360388875
1.5652526645349618,1.4342022369939755e-05
1.565316435112374,6.377057741224768e-05
1.565350577971667,3.414285929292937e-05
1.565485899376136,0.0001353214044690354
1.5655244614935637,3.856211742769844e-05
1.5657044885934732,0.0001800270999094966
1.5658425333994916,0.0001380448060184225
1.5658640522191147,2.151881962308977e-05
1.5660997901288802,0.0002357379097654988
1.566104827213243,5.037084362724542e-06
1.566368237185611,0.00026340997236795616
1.5664472857218734,7.904853626250485e-05
1.566521674805346,7.438908347268125e-05
1.5672787759640572,0.0007571011587110821
1.5672951702578999,1.6394293842703078e-05
1.567355777806788,6.060754888803643e-05
1.5674729966611238,0.00011721885433590984
1.5674916099626246,1.8613301500769452e-05
1.5677242118070733,0.0002326018444487321
1.5677694900396595,4.527823258615449e-05
1.5678311431681125,6.165312845296533e-05
1.5681965127206778,0.0003653695525653866
1.5685651963633522,0.00036868364267439446
1.5686128504007673,4.765403741502361e-05
1.5686724300065695,5.9579605802273505e-05
1.5687501502808494,7.772027427987993e-05
1.5690296516671818,0.0002795013863323703
1.569191671961054,0.0001620202938721338
1.5692805496894227,8.887772836874142e-05
1.5693887983015398,0.00010824861211711223
1.5695026091663056,0.00011381086476580649
1.569658102414143,0.0001554932478373683
1.5697058622344826,4.775982033966564e-05
1.5698182921558261,0.00011242992134352647
1.5700016648256354,0.00018337266980927858
1.5700257888787783,2.412405314289323e-05
1.5702977573798091,0.00027196850103083925
1.5703119153733125,1.4157993503349786e-05
1.571037055626152,0.0007251402528394291
1.5716771590728909,0.0006401034467389266
1.5716895179766646,1.2358903773712626e-05
1.5717114710377496,2.19530610849894e-05
1.5719583207959147,0.0002468497581651352
1.5722539916674743,0.0002956708715595724
1.5724460698669924,0.00019207819951816418
1.5724755224639346,2.9452596942203257e-05
1.5724842800467627,8.75758282803396e-06
1.5727715289535362,0.00028724890677356285
1.5729097171293447,0.00013818817580846243
1.5730192996746717,0.00010958254532700273
1.5731316610636543,0.00011236138898262915
1.5731919873295768,6.032626592245016e-05
1.5734121211920997,0.0002201338625229532
1.5734711596394004,5.903844730070773e-05
1.5735388089329676,6.764929356717353e-05
1.5735877158544778,4.890692151016118e-05
1.5737040447834436,0.00011632892896584757
1.5737241175695056,2.007278606197538e-05
1.573761633041292,3.751547178643122e-05
1.573994079299852,0.00023244625855989298
1.574148588440308,0.00015450914045600506
1.5742433919519079,9.480351159996125e-05
1.5744577659568344,0.0002143740049265208
1.574492294725808,3.4528768973585144e-05
1.5747220012139527,0.00022970648814468753
1.574769324797088,4.7323583135305824e-05
1.5751107499419998,0.0003414251449118666
1.5751189306748927,8.180732892881792e-06
1.575181448504628,6.251782973532016e-05
1.5754587728973006,0.00027732439267258435
1.575523098146598,6.432524929733674e-05
1.5756065050141141,8.34068675161781e-05
1.5756391681213258,3.2663107211616804e-05
1.5762344075230483,0.0005952394017225693
1.5763070720714822,7.266454843390946e-05
1.5763507866481743,4.3714576692055473e-05
1.5764733552759536,0.00012256862777926258
1.5765581745952466,8.48193192930502e-05
1.5766368536379192,7.86790426725581e-05
1.5767649505972041,0.00012809695928495124
1.5771119335771377,0.0003469829799336299
1.5773157417294796,0.00020380815234188887
1.5778678122346068,0.0005520705051271779
1.5779039482097925,3.613597518570266e-05
1.577934060962483,3.0112752690492073e-05
1.5784190867331345,0.00048502577065145935
1.5786595138150377,0.00024042708190319395
1.5788543150068348,0.00019480119179715594
1.5788596881440224,5.373137187625332e-06
1.5789322380234563,7.25498794338364e-05
1.5792016069955424,0.00026936897208607036
1.5793716900851145,0.00017008308957211504
1.5795737898232067,0.0002020997380922651
1.5796705903005501,9.680047734339503e-05
1.5799172764604743,0.00024668615992418097
1.5803081316842542,0.0003908552237799068
1.580544989881603,0.00023685819734886593
1.5805716484537653,2.665857216221923e-05
1.5807355209032035,0.0001638724494381627
1.5807670424759703,3.152157276686829e-05
1.5808127993975203,4.5756921549955365e-05
1.5808215572902895,8.75789276921779e-06
1.5812979303431074,0.0004763730528178911
1.581306685092819,8.75474971162582e-06
1.5813261169503972,1.9431857578133815e-05
1.5815620505887853,0.00023593363838814163
1.5816923153299502,0.0001302647411649538
1.5821601517569004,0.00046783642695014116
1.5822793081656175,0.00011915640871706934
1.5823397163196553,6.0408154037849826e-05
1.5825866444668644,0.00024692814720905787
1.5827742979937667,0.0001876535269023094
1.582899148698188,0.00012485070442136426
1.5830195279268082,0.00012037922862018213
1.5830232183925825,3.690465774308649e-06
1.5833674314336996,0.00034421304111709183
1.583505811732806,0.00013838029910639982
1.583574262527175,6.845079436890167e-05
1.5840020711078462,0.0004278085806712628
1.584099609452394,9.753834454784283e-05
1.5841056414004526,6.031948058593528e-06
1.584161227650599,5.558625014634444e-05
1.5842315197689278,7.029211832887405e-05
1.584354917183778,0.0001233974148502348
1.5843659781158879,1.1060932109785426e-05
1.5845081278691833,0.00014214975329540636
1.5846940767775646,0.00018594890838130596
1.58472344351983,2.9366742265501955e-05
1.5847862952773517,6.285175752163141e-05
1.58478996080323,3.665525878382425e-06
1.585171394405705,0.0003814336024750009
1.5853205005751998,0.000149106169494706
1.5853878195249753,6.731894977551889e-05
1.5854337456850311,4.592616005583139e-05
1.5857542990436206,0.00032055335858949263
1.5860158577403498,0.0002615586967291694
1.586149462221019,0.00013360448066923603
1.5861512066485084,1.7444274893474443e-06
1.5861797987093078,2.859206079941501e-05
1.5862937033715316,0.00011390466222382933
1.5865957750776583,0.0003020717061266165
1.58666111690665,6.534182899176066e-05
1.5867323901867587,7.127328010869682e-05
1.5867877389894278,5.5348802669108466e-05
1.5868574111475546,6.967215812681005e-05
1.5868751507197811,1.7739572226505018e-05
1.5877889685170803,0.0009138177972991546
1.587962119901349,0.00017315138426865495
1.5879764808248822,1.4360923533240921e-05
1.588011136703963,3.465587908091372e-05
1.5880335274145903,2.2390710627151478e-05
1.5883538301561064,0.0003203027415161763
1.588426227602742,7.239744663567471e-05
1.588538473482512,0.0001122458797699899
1.5886691062300975,0.0001306327475854019
1.5886719562299756,2.849999878096199e-06
1.588754221423402,8.226519342646732e-05
1.588935732849274,0.00018151142587186087
1.5889422394098305,6.506560556562846e-06
1.5890316589009215,8.941949109098069e-05
1.5890795495131405,4.78906122189926e-05
1.5890928204665338,1.3270953393318408e-05
1.5891886553942218,9.583492768805435e-05
1.589446764518823,0.0002581091246012246
1.5895452922669182,9.85277480951563e-05
1.5895465646676827,1.27240076452928e-06
1.5896386447901414,9.208012245864872e-05
1.589653598592,1.4953801858563764e-05
1.5897595529174964,0.0001059543254964268
1.5900934011065746,0.000333848189078223
1.590275371223825,0.00018197011725029633
1.590397969819436,0.00012259859561103426
1.5904877700317681,8.98002123321806e-05
1.5905110906337476,2.3320601979515132e-05
1.5905668376979618,5.5747064214184405e-05
1.5911243651421498,0.0005575274441880218
1.591179894364793,5.5529222643180276e-05
1.5911827997575652,2.905392772145632e-06
1.5912271781215919,4.437836402670925e-05
1.5913825133425055,0.00015533522091359941
1.5914252821911956,4.276884869014452e-05
1.5915321689695683,0.00010688677837267235
1.5915919585374882,5.978956791996559e-05
1.5917052417188537,0.00011328318136549775
1.5919569110101863,0.0002516692913325791
1.5920136471953044,5.673618511803369e-05
1.5926446586628527,0.0006310114675482925
1.5930176042752802,0.000372945612427511
1.5930861720114131,6.856773613295175e-05
1.5930967882121823,1.0616200769142381e-05
1.5931418173893817,4.502917719939603e-05
1.5931599220457737,1.8104656392070595e-05
1.5933323958403502,0.000172473794576522
1.5936546568271277,0.0003222609867774562
1.5937240053429136,6.934851578588308e-05
1.5938371683885648,0.00011316304565123225
1.5939651491223852,0.00012798073382036534
1.5939718863231869,6.737200801687493e-06
1.5941275612210708,0.0001556748978839284
1.594164024428541,3.646320747030529e-05
1.5943084317944989,0.00014440736595777715
1.594718781071238,0.00041034927673910815
1.5947621545577522,4.3373486514175497e-05
1.594796176365708,3.402180795575305e-05
1.5949801080562511,0.00018393169054320424
1.595053179585822,7.307152957092278e-05
1.59517520409193,0.00012202450610798721
1.5953973840636917,0.00022217997176166016
1.5954523262018483,5.494213815659954e-05
1.5956963584767803,0.00024403227493197122
1.5957727380855087,7.637960872841631e-05
1.596270372062745,0.0004976339772362337
1.5965622754049855,0.000291903342240607
1.5971924508212152,0.0006301754162296724
1.5975496769076292,0.00035722608641397535
1.5976122757839388,6.259887630966077e-05
1.5977184257460364,0.00010614996209756811
1.5977991172338144,8.069148777800628e-05
1.597870770993757,7.165375994255818e-05
1.5979268143150953,5.604332133835044e-05
1.597979942531144,5.3128216048747845e-05
1.59807819349709,9.825096594595628e-05
1.5982952918252078,0.00021709832811778185
1.59830905744368,1.37656184722168e-05
1.5984452012033776,0.0001361437596976156
1.5985277350161355,8.253381275791227e-05
1.5986113964178819,8.366140174631553e-05
1.5988601714143464,0.0002487749964645847
1.5990077620616863,0.00014759064733982363
1.5990529455345426,4.5183472856313855e-05
1.5991981174828596,0.00014517194831698
1.5992427295260279,4.4612043168301696e-05
1.5993419054537203,9.917592769248529e-05
1.5993742223298741,3.231687615379286e-05
1.5994468503400012,7.262801012708486e-05
1.5994830039937307,3.615365372944268e-05
1.5995622954430708,7.929144934015753e-05
1.5997259241874333,0.0001636287443624873
1.5998301297747688,0.00010420558733548191
1.600299968299226,0.0004698385244572556
1.6007087598997876,0.00040879160056150887
1.6007513841486718,4.262424888423766e-05
1.6007538685185796,2.4843699077958803e-06
1.600842647485165,8.877896658532336e-05
1.6009285139850709,8.586649990593997e-05
1.6011810748946136,0.0002525609095427317
1.601329019061297,0.00014794416668340027
1.6013362672954223,7.248234125345476e-06
1.601712269608613,0.000376002313190682
1.6017729468297544,6.0677221141336446e-05
1.601881542255731,0.00010859542597674299
1.6018859677144344,4.425458703272156e-06
1.6019157142834892,2.9746569054855954e-05
1.6019659866372375,5.027235374832628e-05
1.6019982229807816,3.2236343544100876e-05
1.6020018515074972,3.6285267155378165e-06
1.6021684976378425,0.00016664613034533815
1.602279659111882,0.0001111614740394451
1.6025915064602,0.0003118473483181283
1.6026099116420376,1.8405181837488627e-05
1.6026288670269861,1.8955384948560194e-05
1.6030039825732973,0.0003751155463111999
1.6030239704787441,1.9987905446772203e-05
1.6030333687150213,9.398236277213812e-06
1.60303942491651,6.0562014887466376e-06
1.6033300166964473,0.0002905917799371771
1.603588517975263,0.0002585012788156593
1.6037077542079714,0.00011923623270848616
1.6037271096489676,1.9355440996182693e-05
1.6037565090711972,2.939942222957015e-05
1.6039139175437631,0.00015740847256595636
1.6041078485184102,0.00019393097464703857
1.6041702610447839,6.241252637373407e-05
1.6042348605245467,6.459947976278357e-05
1.6043482704758618,0.00011340995131514653
1.604445224663924,9.69541880622149e-05
1.6044503750091432,5.150345219195884e-06
1.6047149846335238,0.000264609624380574
1.6048835406143536,0.00016855598082976542
1.6049439951273734,6.04545130198364e-05
1.6049579560184137,1.3960891040332157e-05
1.605199904199124,0.00024194818071032742
1.605385132657943,0.00018522845881885353
1.6054316819371968,4.654927925384911e-05
1.6055086363656068,7.695442841004763e-05
1.6055127478827609,4.111517154070654e-06
1.6055758294722478,6.30815894868686e-05
1.6058981534300183,0.0003223239577705428
1.6059417791904813,4.362576046301747e-05
1.605946774159035,4.994968553662105e-06
1.6059493047417408,2.5305827058286212e-06
1.605963887151301,1.4582409560093268e-05
1.6060673138143824,0.00010342666308149617
1.6061598610463985,9.254723201612691e-05
1.6061607355995489,8.745531503429049e-07
1.6062065503529284,4.5814753379502804e-05
1.6063238090676037,0.0001172587146753834
1.606349033001687,2.5223934083218325e-05
1.6065238851889156,0.00017485218722868012
1.6065850487321107,6.116354319507522e-05
1.6066117389455286,2.669021341783484e-05
1.6067068601355878,9.512119005927744e-05
1.6069093301322008,0.00020246999661299725
1.6069576333994648,4.8303267264016014e-05
1.6073408491221264,0.00038321572266153403
1.6076659139379448,0.00032506481581839886
1.6077382859990093,7.237206106447402e-05
1.6078246945375916,8.640853858232767e-05
1.6079856908506358,0.00016099631304422601
1.6083284789484504,0.00034278809781462805
1.6083398046487623,1.1325700311815012e-05
1.6083805026066533,4.069795789107822e-05
1.6086160114336696,0.00023550882701628417
1.608622967590368,6.9561566984344125e-06
1.6086702369859727,4.726939560462107e-05
1.608897591365687,0.0002273543797144395
1.60917271883391,0.000275127468222891
1.6092094710567906,3.675222288057611e-05
1.6093043920254413,9.492096865071353e-05
1.6094700988357453,0.00016570681030403378
1.6095620656840455,9.196684830015123e-05
1.6097034266026937,0.00014136091864824785
1.609874878122247,0.0001714515195532229
1.6100905021592309,0.00021562403698394128
1.6102587731871052,0.00016827102787431159
1.6103001445260068,4.137133890158573e-05
1.610461313105539,0.00016116857953218933
1.6105534800899075,9.216698436853576e-05
1.61057351320182,2.003311191245416e-05
1.6108108117973756,0.00023729859555565724
1.6122251074213987,0.0014142956240230653
1.6122779682959232,5.286087452449628e-05
1.6123390872860073,6.111899008409694e-05
1.6126630495609384,0.0003239622749311444
1.6128587763411335,0.00019572678019508238
1.6130674221140027,0.00020864577286916486
1.6131303709487772,6.294883477453439e-05
1.6136456243570425,0.0005152534082653037
1.614134361060997,0.0004887367039545509
1.6142877853952353,0.0001534243342382613
1.6143384846780788,5.069928284351377e-05
1.614400528161782,6.204348370308921e-05
1.6144372159479852,3.668778620324886e-05
1.614895948511203,0.000458732563217934
1.6149978436011914,0.00010189508998825758
1.6151036490976955,0.00010580549650418547
1.6151595800088303,5.5930911134760564e-05
1.6152823409035024,0.0001227608946721137
1.6154917682028889,0.00020942729938644433
1.6155605498632102,6.878166032131539e-05
1.6156676278457391,0.00010707798252895806
1.6157832662385683,0.00011563839282913158
1.6158589544901307,7.568825156245573e-05
1.615925847993418,6.689350328725752e-05
1.6160912576094024,0.00016540961598443538
1.616213747943509,0.00012249033410660637
1.616233187612465,1.9439668955900657e-05
1.6164509669727476,0.0002177793602826661
1.6169149291689497,0.00046396219620215007
1.6169422056764884,2.7276507538642747e-05
1.6172613559571942,0.00031915028070583773
1.6173669581653523,0.00010560220815802879
1.6173851089887026,1.8150823350326917e-05
1.617674009938879,0.0002889009501765294
1.6182815035526534,0.0006074936137743236
1.618297389042506,1.5885489852651702e-05
1.6183110527914162,1.3663748910097695e-05
1.6184242930597235,0.00011324026830727973
1.6184621733195916,3.788025986817267e-05
1.6186781025115187,0.00021592919192703341
1.6189580776516477,0.00027997514012900737
1.6190684103172504,0.00011033266560267485
1.6192043067744908,0.00013589645724043642
1.6193381492507999,0.0001338424763090984
1.6194111011852252,7.295193442535819e-05
1.619704357361813,0.00029325617658781944
1.6197121510048997,7.793643086673185e-06
1.6198263132869055,0.00011416228200578082
1.619966476190145,0.00014016290323959346
1.619999611788196,3.313559805095956e-05
1.6200044242479301,4.8124597340493125e-06
1.620097891059977,9.34668120469162e-05
1.6206115663918679,0.0005136753318908394
1.6206918550871277,8.028869525977811e-05
1.6210816228949638,0.00038976780783617215
1.6212274308714456,0.00014580797648178212
1.6219513856733316,0.0007239548018860287
1.6219622384173804,1.0852744048772678e-05
1.6220898089884064,0.00012757057102597003
1.6221801960399997,9.03870515933658e-05
1.622493198367776,0.00031300232777620174
1.6225688337078967,7.563534012078321e-05
1.6226018248939482,3.299118605148976e-05
1.6228573579694137,0.0002555330754654417
1.6229061033238514,4.8745354437773614e-05
1.6230766680779973,0.00017056475414589656
1.6231744896625848,9.782158458748746e-05
1.6232804479342913,0.00010595827170645222
1.6232973349009199,1.6886966628604227e-05
1.6235521024031376,0.00025476750221775646
1.623942557338155,0.00039045493501732587
1.6239983037574168,5.574641926187063e-05
1.6241121768711795,0.00011387311376265252
1.62417329195405,6.111508287043321e-05
1.6241856944054733,1.2402451423421113e-05
1.6245807129287886,0.0003950185233152492
1.6246254891826581,4.4776253869560634e-05
1.6247351355180872,0.00010964633542909219
1.6248427254627085,0.00010758994462123361
1.6248494212786788,6.6958159703478515e-06
1.6249506128974258,0.00010119161874699856
1.6250096316767513,5.901877932545929e-05
1.6250852496553163,7.56179785650346e-05
1.6251191601698487,3.3910514532387026e-05
1.625151793714826,3.2633544977400675e-05
1.6253382272262302,0.00018643351140412712
1.6253382465117903,1.928556003782944e-08
1.6255429329593856,0.00020468644759530363
1.6255762574316928,3.33244723071946e-05
1.6259173263612676,0.00034106892957486146
1.6259968691695645,7.95428082969174e-05
1.6259982161284992,1.346958934611564e-06
1.626167802106412,0.00016958597791294494
1.6263017483495714,0.0001339462431593219
1.6263346475073137,3.289915774229435e-05
1.6263612751375913,2.662763027760917e-05
1.6263622661515666,9.910139753266378e-07
1.6264270747749112,6.480862334456994e-05
1.6264886838160897,6.160904117846755e-05
1.6265501754886609,6.149167257119004e-05
1.6267231711894026,0.000172995700741696
1.6271909704657288,0.00046779927632623064
1.6275486997933775,0.0003577293276486593
1.627670905689426,0.00012220589604861054
1.6279123933374209,0.00024148764799480915
1.6280534652550143,0.00014107191759338278
1.6280746181162742,2.1152861259920996e-05
1.6282120624768637,0.00013744436058948928
1.6283173522672314,0.00010528979036772412
1.628599674903246,0.0002823226360146869
1.6286337706733363,3.409577009017006e-05
1.6286433194330405,9.548759704269827e-06
1.6289770900605218,0.00033377062748130015
1.6289867467172738,9.656656752010662e-06
1.6294165824837392,0.0004298357664653807
1.6296002830422864,0.00018370055854721734
1.6298347875033337,0.00023450446104722467
1.62989193929382,5.7151790486376086e-05
1.6301375533576152,0.00024561406379519646
1.6302074371854052,6.988382778994051e-05
1.6302410999223884,3.366273698324207e-05
1.630340718524439,9.961860205054407e-05
1.630435969676312,9.525115187303257e-05
1.6307694753795838,0.00033350570327184137
1.6308130485756678,4.357319608394583e-05
1.6308469899574063,3.394138173851147e-05
1.631087575605016,0.00024058564760975898
1.6312380097619423,0.00015043415692628237
1.631345098710462,0.00010708894851974016
1.6314649169029625,0.00011981819250039827
1.63147928221014,1.4365307177577336e-05
1.6315271072763755,4.78250662354629e-05
1.631610857850417,8.375057404141906e-05
1.6317829420962782,0.00017208424586123705
1.6318186000008215,3.565790454329587e-05
1.6320505268895462,0.00023192688872475387
1.6322183483843173,0.0001678214947711254
1.6326315614865914,0.00041321310227404595
1.6326429808333573,1.1419346765961791e-05
1.6326562028376757,1.3222004318302893e-05
1.6326626243801459,6.421542470214092e-06
1.632700714461017,3.809008087118926e-05
1.6330050057968934,0.00030429133587639434
1.633158477095509,0.00015347129861553732
1.6332536657080785,9.518861256951894e-05
1.633432364199909,0.00017869849183038689
1.6335812270958068,0.00014886289589788326
1.6337968652329178,0.0002156381371110072
1.6341219967207277,0.0003251314878098821
1.6341348187443325,1.282202360486373e-05
1.6341514750760044,1.6656331671915936e-05
1.6342482892473496,9.681417134510539e-05
1.6343671487945934,0.00011885954724388803
1.634624318530254,0.00025716973566058954
1.6350776180045887,0.00045329947433470075
1.6351449010854915,6.728308090275803e-05
1.6351457421957833,8.41110291860403e-07
1.6352318390005143,8.609680473092851e-05
1.6352335080475504,1.6690470361346854e-06
1.6354335531355881,0.0002000450880377258
1.6356437435064857,0.0002101903708975339
1.6356852120343413,4.146852785558153e-05
1.6357051415279935,1.9929493652259822e-05
1.6357510352801852,4.589375219166136e-05
1.6358049127563654,5.387747618024186e-05
1.6363141137309694,0.0005092009746039405
1.636472599561427,0.00015848583045774411
1.6366804277164657,0.00020782815503861407
1.6368060244550993,0.0001255967386335488
1.6372716854778138,0.00046566102271450305
1.637500061496381,0.00022837601856728895
1.6375410583138728,4.099681749170081e-05
1.637830176406113,0.0002891180922401926
1.6378809548154514,5.077840933842559e-05
1.6380178040893343,0.0001368492738829108
1.6382032836390967,0.00018547954976244618
1.6383520445403936,0.000148760901296896
1.638551658858164,0.00019961431777026917
1.6387216115840977,0.0001699527259337863
1.6388079563685758,8.634478447810956e-05
1.638840670095319,3.27137267432942e-05
1.6388595391728569,1.886907753778644e-05
1.6389897221442324,0.00013018297137556978
1.6390819224804531,9.220033622070467e-05
1.6391583216881944,7.63992077412734e-05
1.639177884670177,1.956298198257933e-05
1.6391825099606665,4.6252904895016655e-06
1.639309960812531,0.00012745085186449678
1.6395592773572416,0.0002493165447106094
1.6396798622390627,0.00012058488182109528
1.6399544494696663,0.0002745872306035846
1.6400822376963238,0.00012778822665748812
1.640179760945803,9.752324947931434e-05
1.6404590987465069,0.0002793378007037717
1.640512238473403,5.313972689613422e-05
1.6405828744397752,7.063596637224556e-05
1.640592437372924,9.562933148687947e-06
1.6405964550012584,4.017628334462842e-06
1.6406237360638876,2.728106262916974e-05
1.6407961794699812,0.0001724434060936808
1.640972815722325,0.00017663625234365377
1.6411285344666104,0.000155718744285549
1.6411939631648595,6.542869824910369e-05
1.641344618327812,0.00015065516295242887
1.641412591569064,6.797324125207282e-05
1.6418320542192917,0.0004194626502276311
1.641998324009308,0.00016626979001621578
1.6420569276900336,5.8603680725743956e-05
1.6422565495150505,0.0001996218250168713
1.64266356249962,0.0004070129845694659
1.6427027002862167,3.913778659669909e-05
1.6427167314682252,1.4031182008489296e-05
1.6428071444058987,9.041293767353409e-05
1.64293015779306,0.00012301338716125265
1.643004325229899,7.416743683896776e-05
1.6430784697482923,7.414451839338199e-05
1.6431015664768491,2.3096728556826207e-05
1.6431347370034453,3.317052659612685e-05
1.6432847563690969,0.00015001936565162133
1.64343441854572,0.00014966217662304437
1.6438636235594517,0.00042920501373178155
1.6439721630305955,0.00010853947114375373
1.6439965295993497,2.4366568754263795e-05
1.6441887389834513,0.00019220938410158261
1.6444604599374915,0.0002717209540401555
1.6445609356020499,0.00010047566455839707
1.6446120204782335,5.10848761836602e-05
1.6449245978118099,0.0003125773335763693
1.6450467636926587,0.0001221658808487902
1.6451036107387398,5.684704608110991e-05
1.6453744012451796,0.00027079050643985525
1.645390519419623,1.6118174443358058e-05
1.645812222596472,0.0004217031768489754
1.6458784798112909,6.62572148188989e-05
1.645890462805433,1.1982994142067938e-05
1.6460133186448334,0.00012285583940041533
1.6461827349348814,0.00016941629004807446
1.646265094425173,8.235949029167244e-05
1.6464324121228118,0.00016731769763866922
1.6465683137209381,0.0001359015981263756
1.6465866696554052,1.8355934467084722e-05
1.6466804678653086,9.379820990340626e-05
1.6467172992479342,3.6831382625557296e-05
1.6470074025368602,0.00029010328892598025
1.647203830972497,0.00019642843563683066
1.6473485708881994,0.00014473991570240763
1.6475313715504178,0.00018280066221842972
1.6476106231844179,7.925163400002155e-05
1.6479369825963128,0.00032635941189496087
1.6479701118633865,3.3129267073661595e-05
1.6479945964482048,2.4484584818296184e-05
1.6480061708015639,1.1574353359078415e-05
1.6480878791383904,8.170833682652479e-05
1.6481091324521966,2.12533138062021e-05
1.6481127713270276,3.638874831013439e-06
1.648460388003591,0.00034761667656346695
1.6487242704410918,0.0002638824375007509
1.6489456072033701,0.00022133676227831245
1.6489496318105368,4.024607166641658e-06
1.649174168916687,0.00022453710615022437
1.649647423131265,0.00047325421457800054
1.6498741861566601,0.00022676302539514914
1.6499253089638866,5.112280722641138e-05
1.6501921740495737,0.0002668650856871846
1.6503168040234655,0.00012462997389173225
1.65036071409134,4.39100678746307e-05
1.6504995606717938,0.0001388465804537109
1.6505317982037457,3.2237531951917475e-05
1.6506217409542918,8.994275054607925e-05
1.6506442876303375,2.2546676045731573e-05
1.6506745914516376,3.0303821300092793e-05
1.6511350723889153,0.00046048093727768524
1.6516441555962877,0.0005090832073724183
1.6516453189148355,1.1633185477144536e-06
1.6516580548874618,1.2735972626298775e-05
1.651868340873975,0.0002102859865131812
1.6518965512235402,2.82103495652386e-05
1.6521277292241185,0.00023117800057836924
1.6523676759335597,0.00023994670944116336
1.6523712900634802,3.6141299204484056e-06
1.6523930648014322,2.177473795206275e-05
1.6524113379572472,1.827315581492961e-05
1.652498168389977,8.683043272994517e-05
1.6527291207728525,0.00023095238287540454
1.6528177443889585,8.862361610595393e-05
1.6528340792221419,1.6334833183417885e-05
1.6528641298913134,3.0050669171499678e-05
1.6531627060612357,0.0002985761699223488
1.6532182996174285,5.559355619277895e-05
1.6532476661990916,2.9366581663081703e-05
1.6532838274239356,3.616122484406681e-05
1.6536642774638113,0.00038045003987563497
1.65402157641563,0.00035729895181879634
1.65435100466443,0.0003294282488000011
1.6544700480606014,0.00011904339617130333
1.654483683017632,1.363495703055051e-05
1.65455610492113,7.242190349798783e-05
1.6546608331377666,0.00010472821663665144
1.654988388219058,0.0003275550812913419
1.655003009202813,1.4620983755042616e-05
1.6551480304491057,0.0001450212462927869
1.6553609275128731,0.00021289706376736994
1.6555305871853452,0.0001696596724720667
1.6557768901672254,0.0002463029818802198
1.655948936078287,0.0001720459110616801
1.6562021053391993,0.0002531692609122338
1.656233177413788,3.1072074588633924e-05
1.6563324947408335,9.931732704560048e-05
1.656582285703318,0.00024979096248434196
1.6566900085442098,0.00010772284089188844
1.6566943885818464,4.3800376365865645e-06
1.656748523109927,5.413452808067376e-05
1.6568949573701504,0.00014643426022331596
1.657011370289446,0.00011641291929564979
1.6576592296547403,0.0006478593652943232
1.6577355865534327,7.635689869234241e-05
1.6579940879327726,0.0002585013793399149
1.6580996152909486,0.00010552735817603853
1.6585237989754238,0.00042418368447516563
1.6586175321287693,9.373315334548771e-05
1.6590902189446572,0.00047268681588796824
1.6592832601931797,0.00019304124852248528
1.6593955936356375,0.00011233344245775712
1.6596177834307806,0.00022218979514310178
1.659854933107155,0.0002371496763744485
1.6606441469755397,0.0007892138683847083
1.661173785405047,0.000529638429507262
1.6611829491859813,9.163780934295929e-06
1.6612678652567183,8.491607073701779e-05
1.6613175435774337,4.967832071534062e-05
1.6618298801324356,0.0005123365550019354
1.6619131800926055,8.329996016986918e-05
1.6619144176318335,1.2375392279828645e-06
1.6619683785135502,5.39608817167192e-05
1.6622093907379087,0.00024101222435857217
1.6623633777261682,0.0001539869882594136
1.6624263597291424,6.29820029742767e-05
1.6625113275111054,8.496778196298571e-05
1.6628185160258342,0.0003071885147287734
1.662935283784662,0.00011676775882785151
1.6631254311665533,0.00019014738189127023
1.6633340057811403,0.00020857461458700932
1.6637223944322759,0.00038838865113555165
1.6640956601218753,0.0003732656895993891
1.6647181040610481,0.0006224439391728787
1.6649722770934097,0.00025417303236152655
1.6651134048793592,0.00014112778594954634
1.665444151410805,0.00033074653144571364
1.6654541055458347,9.95413502979936e-06
1.6654800221040424,2.591655820771699e-05
1.6654932026631648,1.3180559122361046e-05
1.6657150841768618,0.0002218815136969532
1.665991147136904,0.00027606296004223374
1.6660032764568893,1.2129319985287879e-05
1.6660367348273095,3.345837042023625e-05
1.666052763199617,1.602837230740839e-05
1.6663497396344014,0.00029697643478443503
1.6664373446536316,8.760501923021913e-05
1.6664788213224895,4.147666885789825e-05
1.666563453484264,8.46321617744561e-05
1.6666718479993334,0.00010839451506949871
1.6667234775231539,5.162952382042896e-05
1.6667286029080348,5.125384880955153e-06
1.6667520467700483,2.3443862013472483e-05
1.6668740445264592,0.00012199775641086319
1.6669161065941682,4.206206770906995e-05
1.6671857396188852,0.00026963302471694206
1.6672402615718869,5.4521953001707146e-05
1.6673604785768927,0.00012021700500586263
1.6675452049897703,0.0001847264128775894
1.6676347030308853,8.949804111502146e-05
1.6677724594736274,0.00013775644274205412
1.6677910463278496,1.8586854222180094e-05
1.6679372128943089,0.0001461665664592715
1.6681544622141051,0.00021724931979627549
1.6682177970457805,6.33348316754212e-05
1.668321007253359,0.00010321020757841914
1.6685210030501088,0.00019999579674978563
1.6685854004567255,6.439740661678961e-05
1.6688155222355237,0.00023012177879810913
1.668914451719052,9.892948352829833e-05
1.6689653338325756,5.0882113523664785e-05
1.6691239792323171,0.00015864539974153047
1.6698456100825991,0.0007216308502819846
1.6699309261525848,8.531606998563035e-05
1.6700173726974539,8.644654486911207e-05
1.6702864517400828,0.0002690790426289613
1.6704259713105325,0.00013951957044966434
1.6705673019171727,0.00014133060664023311
1.6705737837088495,6.4817916767268e-06
1.6707939445414615,0.00022016083261200414
1.67118560871226,0.00039166417079861127
1.6711953843649607,9.775652700660942e-06
1.6714219446869756,0.000226560322014846
1.6715756012270007,0.00015365654002508222
1.6716606806347736,8.507940777291445e-05
1.671852209702319,0.0001915290675453818
1.6718696932227768,1.7483520457828305e-05
1.6718822088904124,1.2515667635604188e-05
1.6720820087512134,0.00019979986080098655
1.6721523048548532,7.029610363984418e-05
1.6722341551801336,8.185032528040814e-05
1.6724194130965455,0.00018525791641188505
1.6726035154881593,0.00018410239161381625
1.6727106597604822,0.00010714427232283441
1.6727710571344339,6.0397373951692757e-05
1.6731345200827907,0.0003634629483568741
1.6732086315982302,7.411151543945671e-05
1.6735362936880773,0.0003276620898471361
1.6735488394029479,1.2545714870526581e-05
1.6735922155129186,4.33761099707386e-05
1.6738001752004321,0.0002079596875135259
1.6738156700745563,1.5494874124222235e-05
1.6739146774918803,9.900741732393747e-05
1.6741921458700393,0.00027746837815900705
1.6745125606002964,0.00032041473025712364
1.6745222982826142,9.737682317823015e-06
1.674626967269276,0.00010466898666172675
1.6746714969915786,4.452972230262198e-05
1.6749546869614953,0.0002831899699167195
1.675033188698569,7.850173707368846e-05
1.6751903304287308,0.00015714173016179167
1.675370604420871,0.00018027399214015638
1.675689809511649,0.00031920509077809633
1.675692751384119,2.9418724700747134e-06
1.6761974905864974,0.0005047392023782571
1.6764114138780308,0.00021392329153346878
1.6765625370078518,0.00015112312982101805
1.676599459857597,3.6922849745213426e-05
1.6769730652264128,0.0003736053688156993
1.6770525766374336,7.951141102080506e-05
1.677333970236331,0.0002813935988974503
1.67739384810983,5.987787349903684e-05
1.6773953208553327,1.4727455026619651e-06
1.6774194423820594,2.4121526726705866e-05
1.6775187923388593,9.934995679983238e-05
1.677710150567959,0.00019135822909976952
1.6777332908615992,2.3140293640144804e-05
1.6777643681138659,3.1077252266698e-05
1.6779653888688022,0.00020102075493633187
1.6779778911451322,1.2502276329984241e-05
1.678195118566275,0.0002172274211427183
1.6783574200295472,0.00016230146327234074
1.6784952483399203,0.00013782831037301158
1.678643486009789,0.00014823766986871156
1.6786653545087928,2.186849900387422e-05
1.6788803904175797,0.00021503590878690915
1.6790291480064385,0.00014875758885879442
1.6790520246596816,2.287665324307575e-05
1.6792239475432758,0.00017192288359413332
1.6792803860927694,5.643854949366478e-05
1.6794198263341444,0.00013944024137502176
1.6794582149609876,3.838862684313327e-05
1.67955119733833,9.298237734234327e-05
1.6796677738761492,0.00011657653781926847
1.6797502178429604,8.244396681122979e-05
1.6799339007490857,0.00018368290612524873
1.6800917025550728,0.00015780180598712334
1.6801445273480526,5.282479297985532e-05
1.6801829213894532,3.839404140060232e-05
1.6802511739292938,6.825253984055202e-05
1.6802584412948276,7.267365533802916e-06
1.681054839967906,0.0007963986730783468
1.6810647478453522,9.907877446257984e-06
1.681514360120159,0.00044961227480677657
1.681549503723053,3.514360289402774e-05
1.6816380875486032,8.858382555021471e-05
1.6816737137253879,3.5626176784653296e-05
1.681740320589928,6.660686454007525e-05
1.681799283773049,5.896318312115234e-05
1.682042742055669,0.00024345828261984614
1.6821069821142667,6.424005859773096e-05
1.682303567109175,0.00019658499490837755
1.6823129779089725,9.410799797437974e-06
1.6823599633481077,4.698543913517206e-05
1.6829149909140944,0.0005550275659866877
1.683090378935864,0.0001753880217696402
1.6831267746370004,3.639570113644908e-05
1.6832032608931415,7.648625614109505e-05
1.683378012406021,0.00017475151287937862
1.683592750843621,0.0002147384376001149
1.6835969854384722,4.2345948512156895e-06
1.6836298993333507,3.2913894878472405e-05
1.68366209386623,3.219453287917062e-05
1.6838651897097336,0.00020309584350375331
1.6838777542293966,1.2564519662916496e-05
1.68388217085806,4.416628663461708e-06
1.6842070628551324,0.00032489199707241845
1.684396977910122,0.0001899150549895534
1.6844836404549683,8.666254484634983e-05
1.6845734360289275,8.97955739591616e-05
1.684736761650038,0.0001633256211104328
1.6847983458484987,6.158419846080676e-05
1.684805584460087,7.2386115883560365e-06
1.6848122367605218,6.652300434728531e-06
1.6849042698694736,9.20331089517834e-05
1.6854713303906204,0.000567060521146745
1.685538653408443,6.73230178227513e-05
1.6855571072368292,1.8453828386055804e-05
1.6858336545950372,0.00027654735820803467
1.6858795862437639,4.593164872668254e-05
1.6867647683287579,0.0008851820849939962
1.6868883075584555,0.00012353922969765563
1.6871429246515512,0.00025461709309571035
1.687244134506329,0.00010120985477768407
1.6872485266603452,4.392154016263916e-06
1.6872590903676905,1.0563707345312423e-05
1.6872872029060806,2.8112538390079322e-05
1.687357448017937,7.024511185638183e-05
1.687498093108213,0.00014064509027611471
1.6878211809261754,0.0003230878179623087
1.688240046892062,0.0004188659658865834
1.688258361717153,1.8314825090959275e-05
1.6882964350625713,3.8073345418387916e-05
1.6886601789278084,0.00036374386523707614
1.6891216529067128,0.000461473978904392
1.6894192266883257,0.00029757378161288095
1.689465903591508,4.667690318238549e-05
1.689632743988646,0.0001668403971379906
1.689742802851561,0.00011005886291504119
1.690058684182299,0.0003158813307380104
1.6900944894147647,3.580523246560219e-05
1.6901681858300543,7.369641528964799e-05
1.6903675108746392,0.00019932504458486378
1.6903957093584765,2.819848383728285e-05
1.690516369119058,0.0001206597605813986
1.6905583975755714,4.202845651346543e-05
1.690664349669492,0.00010595209392061378
1.6906977498792612,3.340020976927427e-05
1.6910108681827367,0.0003131183034754681
1.6911534404818878,0.00014257229915104475
1.6912200367869987,6.659630511096637e-05
1.6918132939797375,0.0005932571927387276
1.6924665043147404,0.000653210335002985
1.6926138549561085,0.0001473506413680603
1.6929061062887372,0.000292251332628668
1.693040550133749,0.0001344438450119334
1.6930440255840056,3.4754502564737777e-06
1.6932264595558766,0.00018243397187100996
1.693260571752113,3.411219623639106e-05
1.693611644945874,0.0003510731937610423
1.6936995872643217,8.794231844766465e-05
1.6939232501779453,0.00022366291362363455
1.6940464169732141,0.00012316679526880314
1.6940721849758276,2.5768002613446583e-05
1.6942856099466532,0.0002134249708256597
1.6943959954395025,0.00011038549284925203
1.69453302599961,0.0001370305601076094
1.6949973138531906,0.00046428785358054725
1.6953893897035721,0.0003920758503814792
1.695407975536921,1.8585833348794267e-05
1.6955129791921233,0.00010500365520238475
1.695608462512517,9.548332039366336e-05
1.6957823815374111,0.00017391902489416466
1.6959018414492315,0.0001194599118203854
1.6960940093601893,0.00019216791095777452
1.696172842805157,7.88334449677297e-05
1.6962450862513587,7.224344620171408e-05
1.6962932144622658,4.812821090705022e-05
1.6964040949572199,0.00011088049495411312
1.6966801187210576,0.0002760237638377294
1.6967943038928583,0.00011418517180072918
1.696825680959844,3.137706698574938e-05
1.6968962693862706,7.058842642648777e-05
1.6969810960835967,8.482669732612358e-05
1.6970323458224958,5.124973889913953e-05
1.6970927282404091,6.0382417913285025e-05
1.69725332193789,0.00016059369748089303
1.6977226870134765,0.0004693650755864809
1.6977575165399403,3.482952646383097e-05
1.698044515675445,0.000286999135504562
1.6981157843544357,7.126867899076572e-05
1.6981354613498965,1.967699546079338e-05
1.6983296404472628,0.00019417909736629824
1.698385534518986,5.5894071723239236e-05
1.6987968462461456,0.0004113117271595801
1.6990440478418332,0.00024720159568758504
1.6992357972727035,0.00019174943087030272
1.6993000026737755,6.42054010719928e-05
1.6996724043228493,0.0003724016490738169
1.6998223225960165,0.00014991827316723771
1.6998332044585769,1.08818625603746e-05
1.7002190088852593,0.00038580442668245674
1.7002730188590924,5.400997383309125e-05
1.7002749186104384,1.8997513460128346e-06
1.7005881774169218,0.000313258806483363
1.7006880446200685,9.986720314669739e-05
1.7008361644708643,0.00014811985079576928
1.700873128671635,3.696420077070606e-05
1.701323174416365,0.0004500457447300654
1.7015286597563706,0.00020548534000552898
1.7016823335174869,0.00015367376111630193
1.701911802344844,0.0002294688273571932
1.701935284052293,2.3481707448924638e-05
1.7022844136693602,0.0003491296170672342
1.702349720238988,6.530656962766557e-05
1.7024171447693617,6.742453037378304e-05
1.7027074879490827,0.00029034317972098656
1.7028436587093325,0.00013617076024985408
1.70295431429551,0.00011065558617739946
1.7032750290092813,0.00032071471377137506
1.703422616003,0.00014758699371864026
1.7035159158551465,9.329985214656666e-05
1.7038383315198442,0.0003224156646977061
1.7039681219968814,0.00012979047703720603
1.704739204677157,0.0007710826802755921
1.7049206614986963,0.0001814568215392498
1.7050782208111535,0.00015755931245720056
1.7051638132924283,8.5592481274821e-05
1.7052830937851975,0.00011928049276921371
1.7053141026517318,3.1008866534287804e-05
1.7053629517724695,4.884912073777059e-05
1.7054565839163807,9.36321439111154e-05
1.7054654766303725,8.892713991848211e-06
1.7057090193823559,0.00024354275198334996
1.705823107790648,0.00011408840829219002
1.7058317527906992,8.645000051155094e-06
1.7058562006910216,2.444790032241073e-05
1.7059998759319759,0.00014367524095426631
1.7060316267493532,3.175081737727403e-05
1.7060469214881346,1.5294738781479467e-05
1.7061608118006844,0.00011389031254971371
1.706327020251903,0.00016620845121861905
1.7063637259132565,3.670566135349773e-05
1.7064671803273903,0.00010345441413384115
1.7068839947718557,0.0004168144444653965
1.7069098305608,2.583578894421734e-05
1.7069258173275477,1.598676674774424e-05
1.7070473999891949,0.00012158266164719045
1.707150949776817,0.00010354978762205924
1.707285381536064,0.00013443175924710005
1.7073767577563852,9.137622032118209e-05
1.7077860927645816,0.0004093350081963987
1.7078054956063509,1.94028417692671e-05
1.7078793020939507,7.380648759980346e-05
1.707982605999274,0.00010330390532331535
1.7081302431332404,0.0001476371339663718
1.7081395037797504,9.26064651007863e-06
1.7083005865276797,0.00016108274792925315
1.7084810115596356,0.00018042503195592197
1.7085981417157523,0.00011713015611669597
1.7086545570784075,5.641536265521552e-05
1.7088225954491294,0.0001680383707218791
1.7089457141486968,0.00012311869956738164
1.7092320884125973,0.0002863742639005462
1.7092718476326605,3.975922006316246e-05
1.7093322522541854,6.0404621524901e-05
1.7095509492229943,0.00021869696880894018
1.7096079706119078,5.7021388913502946e-05
1.7096343735721393,2.640296023148636e-05
1.7096398159559247,5.442383785414506e-06
1.709823412287141,0.0001835963312162292
1.7098793235949614,5.591130782045539e-05
1.709934859335405,5.553574044347975e-05
1.7100533806765952,0.0001185213411902808
1.7104460260443708,0.00039264536777561254
1.710634043440548,0.00018801739617724245
1.7106819567413307,4.7913300782687074e-05
1.710711740460128,2.9783718797249392e-05
1.7108699898421127,0.00015824938198472083
1.7110037483519207,0.00013375850980801296
1.7110364386903492,3.2690338428453813e-05
1.711062933491729,2.6494801379950417e-05
1.7112344932472832,0.00017155975555405156
1.7116186549852057,0.00038416173792255037
1.7116943948677907,7.573988258502418e-05
1.7118529144570167,0.00015851958922596943
1.712248557761993,0.00039564330497632305
1.7123214052440594,7.284748206637381e-05
1.7125927827621528,0.0002713775180933631
1.7126410130352097,4.823027305689287e-05
1.7129792513656792,0.00033823833046953133
1.713170497210043,0.00019124584436380765
1.7132384720262315,6.797481618847634e-05
1.7133364154510762,9.79434248447042e-05
1.7133390883010513,2.6728499751271784e-06
1.7136860243517187,0.0003469360506673791
1.7138320716855837,0.00014604733386502922
1.7138414465316711,9.374846087428779e-06
1.7142445574185987,0.00040311088692757124
1.7143935854837022,0.00014902806510352917
1.714569326366338,0.00017574088263572207
1.7147371644939382,0.00016783812760023942
1.714790745718304,5.358122436582846e-05
1.7150550627971244,0.00026431707882035305
1.7150608020317006,5.739234576251917e-06
1.7151752254794075,0.0001144234477068462
1.7153539508390179,0.0001787253596103877
1.7155573820598078,0.00020343122078991804
1.7158996962801825,0.0003423142203746732
1.7159072548219714,7.558541788910134e-06
1.7159320321725737,2.4777350602356307e-05
1.7162639038837308,0.0003318717111571168
1.7163251551543428,6.125127061196167e-05
1.7165020245679123,0.0001768694135695359
1.7165140786690383,1.2054101125924532e-05
1.7166740386688022,0.0001599599997639256
1.716787608995859,0.00011357032705672232
1.7168684029628813,8.079396702243002e-05
1.7171370769127312,0.0002686739498498625
1.7172354535153525,9.837660262124182e-05
1.7172753603416895,3.99068263370328e-05
1.7176392202940274,0.00036385995233789714
1.7176667552617386,2.75349677112402e-05
1.7180440283695493,0.0003772731078106606
1.7186715836374238,0.0006275552678745022
1.7186985827034003,2.6999065976474057e-05
1.7189471609760865,0.00024857827268620625
1.7191427962882149,0.00019563531212840601
1.719293248916046,0.00015045262783108804
1.7193346834562242,4.143454017824233e-05
1.719393280093357,5.85966371327018e-05
1.7195491848837443,0.00015590479038740668
1.719597382479868,4.819759612373353e-05
1.719633264517685,3.588203781701438e-05
1.719919282353336,0.0002860178356509646
1.7201466587723142,0.00022737641897818683
1.7201713678840769,2.4709111762666325e-05
1.720332976522407,0.00016160863833003525
1.720433303812258,0.00010032728985098771
1.720508393933645,7.509012138706694e-05
1.7205140381619954,5.64422835047651e-06
1.7205758349451503,6.179678315487713e-05
1.7205803134995175,4.478554367137733e-06
1.720833758454014,0.00025344495449663995
1.7210835319287625,0.00024977347474841594
1.7211013898143677,1.7857885605154777e-05
1.7214357184079168,0.0003343285935490936
1.721553829417901,0.00011811100998415647
1.721580343721475,2.6514303574032283e-05
1.721711754712341,0.00013141099086610986
1.7220099660421366,0.0002982113297955724
1.7222050062402807,0.0001950401981440919
1.7223946727039237,0.0001896664636429346
1.7228311938933287,0.00043652118940507023
1.7229275771843542,9.638329102545917e-05
1.7231081117372966,0.00018053455294242404
1.7237394183641257,0.0006313066268290868
1.7237722337153825,3.281535125676527e-05
1.723821868267126,4.963455174356035e-05
1.7241381570286718,0.0003162887615457688
1.7241818952924828,4.373826381098844e-05
1.7244582913784228,0.00027639608593998943
1.7244587726929448,4.81314522016163e-07
1.72446436301862,5.590325675264296e-06
1.7245889162735184,0.0001245532548983519
1.7246335623357532,4.4646062234754424e-05
1.7246599249447212,2.6362608968044654e-05
1.7248136196329649,0.00015369468824366628
1.7248630763808181,4.945674785328258e-05
1.7250327599066395,0.00016968352582136248
1.7251861280923995,0.00015336818575995004
1.725418767834834,0.00023263974243459273
1.7255974364310176,0.00017866859618353992
1.7256192891112299,2.1852680212264275e-05
1.7256297859870395,1.0496875809673512e-05
1.725678501924886,4.871593784638861e-05
1.7260991455911234,0.00042064366623750793
1.726586060254177,0.00048691466305350595
1.7269078635860515,0.00032180333187459276
1.7269817036103619,7.384002431032322e-05
1.7270354501116003,5.374650123846081e-05
1.727185914538917,0.00015046442731669885
1.727261798554265,7.58840153480822e-05
1.727815739741681,0.0005539411874158073
1.7286400958885142,0.0008243561468332938
1.7286851818934765,4.5086004962335835e-05
1.7287349991158645,4.9817222387948945e-05
1.7288599526288038,0.00012495351293928536
1.7290270057164832,0.00016705308767939187
1.7290497062376002,2.270052111708054e-05
1.7290794451644598,2.9738926859534942e-05
1.7292660959063488,0.0001866507418890606
1.7292862844950834,2.018858873453766e-05
1.7293524762554326,6.619176034927676e-05
1.7297974220342776,0.0004449457788449074
1.7298620123093835,6.459027510596904e-05
1.7298791453195057,1.713301012218338e-05
1.7299369690600375,5.782374053175943e-05
1.7299530399426082,1.607088257071787e-05
1.7299776711704309,2.463122782270233e-05
1.7300560343063867,7.836313595577238e-05
1.7300955813930299,3.954708664322126e-05
1.7302540946131313,0.00015851322010140834
1.7302630582063114,8.963593180144613e-06
1.7303635712124403,0.00010051300612889946
1.730631277355738,0.0002677061432976302
1.7313398437911778,0.0007085664354398169
1.7314506881380274,0.00011084434684960343
1.731490311283875,3.962314584771143e-05
1.7316108180142717,0.00012050673039665227
1.7320120782731874,0.00040126025891562556
1.732127269568988,0.00011519129580062071
1.7321974448646373,7.0175295649344e-05
1.732231192554946,3.3747690308727485e-05
1.7323103595553235,7.916700037746693e-05
1.732469838109284,0.00015947855396047927
1.7333115687637866,0.0008417306545025482
1.7341127595481325,0.0008011907843459287
1.7342189142647197,0.00010615471658725895
1.7342688694810309,4.9955216311126094e-05
1.7346793945385834,0.00041052505755256874
1.73490972791706,0.00023033337847655488
1.735171524174659,0.000261796257599034
1.7357702058326192,0.0005986816579601761
1.735823371853911,5.316602129168402e-05
1.7358275761482802,4.204294369314354e-06
1.7359536805365063,0.00012610438822613368
1.7360210006302614,6.732009375509662e-05
1.736101903639238,8.090300897656277e-05
1.7364000069181726,0.00029810327893464716
1.7364366604002608,3.6653482088144784e-05
1.7365310324220073,9.437202174655823e-05
1.7366393532753386,0.00010832085333123409
1.7366752976233828,3.5944348044214536e-05
1.7368584462180345,0.0001831485946517386
1.7368770314652873,1.8585247252733694e-05
1.7370676251440107,0.00019059367872342747
1.737090629137917,2.3003993906201003e-05
1.7372176081298654,0.00012697899194846762
1.737234241937883,1.6633808017640916e-05
1.7372685706721975,3.432873431452599e-05
1.7373292063964851,6.063572428760544e-05
1.7373875341484486,5.832775196346063e-05
1.7381091660818888,0.0007216319334402144
1.7382991025066616,0.00018993642477282968
1.7383354577537176,3.635524705591919e-05
1.7383817532496162,4.629549589862947e-05
1.738471782252358,9.002900274190928e-05
1.7385160362117413,4.425395938323362e-05
1.738616200916957,0.00010016470521567733
1.7392249546698852,0.0006087537529282372
1.739336050812402,0.00011109614251680888
1.7396128081986693,0.00027675738626720126
1.7396653924208099,5.2584222140605874e-05
1.7398772479832436,0.00021185556243374926
1.7398899541012578,1.2706118014182977e-05
1.7401279730602575,0.00023801895899966397
1.740174058272613,4.6085212355606586e-05
1.7404147964426622,0.00024073817004910403
1.7404519834410355,3.718699837329531e-05
1.740989533431333,0.0005375499902975367
1.7411990445334715,0.00020951110213851543
1.7413553180514212,0.0001562735179496677
1.7413655228718508,1.020482042957127e-05
1.7416178073081787,0.00025228443632796527
1.7416682603281037,5.0453019925011944e-05
1.7419459320172384,0.0002776716891346176
1.7421464204341939,0.00020048841695552433
1.74250748662565,0.0003610661914561497
1.7425241481902802,1.666156463020485e-05
1.742947083881453,0.0004229356911726878
1.742969796931084,2.271304963108456e-05
1.7430181069685178,4.8310037433774156e-05
1.7431987996045095,0.00018069263599174157
1.743222745236745,2.3945632235511383e-05
1.7435986931348868,0.00037594789814177076
1.7440294149417255,0.0004307218068386742
1.7441226790380921,9.326409636667421e-05
1.7441749245178262,5.224547973403659e-05
1.7444247141951883,0.0002497896773621111
1.744502014221065,7.730002587669205e-05
1.7445466863510237,4.467212995873382e-05
1.7445756481710835,2.8961820059736354e-05
1.7448206623041715,0.00024501413308808395
1.744852522524594,3.1860220422563756e-05
1.7450533893193239,0.00020086679472974822
1.745642424013781,0.0005890346944570357
1.7456579959146967,1.5571900915833936e-05
1.7457011907601356,4.3194845438909724e-05
1.7458560607843763,0.00015487002424063867
1.7458970776618514,4.1016877475152924e-05
1.7462255842400438,0.00032850657819238904
1.7465943709048626,0.00036878666481876543
1.7466523741927618,5.8003287899177636e-05
1.7466892693785576,3.689518579585993e-05
1.7467996032894952,0.00011033391093762113
1.7470361020581102,0.00023649876861497887
1.7472175379390436,0.00018143588093333385
1.7472356754848848,1.8137545841234726e-05
1.7474960877480863,0.0002604122632015038
1.7477714010956094,0.00027531334752306513
1.7479189684638048,0.0001475673681954337
1.7479368550089098,1.7886545105039175e-05
1.7479873809915858,5.052598267596409e-05
1.748313313640007,0.0003259326484212899
1.7484989010780585,0.00018558743805141553
1.7490378388474392,0.0005389377693807429
1.749395974373746,0.0003581355263067021
1.7498897288782775,0.0004937545045315961
1.7498985153965119,8.78651823432719e-06
1.7500476138952714,0.00014909849875954784
1.7502824319265775,0.00023481803130609435
1.7505142620869032,0.0002318301603256856
1.7506286136338618,0.00011435154695860206
1.7506316151631323,3.0015292704632657e-06
1.7508965857791483,0.000264970616016047
1.751019151980612,0.0001225662014636697
1.7512395417254767,0.00022038974486471297
1.7513609521720772,0.0001214104466005228
1.7520359459857786,0.0006749938137013967
1.7521194103449726,8.346435919404094e-05
1.7522759684868288,0.00015655814185611128
1.752531055621182,0.0002550871343531824
1.752605963308963,7.490768778106727e-05
1.7528037214805368,0.00019775817157374753
1.7528554703942607,5.1748913723947965e-05
1.7528596545801876,4.184185926847661e-06
1.752917665378811,5.801079862344238e-05
1.7529214081963098,3.7428174988196616e-06
1.753040961189818,0.00011955299350807636
1.753069566346357,2.860515653901885e-05
1.7532408378074265,0.00017127146106954427
1.7533188523834187,7.801457599221351e-05
1.7533201009508737,1.248567454981142e-06
1.7536863719878573,0.00036627103698361196
1.7538427158025323,0.00015634381467499736
1.7538476533561544,4.937553622186286e-06
1.7542494346101094,0.0004017812539549581
1.7543326351065793,8.320049646992622e-05
1.7543673208709238,3.468576434451087e-05
1.754640476894954,0.00027315602403010786
1.7546699239490309,2.9447054076925383e-05
1.7547644884601514,9.456451112055397e-05
1.7553062278762952,0.0005417394161437716
1.7553668558899396,6.0628013644370427e-05
1.755652858511327,0.0002860026213873379
1.7558107183071616,0.00015785979583471388
1.7560132220306441,0.00020250372348251666
1.7562357466404406,0.0002225246097964373
1.7563861706904496,0.0001504240500089793
1.7564923992557848,0.00010622856533526459
1.7565495095255517,5.7110269766846855e-05
1.7568943330334332,0.00034482350788156424
1.7570176166651543,0.0001232836317210939
1.757297375495836,0.00027975883068176444
1.7574733766609707,0.0001760011651346094
1.7577335041135094,0.0002601274525386721
1.7578131906233485,7.968650983913861e-05
1.7578205207769402,7.330153591666999e-06
1.7579509251972623,0.00013040442032208333
1.7581496069038267,0.00019868170656445194
1.758588434947523,0.00043882804369621553
1.7587729944363135,0.00018455948879059214
1.7588215128849296,4.851844861608612e-05
1.7588788612661506,5.734838122095631e-05
1.758924169215558,4.530794940738048e-05
1.7591408865397768,0.00021671732421890688
1.7593075659641508,0.0001666794243739833
1.759500032027633,0.00019246606348222173
1.7600093955054485,0.0005093634778154943
1.760234990700394,0.00022559519494547153
1.7602517758416598,1.6785141265796e-05
1.7603295084776993,7.773263603949587e-05
1.7603736518585793,4.41433808799907e-05
1.7603875455860831,1.3893727503822006e-05
1.760607781875684,0.0002202362896008836
1.7608453640475632,0.0002375821718791915
1.76119162130164,0.0003462572540768871
1.761298184867255,0.00010656356561500324
1.7614416314973487,0.00014344663009357994
1.761597959723562,0.00015632822621336473
1.7616763803476767,7.842062411467232e-05
1.7617006677723634,2.4287424686741943e-05
1.761820642749976,0.00011997497761262466
1.7618960143796498,7.537162967374833e-05
1.7619172630516255,2.1248671975726552e-05
1.7623703924796548,0.00045312942802921974
1.7624976522651667,0.00012725978551197947
1.7624995259180656,1.8736528988316792e-06
1.7625390706413182,3.954472325262692e-05
1.762589375261818,5.030462049981921e-05
1.762603284869563,1.3909607744944097e-05
1.7628115428247484,0.00020825795518542023
1.7628201339003122,8.591075563835204e-06
1.762984551382055,0.0001644174817427846
1.7629870743258318,2.522943776783748e-06
1.7630676717785951,8.05974527633424e-05
1.763124271950799,5.6600172203769006e-05
1.76325092504081,0.00012665309001103076
1.7636635881424145,0.0004126631016045934
1.7637104947679159,4.690662550133062e-05
1.7640151744193535,0.00030467965143765596
1.7640903746839451,7.520026459162388e-05
1.7645532999895266,0.00046292530558145195
1.7645707432501294,1.7443260602822974e-05
1.7648354406409703,0.0002646973908408956
1.764860506142587,2.5065501616738928e-05
1.764883008881692,2.250273910497924e-05
1.7649726682150355,8.965933334348364e-05
1.765142855159586,0.00017018694455050998
1.7654249144127028,0.00028205925311675095
1.7659541243372243,0.0005292099245215454
1.765964702968927,1.0578631702617969e-05
1.7660560095957707,9.130662684375679e-05
1.7661326063629172,7.659676714655284e-05
1.7664088721813858,0.00027626581846851295
1.7665213322493434,0.00011246006795762042
1.7666482983235992,0.00012696607425577433
1.766946194944605,0.00029789662100587755
1.7670189697217749,7.277477716982617e-05
1.767236555584265,0.0002175858624902105
1.76734126548053,0.00010470989626498728
1.7674537675651334,0.00011250208460333866
1.7678843501778068,0.00043058261267336917
1.7678877009101577,3.3507323509152087e-06
1.767892023506209,4.32259605132046e-06
1.767982471202562,9.04476963530243e-05
1.7680452641866578,6.279298409572753e-05
1.7680821254021486,3.686121549084653e-05
1.768230090011264,0.00014796460911536968
1.7682859514666707,5.586145540670273e-05
1.768482813840056,0.0001968623733852315
1.7687062570220669,0.0002234431820109517
1.768711067047685,4.810025618251501e-06
1.769164208777376,0.00045314172969090905
1.7691720462193996,7.837442023594932e-06
1.7693729637584097,0.00020091753901008147
1.7700133150392177,0.0006403512808079714
1.770014973741256,1.6587020383873607e-06
1.7701956218952584,0.00018064815400231637
1.7703898555430966,0.00019423364783821562
1.7704916399908732,0.00010178444777664275
1.7705485765044406,5.6936513567418245e-05
1.7707804595016232,0.00023188299718257532
1.7709161122552308,0.00013565275360760687
1.7710378679321364,0.0001217556769055328
1.7710966866986453,5.881876650892792e-05
1.7711342762647286,3.75895660833514e-05
1.771143022017018,8.745752289263109e-06
1.7713769806061097,0.00023395858909180944
1.7716275891273632,0.00025060852125347033
1.7716813239547717,5.373482740855806e-05
1.7718625687701732,0.0001812448154014934
1.7723151609411838,0.0004525921710105685
1.7724319576098733,0.00011679666868946725
1.7726923564717834,0.00026039886191009387
1.7727203815686303,2.8025096846961972e-05
1.7728431859929685,0.0001228044243382076
1.7730197468329474,0.00017656083997885652
1.7730267457118487,6.998878901320893e-06
1.7733235551179791,0.00029680940613041606
1.7735074686406418,0.00018391352266267091
1.7735164251950508,8.956554409023099e-06
1.773573129195031,5.6703999980145525e-05
1.773720481793229,0.00014735259819809166
1.7738255524827904,0.00010507068956133736
1.7738783001613472,5.274767855678597e-05
1.7740138667140772,0.0001355665527300598
1.7745132245226725,0.0004993578085952244
1.7745817393616803,6.851483900782718e-05
1.774774011162686,0.00019227180100567232
1.7748451200457083,7.110888302230833e-05
1.7758108268041795,0.0009657067584711854
1.7759389107211063,0.00012808391692686882
1.776071569116719,0.00013265839561271697
1.776592390991971,0.0005208218752519311
1.7766909985307944,9.860753882340312e-05
1.7769382796068345,0.00024728107604010674
1.7770394622071446,0.00010118260031011239
1.7772866671524603,0.00024720494531571546
1.777307615048823,2.094789636264416e-05
1.7774713131670854,0.0001636981182624453
1.7775515112219686,8.019805488324039e-05
1.7781487582264233,0.0005972470044546263
1.7782890931668096,0.0001403349403863441
1.7786397224016137,0.0003506292348041118
1.7786508257413596,1.1103339745854868e-05
1.7786572888233452,6.463081985597086e-06
1.778971825142417,0.0003145363190717454
1.7790164002792188,4.457513680189429e-05
1.7793702337683435,0.0003538334891246553
1.7795161127816361,0.00014587901329266018
1.7795311820437065,1.5069262070399603e-05
1.7795330446756479,1.8626319413517223e-06
1.7799172141077433,0.00038416943209540477
1.7799306281584752,1.3414050731963556e-05
1.779979256383831,4.862822535578459e-05
1.780178479573741,0.00019922318990994725
1.7803947600857435,0.00021628051200250908
1.7806317799831441,0.00023701989740065876
1.7806612772666839,2.9497283539736685e-05
1.7810100952608585,0.00034881799417463277
1.7810366494248036,2.655416394503618e-05
1.781043634077355,6.984652551444981e-06
1.781661777396584,0.0006181433192289365
1.7817566945107748,9.491711419085114e-05
1.7818706175751604,0.00011392306438562372
1.7818825610570732,1.1943481912801701e-05
1.7825732512212604,0.0006906901641872132
1.782591623920287,1.83726990266031e-05
1.782972369421636,0.0003807455013489225
1.7829904610016214,1.8091579985446415e-05
1.7830410400840797,5.0579082458312996e-05
1.7830695255606226,2.8485476542883248e-05
1.783145521188044,7.59956274214435e-05
1.7833320445016818,0.0001865233136377764
1.7833984666331038,6.642213142193931e-05
1.783412143041605,1.3676408501250847e-05
1.783568361885477,0.00015621884387195806
1.784012687004542,0.0004443251190651143
1.7840137338780404,1.0468734983337669e-06
1.7841076521276131,9.391824957272199e-05
1.784217049519299,0.000109397391685917
1.7843273002594882,0.00011025074018911063
1.7851256647409823,0.0007983644814941737
1.785464567101145,0.00033890236016276276
1.7855015759947563,3.70088936112456e-05
1.7858099560749068,0.00030838008015043883
1.7859396185178882,0.00012966244298140417
1.7861606976480333,0.0002210791301451298
1.7863329334534168,0.0001722358053835027
1.7865662984779505,0.00023336502453363828
1.7865799463096714,1.364783172097539e-05
1.7870359719288347,0.00045602561916324724
1.7870438456337403,7.873704905625445e-06
1.7870616491531142,1.7803519373860155e-05
1.7874288373766607,0.0003671882235465329
1.7874742095568588,4.537218019806666e-05
1.7875107785152815,3.656895842274466e-05
1.7876598214801693,0.00014904296488782443
1.7878446225707543,0.00018480109058494065
1.7879481431589814,0.00010352058822715726
1.7884796647553554,0.0005315215963739295
1.7885439225815647,6.425782620933518e-05
1.7885932025708888,4.92799893241358e-05
1.78866354546316,7.03428922712579e-05
1.7888398903279592,0.00017634486479911615
1.788839937578442,4.725048285969535e-08
1.7889749273319304,0.00013498975348835707
1.7889933980568782,1.847072494776114e-05
1.7892531092640491,0.00025971120717094287
1.790179405858213,0.0009262965941638779
1.7903965291149087,0.00021712325669565047
1.790670075130304,0.00027354601539530954
1.790748900348037,7.88252177330584e-05
1.7912193295032863,0.00047042915524930784
1.7912316766523069,1.2347149020541792e-05
1.7912602575706504,2.858091834356813e-05
1.7914502188068693,0.00018996123621883854
1.7915818114411248,0.00013159263425555068
1.791835617932843,0.00025380649171813374
1.7919390189407765,0.00010340100793349016
1.7922818249864232,0.00034280604564673745
1.792613303323859,0.0003314783374357422
1.7926859992137525,7.269588989355924e-05
1.792917811622303,0.00023181240855052465
1.7930415088105451,0.00012369718824212228
1.7931311532212468,8.964441070169471e-05
1.7932121455775447,8.099235629788204e-05
1.7934604221091106,0.00024827653156589413
1.793484003002245,2.3580893134367287e-05
1.7936779792305175,0.00019397622827255212
1.794246320358142,0.0005683411276244943
1.7947418900510737,0.00049556969293163
1.794829466425002,8.757637392831086e-05
1.7954073371793118,0.0005778707543098172
1.7954279505281527,2.061334884095878e-05
1.7957517649712944,0.00032381444314166785
1.7959054489996373,0.00015368402834292638
1.7962464953236865,0.0003410463240491879
1.796415693044901,0.00016919772121437582
1.7965392282261594,0.00012353518125851615
1.7966982560381495,0.00015902781199006455
1.7967395065442908,4.1250506141343735e-05
1.796835149401728,9.564285743723921e-05
1.796990095558511,0.00015494615678290913
1.7971617728128881,0.0001716772543771672
1.7971871129786008,2.534016571265063e-05
1.7974722510417354,0.00028513806313457124
1.79752911410939,5.686306765473326e-05
1.7978164439876434,0.00028732987825330625
1.7980688931786735,0.0002524491910300686
1.7982273550039485,0.00015846182527501362
1.7982538981179779,2.6543114029387027e-05
1.7983397077565229,8.580963854498691e-05
1.7984859383615632,0.0001462306050403761
1.7987023708913374,0.00021643252977421312
1.799117245009459,0.0004148741181215776
1.7993383646858208,0.00022111967636173624
1.7994414165607595,0.00010305187493875323
1.799825336228254,0.0003839196674944034
1.8000845421223703,0.00025920589411643213
1.800566005905476,0.0004814637831056512
1.8006636613997342,9.765549425821973e-05
1.8009253043057303,0.0002616429059960623
1.800981684335141,5.638002941066311e-05
1.8010458173924446,6.413305730368357e-05
1.8012849139466505,0.00023909655420584208
1.8013034811725113,1.8567225860799397e-05
1.8013266790908808,2.3197918369577408e-05
1.801408765647189,8.208655630825845e-05
1.801469631883727,6.086623653800416e-05
1.8015818561210502,0.00011222423732304421
1.8017855943871055,0.00020373826605535328
1.801940185624168,0.00015459123706240696
1.8021352637281411,0.0001950781039732341
1.8023141627478787,0.00017889901973755507
1.8025978746736926,0.0002837119258138898
1.8027063398599967,0.00010846518630414081
1.8027709096898914,6.456982989466731e-05
1.8027804544685113,9.544778619918759e-06
1.8027982503307913,1.7795862280012287e-05
1.8028785679426824,8.031761189108977e-05
1.8030264266047145,0.000147858662032041
1.8032315895956057,0.0002051629908912389
1.8033599248035361,0.00012833520793043007
1.8036735458827986,0.0003136210792624716
1.8037504703764782,7.692449367957543e-05
1.8039947659566975,0.0002442955802193225
1.8041070028041852,0.00011223684748773444
1.8043916195428016,0.00028461673861635006
1.8044501691951569,5.854965235529974e-05
1.804454925001918,4.755806761069792e-06
1.8045178610774375,6.29360755195485e-05
1.8047640124257796,0.00024615134834204966
1.8050338738316396,0.00026986140586005014
1.8053426301841196,0.00030875635247995525
1.8055021130060607,0.00015948282194111485
1.8056988268624912,0.0001967138564304971
1.8058368237949187,0.00013799693242755318
1.8059597354985246,0.0001229117036058991
1.806503886064513,0.0005441505659884438
1.8066752445175485,0.00017135845303539732
1.8067002848089353,2.504029138683528e-05
1.806776477005362,7.619219642673869e-05
1.8068849068919635,0.00010842988660142439
1.8071870351998687,0.00030212830790521394
1.8073797503658597,0.0001927151659910642
1.8075584496121826,0.0001786992463228554
1.8077068843017365,0.00014843468955394457
1.807735484374598,2.860007286153987e-05
1.8077991975378476,6.371316324949028e-05
1.8078936504829877,9.445294514009994e-05
1.8080441564899064,0.00015050600691868254
1.808157539749033,0.00011338325912668701
1.8086758108003194,0.0005182710512863231
1.8087220679530236,4.625715270423214e-05
1.8087582428827254,3.617492970175995e-05
1.8089329512629575,0.00017470838023214696
1.809101861428173,0.00016891016521558555
1.809316678539905,0.0002148171117319908
1.8094688650732118,0.0001521865333067307
1.8095625061036043,9.364103039244398e-05
1.8096126118434879,5.0105739883621325e-05
1.8096734644222392,6.085257875132477e-05
1.8097587910877244,8.532666548521917e-05
1.8101766413247664,0.00041785023704199453
1.810189656463338,1.3015138571548235e-05
1.8105022391365397,0.0003125826732017778
1.8107311281197276,0.00022888898318784712
1.8108004940338855,6.936591415795945e-05
1.810823227602978,2.2733569092547867e-05
1.8109499651751784,0.00012673757220027504
1.810962287509808,1.2322334629555343e-05
1.8111116922845198,0.00014940477471192537
1.8111238856029774,1.219331845758731e-05
1.8116301901999536,0.0005063045969762037
1.811656919988191,2.6729788237256358e-05
1.8117850220402634,0.00012810205207247627
1.811851210512521,6.618847225769997e-05
1.8119386510083104,8.74404957893482e-05
1.8122878660784847,0.0003492150701742691
1.8124489011636238,0.00016103508513909404
1.812887160852237,0.0004382596886132184
1.8130413141096693,0.00015415325743228792
1.8130905424820614,4.9228372392073894e-05
1.8131663034988041,7.576101674278135e-05
1.8132418388585665,7.553535976234649e-05
1.8132907982051698,4.895934660331669e-05
1.8134652139483751,0.00017441574320531394
1.8135345286309714,6.93146825962998e-05
1.8135619861895382,2.7457558566812423e-05
1.8137379872902837,0.00017600110074544872
1.814037388006349,0.00029940071606526786
1.8144522556313556,0.000414867625006643
1.8144597454218434,7.489790487813508e-06
1.8144749679982262,1.5222576382756259e-05
1.8146072570440837,0.00013228904585749213
1.8146664762540414,5.9219209957772634e-05
1.814815455570658,0.00014897931661650432
1.815182259987789,0.00036680441713099476
1.815185886245841,3.6262580520585175e-06
1.8151871217279392,1.2354820981830272e-06
1.8151931765921931,6.054864253979275e-06
1.8153711866663698,0.00017801007417661552
1.815846008567192,0.00047482190082215325
1.8160573747253381,0.00021136615814620896
1.8160959776976349,3.860297229674181e-05
1.816184270994985,8.829329735005054e-05
1.8161873685180592,3.097523074258035e-06
1.8162074869990992,2.0118481039999025e-05
1.816232232159353,2.47451602537474e-05
1.8162616020091245,2.936984977153223e-05
1.816473179792179,0.00021157778305447295
1.8165242826332375,5.1102841058581205e-05
1.8165575366864704,3.325405323284514e-05
1.816580286333248,2.274964677773106e-05
1.8168714439682139,0.0002911576349657885
1.8169289897872016,5.754581898775868e-05
1.817115601325657,0.0001866115384554501
1.8176350377028154,0.0005194363771583443
1.8179288098571962,0.0002937721543807559
1.81793845894449,9.649087293839287e-06
1.8179587901717158,2.0331227225778292e-05
1.8180536207402558,9.483056853998306e-05
1.8181090055473856,5.538480712985461e-05
1.818273367875011,0.00016436232762528924
1.818278683206348,5.315331337074625e-06
1.8184138525609164,0.0001351693545683652
1.8184714466284921,5.7594067575772456e-05
1.8185509078291575,7.94612006653761e-05
1.8185944431981287,4.3535368971170385e-05
1.81896245256298,0.0003680093648512628
1.8194014438179082,0.0004389912549283004
1.819583462650089,0.00018201883218083026
1.8197545011618814,0.00017103851179234297
1.8201598957062721,0.00040539454439070255
1.8205753489384173,0.000415453232145202
1.8209767602253806,0.0004014112869632491
1.8215311040683002,0.0005543438429196357
1.8216588754717935,0.00012777140349329308
1.8218239876978506,0.00016511222605708475
1.821895309942938,7.132224508743512e-05
1.8219878462225403,9.253627960226218e-05
1.8222073355197947,0.00021948929725446042
1.8222294182088972,2.2082689102420616e-05
1.822739254798946,0.0005098365900488844
1.8227443645190555,5.109720109475191e-06
1.823088690056222,0.00034432553716645664
1.8231130159015447,2.4325845322747952e-05
1.8232663626687868,0.00015334676724210183
1.8236729475752274,0.00040658490644052137
1.8238027895572893,0.00012984198206189568
1.8238116097806765,8.820223387218107e-06
1.8239728078700255,0.0001611980893490017
1.824284603073171,0.000311795203145504
1.8243772277183838,9.262464521286873e-05
1.8244763793776586,9.915165927476544e-05
1.8244788697661,2.490388441467317e-06
1.8245466153341603,6.774556806021792e-05
1.8246886170240049,0.00014200168984457306
1.8251589325735718,0.0004703155495668909
1.8252152838362385,5.635126266678725e-05
1.8252217312420551,6.447405816567553e-06
1.82627076572721,0.0010490344851548095
1.8268941264790963,0.0006233607518864037
1.826898330706066,4.204226969672931e-06
1.8269960476547216,9.771694865556846e-05
1.827181932976273,0.0001858853215515044
1.827681498283097,0.0004995653068238237
1.8277333001146623,5.180183156539009e-05
1.8284478772062953,0.0007145770916330285
1.8285374105064753,8.953330018002248e-05
1.8291738075351995,0.0006363970287242005
1.82936105778716,0.00018725025196042466
1.8296388719123502,0.0002778141251902344
1.8296585895746766,1.9717662326446117e-05
1.829856123135765,0.00019753356108842546
1.8300147465283174,0.00015862339255234836
1.8301371329482783,0.00012238641996087374
1.8304155486530522,0.00027841570477393773
1.8307115791569941,0.0002960305039418909
1.8307520681041407,4.048894714658857e-05
1.8308436064405613,9.153833642061571e-05
1.831454722820987,0.0006111163804256581
1.831462586935076,7.864114089040086e-06
1.831526283793954,6.369685887808174e-05
1.8315435826147044,1.729882075029998e-05
1.8316087590348844,6.517642018000203e-05
1.8317013007840495,9.254174916506486e-05
1.831848123149936,0.00014682236588647868
1.832013699907002,0.0001655767570660771
1.8321892391475,0.00017553924049806824
1.8327044608681455,0.0005152217206454424
1.8329979045511593,0.000293443683013761
1.833104403216695,0.00010649866553569254
1.8331824062673292,7.80030506342122e-05
1.8336292170254365,0.00044681075810726334
1.833779960856951,0.00015074383151447712
1.8338921956615208,0.00011223480456989954
1.833994467835076,0.00010227217355507356
1.8341520693634643,0.0001576015283883958
1.8344016677360135,0.00024959837254923123
1.8348158941792336,0.0004142264432200893
1.8348941535964154,7.825941718175855e-05
1.8353092813759968,0.00041512777958141456
1.835339392791843,3.011141584630117e-05
1.8354921846294965,0.00015279183765337656
1.835511526507952,1.9341878455536587e-05
1.8356524971289052,0.0001409706209531958
1.8356909948017048,3.849767279962002e-05
1.8358496766285548,0.00015868182684997123
1.8365319787514867,0.0006823021229318549
1.836620355130527,8.837637904024476e-05
1.8367218348906802,0.00010147976015328908
1.8368599268259995,0.00013809193531932884
1.8370373794442465,0.000177452618246976
1.8372846386579902,0.0002472592137436891
1.837379807268778,9.516861078773253e-05
1.837431198253667,5.139098488915472e-05
1.8375577514238624,0.000126553170195276
1.8375792930198562,2.154159599387917e-05
1.8376130901289711,3.379710911488587e-05
1.8376530260563502,3.993592737905338e-05
1.8376980790353703,4.505297902013261e-05
1.8377254263299851,2.734729461484342e-05
1.8379050329568722,0.0001796066268870966
1.8382331049571439,0.00032807200027162864
1.8388536909069542,0.0006205859498102928
1.8389185181805918,6.482727363765761e-05
1.8389832502238908,6.473204329893179e-05
1.8392046465165561,0.00022139629266537675
1.8392744368104446,6.979029388842761e-05
1.8393979858731915,0.00012354906274691935
1.8394344505752585,3.646470206697394e-05
1.8400627568841659,0.0006283063089074226
1.8401161220457936,5.336516162768312e-05
1.8407307342257264,0.0006146121799328608
1.8408099185287008,7.918430297437773e-05
1.8411637482235759,0.0003538296948750741
1.8414640656326093,0.00030031740903346815
1.841482016598342,1.7950965732760338e-05
1.8417228622378459,0.0002408456395037728
1.8418006455362923,7.778329844643217e-05
1.8419241769155679,0.00012353137927556546
1.842584581773288,0.0006604048577201205
1.8426927652155627,0.00010818344227470078
1.8433052284223799,0.000612463206817182
1.8433659798757283,6.075145334838439e-05
1.8435328235792603,0.00016684370353203803
1.8439745641475946,0.00044174056833434783
1.8440936897735556,0.00011912562596094745
1.8441797320083337,8.604223477814976e-05
1.844397600365745,0.00021786835741122168
1.8447167794879193,0.0003191791221743845
1.8447523875062193,3.560801829993743e-05
1.84511722485088,0.00036483734466075113
1.845128082708476,1.0857857595913956e-05
1.845606892135091,0.00047880942661504555
1.8458439934495312,0.00023710131444021343
1.8458732998526417,2.930640311049615e-05
1.8459524901480475,7.919029540581768e-05
1.8459752907926856,2.2800644638110157e-05
1.8459871647807415,1.1873988055910445e-05
1.8461321896910088,0.00014502491026724407
1.8466041070064954,0.0004719173154865697
1.8466460182534743,4.1911246978942884e-05
1.8468401688065197,0.0001941505530453913
1.8469183375216287,7.816871510901713e-05
1.847076967729278,0.0001586302076492796
1.8471610183491016,8.405061982363904e-05
1.8478171295841817,0.0006561112350800258
1.8479140818499586,9.6952265776995e-05
1.8480178692679794,0.00010378741802075098
1.8481651230268294,0.0001472537588500522
1.8483939263108027,0.00022880328397323346
1.848645059573808,0.0002511332630052987
1.8487072967769307,6.223720312270586e-05
1.8487344834130015,2.7186636070819503e-05
1.8487586219770158,2.41385640142866e-05
1.8488240511425027,6.542916548690769e-05
1.8488545890800445,3.0537937541819105e-05
1.848869803021705,1.521394166048573e-05
1.8491670219470004,0.00029721892529543936
1.849627180632718,0.0004601586857175821
1.84975196525184,0.0001247846191219093
1.8500323436789916,0.00028037842715167294
1.8500514693308674,1.91256518757843e-05
1.8500562641888614,4.794857993983825e-06
1.8506730790194759,0.0006168148306144872
1.8508822358932273,0.0002091568737514482
1.8508837839598455,1.548066618228816e-06
1.8509965235176897,0.0001127395578441881
1.851075344146639,7.882062894926101e-05
1.8511109871906557,3.5643044016708814e-05
1.8513335190378482,0.00022253184719245311
1.851391710037906,5.819100005788336e-05
1.8514643083128226,7.259827491656878e-05
1.8519112735419723,0.0004469652291496651
1.8519665302341295,5.525669215722395e-05
1.8522471904821536,0.0002806602480240894
1.852445210854831,0.00019802037267746542
1.8527203840420552,0.0002751731872241425
1.8527338481269935,1.3464084938297205e-05
1.852927406723156,0.00019355859616254634
1.8531873344333334,0.0002599277101773545
1.8541020706783962,0.000914736245062775
1.854113916266668,1.1845588271830465e-05
1.854598805398581,0.0004848891319129134
1.8550904363725074,0.0004916309739264602
1.855142405568328,5.196919582073356e-05
1.855463036440056,0.000320630871727845
1.8554766168826178,1.358044256183355e-05
1.8556364105197332,0.00015979363711537964
1.8556411510396582,4.740519925050535e-06
1.855747346648439,0.00010619560878089018
1.8557942303839117,4.68837354725693e-05
1.8559475606217015,0.00015333023778985044
1.856367277249635,0.0004197166279333864
1.8565548705401784,0.00018759329054351959
1.8566018502338801,4.6979693701709735e-05
1.8566335602813933,3.1710047513122674e-05
1.8568704937693281,0.00023693348793485391
1.8573635124589243,0.0004930186895961697
1.8574216505943792,5.8138135454965933e-05
1.8574523072141509,3.065661977164069e-05
1.857727569799935,0.00027526258578403073
1.8578779749908123,0.00015040519087738957
1.8579360949865942,5.8119995781868994e-05
1.8580880623525426,0.00015196736594846882
1.8581696892667372,8.16269141945547e-05
1.858176634997383,6.945730645746551e-06
1.8590481577510227,0.0008715227536397752
1.8592877817253441,0.00023962397432142346
1.8593590983582442,7.131663290005363e-05
1.8595236477970953,0.00016454943885113593
1.8599355639276136,0.000411916130518275
1.8601781871898948,0.00024262326228119413
1.860532168761518,0.0003539815716231409
1.8605519915571611,1.9822795643165136e-05
1.860557799192979,5.807635817811629e-06
1.8606808056982498,0.00012300650527086177
1.8610194633130994,0.00033865761484963564
1.8611868077849347,0.00016734447183530676
1.8614333943206876,0.0002465865357528241
1.8617370570071343,0.00030366268644677064
1.8619495524415444,0.0002124954344100427
1.8626098805944156,0.0006603281528712035
1.863103939014085,0.0004940584196695408
1.863348222286467,0.0002442832723819066
1.863536683456324,0.00018846116985704597
1.8636739875424946,0.00013730408617051992
1.8636988122868081,2.4824744313534097e-05
1.8637025422004383,3.7299136301793823e-06
1.8640147174170292,0.000312175216590882
1.8647153793278743,0.0007006619108451684
1.8647582894292623,4.2910101387905186e-05
1.8648274316664615,6.914223719922674e-05
1.8649883172579798,0.0001608855915182783
1.865326207945917,0.00033789068793721455
1.8653474272397779,2.1219293860896826e-05
1.8656290897621635,0.0002816625223855951
1.865781595278695,0.00015250551653145372
1.8659002706543963,0.00011867537570142694
1.8661411840524555,0.00024091339805920597
1.8665525810656658,0.00041139701321024624
1.8665775871336585,2.5006067992716652e-05
1.8667284289004595,0.00015084176680102424
1.8668261450541075,9.771615364795316e-05
1.8669193408292675,9.319577515998212e-05
1.866922460592467,3.1197631995549813e-06
1.867191340011099,0.0002688794186320731
1.8675723367971244,0.0003809967860253227
1.8676512119363855,7.887513926108092e-05
1.868716879212872,0.0010656672764866038
1.8687905305538743,7.365134100223436e-05
1.868888237310643,9.770675676867846e-05
1.8688886647608476,4.2745020456536054e-07
1.8690496264004617,0.00016096163961409893
1.8690559883627442,6.361962282541711e-06
1.8690996374063522,4.364904360798505e-05
1.869119980299793,2.034289344088336e-05
1.8691264283167797,6.448016986571048e-06
1.8692487423774127,0.00012231406063301087
1.869450439135389,0.0002016967579763218
1.8696765986947836,0.00022615955939464527
1.8697530698575398,7.647116275610877e-05
1.8701317453828539,0.0003786755253141205
1.8702127975574305,8.105217457665681e-05
1.8703847484907925,0.0001719509333619751
1.8704194312503948,3.468275960227807e-05
1.8707117537483469,0.00029232249795208
1.8707485803156472,3.6826567300307644e-05
1.87092011874805,0.00017153843240280686
1.871248797659515,0.0003286789114649302
1.871298118871982,4.9321212467035025e-05
1.87174954076342,0.0004514218914379864
1.8720265185637757,0.0002769778003557377
1.8722059222854788,0.0001794037217031086
1.8724015250112052,0.00019560272572638482
1.87251386183981,0.00011233682860489758
1.8727160132882583,0.00020215144844826227
1.8728149548333364,9.89415450780573e-05
1.8728592670357833,4.43122024469389e-05
1.8729700340604,0.00011076702461676469
1.8733669371500137,0.0003969030896135983
1.8733813802724915,1.444312247778079e-05
1.8734655323496132,8.415207712175743e-05
1.8735262417063114,6.070935669821864e-05
1.8735842791545314,5.803744821997192e-05
1.8739761366534369,0.00039185749890546795
1.8743418692786369,0.0003657326252000104
1.8746672142673575,0.00032534498872061057
1.87469624107301,2.9026805652421217e-05
1.8748478101515615,0.0001515690785516277
1.8751436191949584,0.0002958090433968774
1.8751556116285188,1.1992433560426008e-05
1.875245031700038,8.942007151913067e-05
1.8755690465989274,0.00032401489888944646
1.875628712336497,5.966573756954752e-05
1.8757830220560017,0.00015430971950469718
1.8761903237755064,0.00040730171950476013
1.8762561952356251,6.587146011871603e-05
1.8766007346170657,0.0003445393814405229
1.8768332850012313,0.00023255038416558627
1.8772594623689254,0.00042617736769412495
1.8772710497131506,1.1587344225238994e-05
1.8773514477586777,8.039804552706364e-05
1.877483801876207,0.0001323541175293208
1.8774992970762607,1.5495200053727842e-05
1.8775542134385284,5.4916362267620755e-05
1.8776023101364616,4.809669793326421e-05
1.87770443798885,0.00010212785238827848
1.8779366383483658,0.00023220035951587725
1.8780455893471635,0.00010895099879770775
1.878121439984446,7.585063728243746e-05
1.8782866163846428,0.00016517640019686475
1.8784081575507348,0.0001215411660919763
1.8787533417917703,0.00034518424103557876
1.8789491328364938,0.00019579104472344788
1.8789524636959676,3.3308594737935238e-06
1.8791567302372632,0.00020426654129557242
1.8792170280089768,6.029777171367989e-05
1.8794307902239544,0.0002137622149775975
1.8795782122205726,0.0001474219966182133
1.879623850664437,4.5638443864293166e-05
1.8796644014704305,4.055080599352223e-05
1.879916668502898,0.0002522670324676124
1.879939451699539,2.278319664084094e-05
1.8800334136170749,9.396191753596739e-05
1.8801763853851874,0.00014297176811250978
1.880387186382229,0.00021080099704162691
1.8804711087757175,8.392239348853359e-05
1.881077481490514,0.0006063727147964659
1.8811352812909874,5.779980047337929e-05
1.8817051650572691,0.0005698837662817535
1.8819746407605638,0.00026947570329460824
1.8821110729918624,0.00013643223129866655
1.8821838914032545,7.281841139206158e-05
1.8825447010491645,0.00036080964591000964
1.882583281762537,3.858071337248248e-05
1.8828280583414612,0.00024477657892418847
1.8834490087657154,0.0006209504242542518
1.8836375571418424,0.00018854837612702902
1.8838786889953902,0.00024113185354779354
1.8840802609531735,0.0002015719577832531
1.8841641566266183,8.389567344480042e-05
1.8847587938669963,0.0005946372403780043
1.8851026072227535,0.0003438133557571721
1.8855948773506843,0.0004922701279308495
1.8857418836061066,0.0001470062554222995
1.8858954510981234,0.00015356749201678177
1.8859711022275474,7.565112942398144e-05
1.8860520154613767,8.091323382930504e-05
1.8866621510700625,0.0006101356086858356
1.8871631699437985,0.0005010188737359922
1.8872627293425541,9.955939875561093e-05
1.8874550141133748,0.00019228477082067208
1.887460108161512,5.094048137310736e-06
1.8877713413141841,0.000311233152672008
1.887785992413617,1.465109943299403e-05
1.8878382097872397,5.221737362259837e-05
1.888249967091479,0.0004117573042392575
1.8883330129973606,8.304590588159577e-05
1.8889638987344703,0.0006308857371097876
1.8891525420602138,0.00018864332574342058
1.8892100817981032,5.753973788946709e-05
1.8897600891184172,0.000550007320313961
1.8900586511974424,0.000298562079025233
1.890083806280174,2.5155082731487255e-05
1.8901435519527965,5.974567262256869e-05
1.89035961310235,0.00021606114955341482
1.890364435663524,4.822561174178119e-06
1.8904822909036967,0.00011785524017260407
1.8906029129854915,0.00012062208179486333
1.890701805036194,9.88920507023483e-05
1.8907172293103391,1.5424274145248162e-05
1.8909453275551815,0.0002280982448423785
1.8909533632259776,8.035670796102679e-06
1.8910349285629644,8.156533698677748e-05
1.8910408785803445,5.95001738012968e-06
1.8915028961451077,0.0004620175647631619
1.8919406917920183,0.00043779564691059925
1.8919814356640283,4.074387201002949e-05
1.8920940461948137,0.00011261053078537309
1.8921413601982338,4.7314003420062534e-05
1.8922757343888335,0.00013437419059969535
1.8923870076213443,0.00011127323251081123
1.8926149826008456,0.00022797497950133305
1.8926274986800864,1.2516079240798561e-05
1.892636765861449,9.267181362515586e-06
1.892954118054418,0.00031735219296913364
1.8932587605331808,0.00030464247876271777
1.8941157334829846,0.0008569729498038026
1.894212667090444,9.693360745943735e-05
1.8942641715546542,5.1504464210205825e-05
1.8945194581309006,0.00025528657624640516
1.894699999219402,0.00018054108850140693
1.8948471676454481,0.00014716842604611813
1.8949616847880144,0.00011451714256627277
1.8950956205960041,0.00013393580798970461
1.8955518754669982,0.00045625487099409945
1.895726633706495,0.00017475823949686387
1.8958143020646694,8.766835817430874e-05
1.895958740924691,0.00014443886002157846
1.896089175883009,0.00013043495831799312
1.896097858130395,8.6822473861492e-06
1.8965938053668145,0.0004959472364194362
1.896703258713589,0.0001094533467744796
1.8967691776771227,6.591896353369542e-05
1.8968696319953258,0.00010045431820304707
1.8969614007148379,9.176871951210863e-05
1.8975348711671791,0.0005734704523412404
1.8978628266430506,0.00032795547587149976
1.8982405210518047,0.00037769440875412563
1.8983101990206095,6.967796880474886e-05
1.8984035496245077,9.335060389825678e-05
1.8986369439874011,0.0002333943628933799
1.8986413803271203,4.43633971913826e-06
1.898709162703654,6.778237653382035e-05
1.8988892945912204,0.00018013188756627052
1.8990977246941598,0.00020843010293947195
1.899467784763083,0.00037006006892315035
1.8994929839678607,2.519920477772608e-05
1.9001396985317744,0.0006467145639137417
1.900837186556557,0.0006974880247825332
1.9010919003015176,0.00025471374496066623
1.9012791434864347,0.00018724318491702974
1.9013022778108666,2.3134324431905995e-05
1.9019269503052203,0.0006246724943537174
1.9020815109711242,0.00015456066590391337
1.9021393434524683,5.783248134405561e-05
1.902180771316638,4.1427864169829576e-05
1.9022588872165203,7.81158998821585e-05
1.9024566807528098,0.00019779353628956997
1.9025209728574213,6.429210461145196e-05
1.9026126681966204,9.16953391991715e-05
1.9027933512722834,0.0001806830756629907
1.90286360103615,7.024976386649229e-05
1.9032981673541078,0.00043456631795790734
1.903771992840945,0.00047382548683705394
1.9038609713059997,8.89784650548453e-05
1.9040003577570725,0.00013938645107280934
1.904318246574439,0.0003178888173664962
1.9043307037197497,1.2457145310618145e-05
1.9043842049073234,5.350118757374567e-05
1.9045700943135075,0.00018588940618413652
1.904999793190764,0.00042969887725652356
1.9050494486390372,4.965544827317814e-05
1.9050726387031613,2.3190064124101184e-05
1.9053931262675872,0.0003204875644258198
1.9055107397696183,0.00011761350203109977
1.905550580722833,3.984095321474257e-05
1.9056295717213068,7.899099847374913e-05
1.9057082531120315,7.868139072475522e-05
1.9061452697466172,0.0004370166345857296
1.9063132803340594,0.0001680105874422022
1.9066253211414816,0.0003120408074221981
1.9067051980436764,7.98769021947976e-05
1.9068900430259683,0.0001848449822918763
1.9069218391949796,3.17961690112778e-05
1.9075905268913629,0.0006686876963832855
1.9077710835814514,0.00018055669008854025
1.90792179937231,0.0001507157908586798
1.908000858191601,7.905881929093361e-05
1.908028878220986,2.8020029384956402e-05
1.9081172662174652,8.838799647925555e-05
1.90827099933308,0.00015373311561472924
1.9084692691798015,0.0001982698467215549
1.9084973451910525,2.807601125098813e-05
1.908591365643078,9.402045202544507e-05
1.9085971268119388,5.761168860862753e-06
1.9087096579944023,0.00011253118246346006
1.9092253988500005,0.0005157408555982457
1.9094728126103335,0.0002474137603329929
1.9096617404166636,0.00018892780633006367
1.910050908843048,0.00038916842638436755
1.910069940546045,1.9031702997107658e-05
1.9102837613081445,0.0002138207620994148
1.910644090996424,0.00036032968827948153
1.9107163865226788,7.229552625487301e-05
1.910750871891891,3.4485369212244876e-05
1.9107609921141226,1.0120222231568832e-05
1.9108777108697246,0.00011671875560193001
1.9109271186479677,4.940777824313791e-05
1.9114269458517776,0.0004998272038099216
1.9116839488765476,0.00025700302476994175
1.9117804910690477,9.654219250010421e-05
1.9117993771740884,1.8886105040749612e-05
1.91189594130441,9.656413032166355e-05
1.9119823820920432,8.644078763309082e-05
1.9119995046066127,1.7122514569534175e-05
1.9121320387988698,0.0001325341922571166
1.912439188295908,0.00030714949703813943
1.9124451237277549,5.935431846904038e-06
1.9124676560895884,2.2532361833471626e-05
1.912696217881742,0.00022856179215358097
1.912803309653022,0.00010709177127998792
1.9132390369355372,0.0004357272825152858
1.9133072291694813,6.819223394405327e-05
1.91334205305903,3.48238895486741e-05
1.9138821372233112,0.000540084164281307
1.914238940464382,0.0003568032410707911
1.9143153528142791,7.641234989708146e-05
1.9151237010689506,0.0008083482546714649
1.9154166146635545,0.0002929135946039274
1.915463373814765,4.675915121055141e-05
1.9155505320751536,8.715826038852015e-05
1.9159554596750337,0.0004049275998800894
1.9159956165951355,4.0156920101841465e-05
1.9161583000962104,0.00016268350107484508
1.9161796102851274,2.131018891704528e-05
1.9166066991525317,0.0004270888674042794
1.9167025103698345,9.581121730284359e-05
1.9168955882127034,0.00019307784286892726
1.9169037272988487,8.139086145275698e-06
1.9173987649130462,0.0004950376141974466
1.9177370238183886,0.00033825890534244785
1.917952645835206,0.00021562201681746274
1.9184602497514216,0.0005076039162155155
1.918575525736237,0.00011527598481531065
1.918648616742255,7.309100601804452e-05
1.9189119226024374,0.00026330586018241675
1.9190264165514477,0.00011449394901030807
1.9192397173407938,0.00021330078934611585
1.9196918058568595,0.0004520885160657073
1.919979477272947,0.00028767141608754265
1.9200547861829458,7.530890999873918e-05
1.9200908429530696,3.6056770123860105e-05
1.9201976858839407,0.0001068429308710428
1.920372520005134,0.00017483412119334574
1.9205660642353808,0.00019354423024675604
1.920759680791172,0.0001936165557911984
1.9207793502799446,1.9669488772633414e-05
1.920941632543334,0.00016228226338932394
1.9211646911776157,0.00022305863428173645
1.9215070158600487,0.00034232468243300396
1.9216167569486766,0.00010974108862793486
1.9216604039975997,4.364704892312332e-05
1.9221461702413392,0.0004857662437394161
1.922387411822367,0.0002412415810277846
1.9224309575868535,4.354576448650782e-05
1.9224448849376685,1.3927350815068351e-05
1.9224592449654307,1.4360027762228e-05
1.9225810184380472,0.00012177347261643767
1.9226541958246914,7.3177386644252e-05
1.9228229026584265,0.00016870683373504392
1.9231533713136457,0.0003304686552192404
1.9235726013167973,0.00041923000315158276
1.9237383713330374,0.00016577001624007437
1.9237447789635205,6.407630483096227e-06
1.9238278393383677,8.306037484717699e-05
1.9240870744411394,0.00025923510277170436
1.9241453901493974,5.831570825809429e-05
1.9244307405380896,0.00028535038869215157
1.925409205363402,0.0009784648253123862
1.9256862655874485,0.0002770602240464992
1.926180663193563,0.0004943976061144717
1.9262974761934548,0.00011681299989185767
1.9264022990567873,0.00010482286333246549
1.926528330969035,0.00012603191224780375
1.9265332906356927,4.959666657589068e-06
1.9272699019889057,0.0007366113532130125
1.9273631926556434,9.329066673768871e-05
1.9273936953477846,3.0502692141221033e-05
1.9273968964410977,3.2010933130877106e-06
1.9276337504907506,0.00023685404965290147
1.928010984213654,0.00037723372290332513
1.9280516006938477,4.061648019382247e-05
1.9280711117203786,1.9511026530860676e-05
1.9281920978141176,0.00012098609373900615
1.9283711710090563,0.00017907319493870588
1.9283772463435054,6.0753344490738215e-06
1.9285000387435918,0.00012279240008639114
1.9285979580800419,9.791933645009188e-05
1.92900607562728,0.0004081175472381293
1.9290506941721939,4.461854491388806e-05
1.9290587977156408,8.103543446935646e-06
1.9292554253715688,0.00019662765592798337
1.9292602585499328,4.833178363972124e-06
1.9292831301738442,2.2871623911457917e-05
1.9296907980524576,0.0004076678786133492
1.9297750103456117,8.421229315414003e-05
1.9298048516648276,2.984131921590638e-05
1.9300577738081321,0.00025292214330452367
1.930404453508981,0.0003466797008488953
1.9306399975219493,0.00023554401296821403
1.9308164407431758,0.0001764432212265632
1.9310825182016547,0.0002660774584788417
1.931129478965193,4.696076353827294e-05
1.9313782917713762,0.00024881280618327395
1.9313800802405132,1.788469137009585e-06
1.9315284046172039,0.00014832437669065612
1.9315403027424594,1.1898125255482839e-05
1.9316079604578908,6.765771543149057e-05
1.9317898004355138,0.00018183997762299953
1.9320262859094717,0.00023648547395782593
1.9320297970379872,3.511128515487627e-06
1.9323651241206399,0.0003353270826527144
1.932454859626339,8.973550569901789e-05
1.932840475329515,0.00038561570317607874
1.9332258662650508,0.00038539093553580095
1.9333167309250732,9.08646600223939e-05
1.9336620667728375,0.00034533584776430537
1.9340174423511196,0.0003553755782821355
1.934254731983443,0.00023728963232350075
1.9349874645578058,0.0007327325743626822
1.934996412576594,8.948018788146328e-06
1.9350386097815837,4.219720498976898e-05
1.9353673044280546,0.0003286946464708951
1.9358688913108884,0.0005015868828337489
1.9359686247564087,9.97334455203891e-05
1.9359709290632945,2.3043068857475646e-06
1.936103986994593,0.00013305793129858579
1.9361355582463764,3.157125178332443e-05
1.9363321151183266,0.0001965568719501931
1.9363840757493154,5.196063098877879e-05
1.9370295560521513,0.0006454803028359546
1.9376834455754044,0.0006538895232530706
1.937805932714284,0.00012248713887963447
1.9378968501825513,9.091746826728198e-05
1.9379245080719276,2.7657889376309086e-05
1.938060908268595,0.00013640019666727454
1.9386616661895704,0.0006007579209754699
1.9388495070546004,0.00018784086502998676
1.9389255021662655,7.599511166511697e-05
1.9390124179619417,8.691579567621233e-05
1.9390242228417824,1.1804879840759952e-05
1.9391423445226874,0.0001181216809049701
1.9394655867075163,0.0003232421848289313
1.9395732590522807,0.00010767234476438681
1.9398614589018874,0.0002881998496067073
1.939996764997569,0.00013530609568146446
1.9399988166030064,2.0516054375363524e-06
1.9401083484146955,0.00010953181168904536
1.9401418478988999,3.3499484204391194e-05
1.9402121356506816,7.028775178175017e-05
1.9402193738808984,7.2382302167550705e-06
1.940466973066684,0.00024759918578554085
1.9408893185282536,0.00042234546156971753
1.9408999723430556,1.0653814801919737e-05
1.9409313166318523,3.1344288796697484e-05
1.9410436184479034,0.00011230181605115241
1.9414017325091872,0.00035811406128383183
1.9414853251347493,8.35926255620123e-05
1.941622610501915,0.00013728536716572926
1.941744272334838,0.00012166183292294797
1.9424403447635599,0.0006960724287219389
1.942458036731993,1.769196843315335e-05
1.94253307939085,7.504265885693862e-05
1.9431462633928351,0.0006131840019851786
1.943350081042225,0.00020381764938992575
1.943394502582648,4.442154042294533e-05
1.943474377866899,7.987528425101864e-05
1.9438017673917822,0.0003273895248832037
1.9438202113800462,1.8443988264005284e-05
1.943828406762699,8.195382652731453e-06
1.9441313992985139,0.0003029925358148944
1.9444441236820487,0.0003127243835348015
1.9451812997847073,0.0007371761026586654
1.9452242349014475,4.293511674013928e-05
1.945237391549477,1.315664802947758e-05
1.9453105153460672,7.312379659030199e-05
1.9453492317070602,3.871636099295195e-05
1.9459296675738902,0.0005804358668299869
1.9459701336781745,4.046610428432018e-05
1.9460361216721613,6.598799398682687e-05
1.9460525473007944,1.6425628633021105e-05
1.9462859270379387,0.00023337973714432358
1.9463136105112837,2.7683473345030407e-05
1.9467134890451057,0.00039987853382195127
1.9467293069921907,1.5817947085050577e-05
1.9473876077992442,0.0006583008070535357
1.947459372851724,7.176505247974418e-05
1.9478658898461823,0.0004065169944582614
1.9484566000945416,0.0005907102483593274
1.9486432280514532,0.00018662795691160028
1.9486480942038833,4.866152430116344e-06
1.9486614551774322,1.3360973548870447e-05
1.948718335514535,5.688033710282703e-05
1.948951170801997,0.00023283528746209647
1.9490708344284748,0.00011966362647775064
1.9491003140570156,2.9479628540718394e-05
1.9493264063377596,0.00022609228074399468
1.9497610532617913,0.000434646924031723
1.9498193729542752,5.831969248393243e-05
1.9502186533655022,0.00039928041122694324
1.950414123711743,0.00019547034624078918
1.9504390112307954,2.4887519052496643e-05
1.9504585335847122,1.9522353916778812e-05
1.950552271936365,9.373835165282784e-05
1.9507460531292693,0.0001937811929042521
1.950775899082609,2.9845953339657783e-05
1.9511032798569956,0.00032738077438665414
1.9522305578397017,0.0011272779827060653
1.952283780949532,5.322310983024714e-05
1.9524815803334932,0.00019779938396125019
1.9526186810198511,0.00013710068635797157
1.9533573938871716,0.0007387128673204124
1.953513823340327,0.0001564294531555266
1.9536453069254005,0.00013148358507342195
1.953719245987556,7.393906215558133e-05
1.9537273603023366,8.114314780538479e-06
1.9537799072811088,5.254697877221659e-05
1.954033321405184,0.0002534141240750909
1.9540454493859842,1.2127980800302751e-05
1.9541093328520587,6.388346607444362e-05
1.9542199763695642,0.00011064351750555979
1.9543622915333494,0.00014231516378515607
1.9543671227884436,4.831255094206455e-06
1.9544049172796139,3.779449117025102e-05
1.9544970297769735,9.211249735963101e-05
1.9545275893106524,3.055953367891995e-05
1.9549938918758036,0.00046630256515123314
1.9549942554946502,3.6361884658830945e-07
1.9551727367009992,0.00017848120634900155
1.9554737540134934,0.0003010173124942117
1.955668025463726,0.00019427145023254155
1.9559611549007347,0.0002931294370087656
1.9560672613206682,0.00010610641993347159
1.956428681702713,0.0003614203820447859
1.9564472688666188,1.858716390579218e-05
1.9565066688427994,5.939997618065185e-05
1.9565956764792407,8.900763644126286e-05
1.9566767703395527,8.109386031196486e-05
1.9566986827142678,2.191237471516061e-05
1.9570561574328296,0.0003574747185617344
1.9571061969770365,5.0039544206903486e-05
1.957421817497449,0.0003156205204124518
1.9576595832844823,0.0002377657870333838
1.958035606746212,0.0003760234617296021
1.9581133041572656,7.769741105367878e-05
1.9581667769981346,5.3472840868984406e-05
1.958204031509845,3.7254511710438365e-05
1.958435220199887,0.0002311886900419058
1.9585439289535032,0.00010870875361623789
1.9586696120462195,0.00012568309271632216
1.9589860221173045,0.00031641007108507146
1.9590874951584667,0.00010147304116214784
1.9592313720346761,0.00014387687620942557
1.9596550543586415,0.00042368232396539085
1.9597305598036134,7.550544497192391e-05
1.9598577724890036,0.00012721268539017672
1.9599541620876195,9.638959861590912e-05
1.9600117312472085,5.756915958898823e-05
1.9602203034209575,0.00020857217374903314
1.9605203835579381,0.0003000801369805739
1.9606947895834816,0.00017440602554352758
1.9609346924562872,0.0002399028728055086
1.960972738741098,3.804628481085537e-05
1.9610231830956373,5.0444354539269654e-05
1.9610787077082859,5.5524612648572e-05
1.9611840082170706,0.00010530050878476693
1.961193459549653,9.451332582344207e-06
1.9612780910563778,8.463150672488595e-05
1.961403707924833,0.0001256168684551362
1.9618818284790318,0.00047812055419882427
1.9620812819290487,0.0001994534500169287
1.9621307800819945,4.949815294574833e-05
1.9621541834150065,2.3403333011984273e-05
1.9624525904654022,0.00029840705039574367
1.9625193471036053,6.675663820310263e-05
1.9625323398091368,1.2992705531456039e-05
1.9631878537708594,0.0006555139617225869
1.9633257719102466,0.00013791813938723863
1.9634550085687141,0.0001292366584675353
1.9635421116880727,8.710311935855586e-05
1.9639485868842468,0.0004064751961740942
1.9643349538869719,0.0003863670027250965
1.9643946109642998,5.965707732791259e-05
1.964458505020899,6.389405659912306e-05
1.964719872814251,0.00026136779335206306
1.9648074488513725,8.757603712150619e-05
1.96480887602856,1.4271771875407069e-06
1.9651606560671333,0.00035178003857327944
1.9654466361188767,0.00028598005174340635
1.9655667581200036,0.00012012200112687665
1.96581381661771,0.0002470584977063428
1.9661385121942732,0.00032469557656322756
1.9661493049160674,1.0792721794272708e-05
1.966305182679618,0.0001558777635506381
1.9663191373140647,1.3954634446644576e-05
1.9664504090786423,0.0001312717645776118
1.966473722485937,2.3313407294667243e-05
1.9665245116263468,5.0789140409790434e-05
1.9667158819950357,0.00019137036868888124
1.966755793988288,3.9911993252372824e-05
1.967077330673607,0.00032153668531886836
1.9671658488243864,8.851815077948189e-05
1.9675298882280947,0.0003640394037083272
1.9677250694934103,0.00019518126531559155
1.9678136291800417,8.855968663135094e-05
1.9678216653548142,8.036174772518834e-06
1.9679719179921895,0.00015025263737533656
1.968253619197995,0.0002817012058053958
1.9682984331923803,4.481399438538425e-05
1.9683374968521128,3.90636597324967e-05
1.9683443755420027,6.878689889910916e-06
1.9684652673678327,0.00012089182582997182
1.9685361824082672,7.091504043454933e-05
1.9687697144981111,0.00023353208984389084
1.9690326061613117,0.0002628916632005929
1.969195351159154,0.00016274499784230123
1.9692356758810736,4.032472191961567e-05
1.9694897748085916,0.00025409892751793173
1.9695128207106682,2.304590207669044e-05
1.9697571752540854,0.0002443545434172023
1.9699258018108907,0.0001686265568052736
1.9701908694990746,0.00026506768818390647
1.9706097027411065,0.00041883324203184635
1.9707288631402375,0.00011916039913106857
1.971041418610466,0.0003125554702283484
1.9710841801626704,4.2761552204506614e-05
1.9714150047068426,0.00033082454417221463
1.9716753936887574,0.0002603889819148275
1.9718783831799351,0.00020298949117769638
1.9720199719183462,0.00014158873841108033
1.9723565439937483,0.0003365720754020529
1.9723714431822088,1.4899188460537616e-05
1.972614628070748,0.00024318488853913856
1.9733323243754202,0.0007176963046722218
1.9738426385912222,0.0005103142158020546
1.9740699491028684,0.00022731051164615046
1.974534472785213,0.0004645236823446197
1.9746739910763427,0.00013951829112968106
1.9747663521482184,9.236107187571285e-05
1.9749348559489268,0.00016850380070843052
1.9750685238415442,0.00013366789261737289
1.9756139761691076,0.0005454523275634227
1.9758289380012841,0.00021496183217650788
1.9760351407097794,0.00020620270849525113
1.9761138382942975,7.869758451817255e-05
1.9761708338602755,5.6995565977935314e-05
1.9762345455476766,6.371168740115785e-05
1.9762876481488925,5.310260121582644e-05
1.9764316459771196,0.00014399782822716034
1.9765255696756834,9.392369856375815e-05
1.9767559100684402,0.0002303403927568226
1.9767829541652688,2.704409682863229e-05
1.9768872953990568,0.00010434123378799676
1.9769103038537839,2.300845472702484e-05
1.9769918898538779,8.158600009400274e-05
1.9776774869818063,0.0006855971279284834
1.9777361840388157,5.869705700933814e-05
1.9777923961088588,5.6212070043137885e-05
1.9778822506528002,8.985454394139225e-05
1.9780247944786344,0.0001425438258342293
1.9780803297825882,5.5535303953746507e-05
1.9782760623186635,0.00019573253607529928
1.9783695146275226,9.345230885915434e-05
1.9784024379622265,3.2923334703838236e-05
1.9785571317517652,0.00015469378953869573
1.9785910989600812,3.396720831605471e-05
1.9790441446183276,0.0004530456582463316
1.9791315417344175,8.739711608996004e-05
1.9791432119036982,1.1670169280719733e-05
1.9792078373860356,6.462548233732157e-05
1.9794228744412645,0.00021503705522896155
1.9796028356701028,0.0001799612288382324
1.9803412484686433,0.0007384127985405886
1.980428219484231,8.697101558774456e-05
1.9805620988089676,0.00013387932473651887
1.9806748887897632,0.00011278998079555791
1.981129893913122,0.0004550051233589425
1.9813229609508647,0.00019306703774257805
1.9813327418909201,9.78094005543717e-06
1.9819257091102611,0.0005929672193409896
1.9821765736151489,0.00025086450488776
1.9828285010692834,0.0006519274541345599
1.9831429252848785,0.00031442421559502165
1.9835752620032767,0.00043233671839826293
1.9836558825934856,8.062059020885748e-05
1.9839472766388209,0.00029139404533529145
1.9839613858862946,1.4109247473692577e-05
1.984481217145824,0.0005198312595293686
1.9850309369011974,0.0005497197553734345
1.9857059798368302,0.000675042935632808
1.9857314089211375,2.5429084307360128e-05
1.9858483968585339,0.00011698793739634006
1.9858567829224563,8.386063922394271e-06
1.986819884661709,0.0009631017392526253
1.98701662515023,0.00019674048852103
1.9871983082613174,0.0001816831110874606
1.9873676612628657,0.00016935300154830024
1.9875757979833217,0.00020813672045605358
1.9876452827727606,6.948478943891168e-05
1.9884586811360947,0.0008133983633340502
1.9885895513905225,0.0001308702544278173
1.9888937715022559,0.0003042201117333665
1.9889971413506455,0.00010336984838965613
1.9896466722810888,0.0006495309304432872
1.9897130918089174,6.641952782859839e-05
1.9897619300060767,4.883819715928439e-05
1.9898081112395294,4.6181233452680104e-05
1.9901006903095988,0.00029257907006940975
1.9902521771652344,0.00015148685563559638
1.9904067060500827,0.00015452888484834837
1.9906569346370628,0.00025022858698009465
1.9908376267585657,0.00018069212150284564
1.9912765124766278,0.00043888571806216525
1.9917435193845274,0.0004670069078995809
1.9920813758049627,0.0003378564204352674
1.9921897982768113,0.00010842247184861264
1.992342270200567,0.00015247192375578145
1.9924120377347683,6.976753420118165e-05
1.992464780155955,5.2742421186691146e-05
1.992500586221275,3.580606532005426e-05
1.9926060858746897,0.00010549965341466461
1.9927523980767374,0.0001463122020477492
1.992984533821154,0.00023213574441660612
1.9930134344650072,2.8900643853191355e-05
1.993154069788105,0.00014063532309771531
1.993292919988478,0.00013885020037296414
1.9933708845310285,7.796454255060148e-05
1.9934358772098124,6.499267878390391e-05
1.9936458102470271,0.00020993303721472678
1.9937577739476322,0.00011196370060506666
1.9937977809486416,4.0007001009367826e-05
1.993803694090594,5.913141952529344e-06
1.994013460185664,0.00020976609506995203
1.9943114579011643,0.0002979977155002089
1.9943454437637322,3.3985862567975644e-05
1.994747054113514,0.0004016103497817003
1.9947983735603354,5.131944682146283e-05
1.9952038563216925,0.00040548276135710104
1.9953047416314538,0.0001008853097612672
1.9953993385147584,9.459688330459848e-05
1.9958678904975111,0.0004685519827527518
1.9959450636177127,7.717312020161238e-05
1.9959749168272674,2.9853209554620008e-05
1.9959845338284385,9.617001171191575e-06
1.9961369679118877,0.00015243408344911558
1.9961710167319366,3.404882004898191e-05
1.996285418716876,0.000114401984939283
1.9965595648411942,0.00027414612431830854
1.996619707501796,6.014266060172524e-05
1.996646446809712,2.673930791607937e-05
1.9970742662806538,0.000427819470941726
1.997176697310295,0.00010243102964113682
1.9972419688283753,6.527151808044529e-05
1.997739065076744,0.0004970962483685781
1.9979201910712316,0.0001811259944877186
1.998231367413886,0.00031117634265442895
1.9982898386759038,5.847126201774522e-05
1.9986170314836114,0.00032719280770754366
1.999290579819351,0.0006735483357396266
1.9993617108676627,7.113104831169004e-05
1.9993781860330715,1.6475165408813552e-05
1.999464334496458,8.614846338650395e-05
1.9997464655879913,0.00028213109153329974
1.9999475313909099,0.00020106580291856524
2.000047399272543,9.986788163307558e-05
2.000190472000215,0.00014307272767188906
2.000193445403127,2.973402912331835e-06
2.000626958161681,0.00043351275855396665
2.000861086161523,0.0002341279998416823
2.000927730096744,6.664393522104461e-05
2.0014549198555676,0.0005271897588237096
2.0017234745683035,0.00026855471273590226
2.001755445602306,3.197103400243151e-05
2.001999218019865,0.00024377241755901835
2.0024068862958635,0.000407668275998585
2.0026047571854413,0.0001978708895777892
2.002709607088127,0.00010484990268588845
2.003467818735014,0.0007582116468869415
2.003854335182679,0.00038651644766485305
2.004297833364158,0.0004434981814789296
2.0045315460361834,0.00023371267202554336
2.004548636914047,1.709087786361252e-05
2.0050585051131105,0.0005098681990634013
2.0052918490622123,0.00023334394910179412
2.005309649537489,1.7800475276885663e-05
2.005403161226656,9.351168916671426e-05
2.005582556691516,0.00017939546486012148
2.005930015971937,0.00034745928042090313
2.006175715975194,0.00024570000325718766
2.0062022120423104,2.6496067116354993e-05
2.0062673145319643,6.510248965385657e-05
2.0066002917155794,0.0003329771836151352
2.0066272963726255,2.700465704608135e-05
2.0077204453272923,0.0010931489546668338
2.007844953531443,0.00012450820415077501
2.0082624009128915,0.0004174473814484436
2.008367214262883,0.00010481334999123959
2.008442944983318,7.573072043509654e-05
2.0084625170717603,1.957208844238778e-05
2.008631027589003,0.0001685105172426482
2.008703588938759,7.256134975630602e-05
2.0091466003632448,0.000443011424485551
2.0092831325281755,0.00013653216493070275
2.009390041923567,0.00010690939539159672
2.0095409688264056,0.00015092690283857735
2.0098780575524406,0.0003370887260349953
2.009973647889308,9.559033686734608e-05
2.010118941886842,0.00014529399753415717
2.010150173453263,3.1231566421041634e-05
2.0103617507846963,0.000211577331433066
2.0104382001937786,7.644940908235753e-05
2.0111532599217417,0.0007150597279630411
2.0113719829336705,0.00021872301192882304
2.0115808874492056,0.00020890451553512435
2.0123055172869284,0.0007246298377228122
2.013289534123358,0.0009840168364294577
2.013318321222,2.8787098642180098e-05
2.013602329378381,0.000284008156381077
2.0137485795775683,0.00014625019918712567
2.0139822929711872,0.000233713393618995
2.014397753974975,0.00041546100378786477
2.014502347429162,0.0001045934541870075
2.014541634254947,3.928682578502318e-05
2.0146071780727355,6.554381778833829e-05
2.0146622957625078,5.511768977228826e-05
2.014674424969546,1.212920703830278e-05
2.0148293564128315,0.00015493144328537767
2.014994740295208,0.00016538388237652413
2.0151128405057426,0.00011810021053459963
2.0152425203653217,0.00012967985957912376
2.0152718330734847,2.9312708162976264e-05
2.015350782397487,7.89493240023198e-05
2.0157869968354287,0.00043621443794172876
2.0160015134179536,0.00021451658252491512
2.0165040097429716,0.0005024963250179759
2.0165783635812877,7.43538383161102e-05
2.0168611537691077,0.000282790187819959
2.017244349921339,0.00038319615223114667
2.017340629530293,9.627960895430832e-05
2.017463126796559,0.00012249726626567536
2.017830422675409,0.0003672958788500935
2.0178798789138277,4.945623841878799e-05
2.0186155182921492,0.0007356393783215509
2.018666436928227,5.091863607775693e-05
2.0188304096605765,0.00016397273234947107
2.0189233672883002,9.295762772376648e-05
2.019288303160894,0.0003649358725938967
2.019411037855686,0.0001227346947918484
2.0194334167402825,2.237888459655224e-05
2.019694177840891,0.0002607611006082422
2.019826791080341,0.00013261323945013004
2.0198467936727806,2.000259243972735e-05
2.0198827586934627,3.596502068203833e-05
2.0199268396080483,4.408091458563135e-05
2.0199317478554355,4.908247387191977e-06
2.0199383334474423,6.585592006835839e-06
2.0199499678235817,1.163437613938001e-05
2.020108857699947,0.00015888987636536456
2.0205634554585434,0.00045459775859635343
2.020582569093619,1.911363507556274e-05
2.021040532048752,0.00045796295513289564
2.0210430173254594,2.4852767075422832e-06
2.021223085172279,0.0001800678468195649
2.0214768714457696,0.0002537862734905971
2.021775878540948,0.00029900709517827195
2.0219551572794567,0.0001792787385088701
2.022461543095361,0.0005063858159042312
2.0226952155436493,0.00023367244828831346
2.0227190506892065,2.3835145557260518e-05
2.022831036990965,0.00011198630175845992
2.0233263770957213,0.00049534010475627
2.0233378280057788,1.1450910057497765e-05
2.0236960047170434,0.0003581767112645906
2.023823674156646,0.00012766943960285104
2.0239102569082887,8.658275164252771e-05
2.0245161590674443,0.0006059021591555691
2.0246617990335283,0.0001456399660839658
2.0251556816906024,0.0004938826570741739
2.025335648296976,0.00017996660637376038
2.0255065701843886,0.00017092188741241188
2.0258257227141,0.00031915252971126407
2.025905377929893,7.96552157931174e-05
2.0259231410352276,1.7763105334633877e-05
2.026383860519232,0.0004607194840042794
2.0264086655196354,2.4805000403471666e-05
2.026521454432988,0.00011278891335253505
2.0267107380827816,0.00018928364979364787
2.026808549544029,9.781146124732132e-05
2.0268673450935535,5.879554952459287e-05
2.026979944596794,0.00011259950324049584
2.0272138806503635,0.00023393605356947234
2.027764357301406,0.0005504766510426862
2.0277856538345698,2.129653316362834e-05
2.0278427851020497,5.713126747997066e-05
2.027862363625832,1.957852378220437e-05
2.028370202701142,0.0005078390753099349
2.0283810536522897,1.0850951147833854e-05
2.0290699388954168,0.0006888852431270465
2.0290807927929384,1.085389752164545e-05
2.0291792672484115,9.847445547306322e-05
2.0292639865681923,8.471931978082381e-05
2.0294943441303164,0.00023035756212408387
2.0295213750240224,2.7030893706037062e-05
2.029732536717329,0.00021116169330648304
2.0299684799346096,0.00023594321728070966
2.030197319635138,0.00022883970052856029
2.0303477579561986,0.00015043832106043098
2.0303956270364885,4.786908028986403e-05
2.0306682217962573,0.0002725947597688183
2.0309087761117923,0.00024055431553504647
2.0309551326771356,4.635656534324184e-05
2.0311970937077057,0.00024196103057017027
2.0313949966276437,0.0001979029199379312
2.031416943949959,2.194732231552976e-05
2.0316374444168264,0.0002205004668671684
2.0321515640913765,0.000514119674550173
2.0323144418667685,0.00016287777539192305
2.032352562917006,3.812105023737189e-05
2.0323852613204467,3.269840344088948e-05
2.032408189792949,2.2928472502403707e-05
2.032786921071081,0.0003787312781318164
2.0328250901905456,3.816911946463719e-05
2.032938423044289,0.00011333285374348634
2.0333343859011155,0.0003959628568264151
2.0334020020919437,6.761619082817916e-05
2.033588081023715,0.00018607893177113866
2.034531106866176,0.0009430258424614202
2.0349161157688935,0.0003850089027173098
2.0349679593174534,5.1843548559915575e-05
2.0350820329923027,0.00011407367484927988
2.0351421964294283,6.016343712555994e-05
2.0353628666112056,0.0002206701817772938
2.035569442607751,0.0002065759965454994
2.035613031693306,4.3589085554796014e-05
2.0357714275201357,0.0001583958268298602
2.0358867988046767,0.00011537128454097711
2.036196500641097,0.00030970183642020643
2.036289545593704,9.304495260709089e-05
2.036654621207732,0.0003650756140278766
2.0366974684921955,4.284728446357633e-05
2.0367629033445467,6.543485235122048e-05
2.0367816380328785,1.8734688331800697e-05
2.0368358072019443,5.416916906586522e-05
2.0368891265749047,5.331937296038092e-05
2.0369451427174114,5.601614250672071e-05
2.0375787923017357,0.000633649584324214
2.037696572445637,0.00011778014390140257
2.0377520796541213,5.550720848424007e-05
2.0378119615688974,5.988191477612759e-05
2.0379245357129645,0.000112574144067068
2.0382289693582987,0.00030443364533416784
2.038946746435664,0.0007177770773654224
2.0391996228223856,0.00025287638672155666
2.0393638955884295,0.0001642727660438048
2.039421791914099,5.789632566965963e-05
2.0397313802712995,0.00030958835720040767
2.0399145874741063,0.00018320720280673441
2.039961117760869,4.653028676271376e-05
2.040352307356467,0.0003911895955979183
2.0403605374518112,8.230095344341493e-06
2.0403680451848927,7.507733081446588e-06
2.0410839394312252,0.0007158942463325602
2.041848478488954,0.0007645390577288858
2.041960037244565,0.0001115587556110853
2.04233604425429,0.0003760070097249546
2.0423733837828624,3.733952857221112e-05
2.0429941056361245,0.0006207218532621184
2.0430163563150288,2.2250678904267573e-05
2.0432185880096556,0.0002022316946268532
2.043457221986594,0.00023863397693846267
2.043535223175997,7.800118940304301e-05
2.0437328419631213,0.00019761878712420966
2.0437345088146,1.666851478621112e-06
2.0440357173265675,0.0003012085119675767
2.0444439312021676,0.00040821387560008304
2.044641673237554,0.00019774203538647228
2.0446765852634035,3.491202584937625e-05
2.0453107240991946,0.0006341388357911093
2.0457743943303535,0.00046367023115889694
2.045901955816677,0.00012756148632364628
2.046201621036214,0.00029966521953683767
2.0462577016017858,5.60805655718255e-05
2.0463175689108084,5.986730902263204e-05
2.0468071511338484,0.0004895822230399638
2.046919038586707,0.0001118874528587277
2.046941043812869,2.2005226161692093e-05
2.047121795398928,0.00018075158605901365
2.0477291167377967,0.0006073213388688714
2.047797946325893,6.882958809617534e-05
2.047874426508262,7.648018236894316e-05
2.0478895598504363,1.5133342174511455e-05
2.0479167434854624,2.718363502607346e-05
2.047930868407751,1.4124922288694108e-05
2.047931875508482,1.0071007308098956e-06
2.047995462999684,6.358749120227714e-05
2.048007191529022,1.1728529337950988e-05
2.0481460983143918,0.0001389067853696524
2.0484176408073735,0.00027154249298178
2.048581350490956,0.00016370968358225824
2.0487808313019125,0.0001994808109566648
2.0491029440136477,0.00032211271173521183
2.0491781343508397,7.519033719205481e-05
2.049575018069682,0.00039688371884238904
2.0497458642563813,0.0001708461866991584
2.049833061627515,8.71973711338292e-05
2.0500756995974263,0.0002426379699111969
2.050241802930984,0.00016610333355782103
2.050360665100437,0.0001188621694527825
2.0503886729926304,2.800789219348232e-05
2.0510697747338837,0.0006811017412533538
2.051106933104369,3.7158370485457226e-05
2.05118335225952,7.64191551509974e-05
2.0515288926918704,0.00034554043235024423
2.051809375137063,0.00028048244519274235
2.0521916965958034,0.00038232145874017576
2.0524750757680637,0.00028337917226028964
2.0527301258293895,0.0002550500613258677
2.0529736559391023,0.0002435301097127862
2.0532949299777616,0.000321274038659336
2.05340347513782,0.0001085451600584264
2.0535336440737693,0.0001301689359491931
2.053840802300622,0.0003071582268527884
2.0538918755854243,5.107328480224993e-05
2.0538932254400657,1.3498546413970303e-06
2.054382530654523,0.0004893052144572252
2.054623891554616,0.00024136090009330147
2.0546486239121142,2.4732357498002955e-05
2.054725721536997,7.709762488294913e-05
2.054941476280498,0.00021575474350088442
2.055356714338398,0.00041523805789989154
2.055551106570083,0.0001943922316849367
2.0556574898829636,0.00010638331288070901
2.0557822178818195,0.00012472799885587804
2.0560402333164935,0.00025801543467407484
2.056629054661848,0.0005888213453544289
2.056874859503193,0.00024580484134517633
2.056910289927162,3.543042396891849e-05
2.057030312447603,0.00012002252044096551
2.057240833532859,0.00021052108525587698
2.057336077765623,9.524423276419114e-05
2.057545636042624,0.0002095582770009763
2.057567756810575,2.212076795071738e-05
2.0580065977088835,0.0004388408983087011
2.0581006409103226,9.404320143913125e-05
2.0584263713935456,0.0003257304832229302
2.058695335829618,0.0002689644360724941
2.0587761318815234,8.079605190536299e-05
2.0591502659408203,0.00037413405929687116
2.0591515589735856,1.293032765303792e-06
2.059415297140953,0.0002637381673675776
2.0594374481920426,2.2151051089380758e-05
2.0596943710674336,0.0002569228753910302
2.0597387497230457,4.437865561213172e-05
2.05990310017566,0.0001643504526143147
2.0602983778156756,0.00039527764001556775
2.0603812661369614,8.288832128577894e-05
2.060855652886012,0.00047438674905064815
2.06101994996379,0.00016429707777776414
2.0611251155597645,0.00010516559597473218
2.0613450905820154,0.0002199750222509067
2.0613452050860204,1.145040049443935e-07
2.061549706047658,0.00020450096163759923
2.0616253320756437,7.562602798572016e-05
2.0617543340987146,0.00012900202307086772
2.061793244825594,3.891072687922659e-05
2.0618629696330717,6.97248074779111e-05
2.061911831989826,4.886235675449768e-05
2.061966784052454,5.4952062627844356e-05
2.0621246941447744,0.0001579100923203569
2.062206342910816,8.164876604155324e-05
2.0625260639399645,0.0003197210291485675
2.0626130073837117,8.694344374715612e-05
2.0627833903589727,0.00017038297526106305
2.06298504124366,0.00020165088468715453
2.063425076487904,0.0004400352442441857
2.063520587885625,9.551139772101536e-05
2.063566340194164,4.575230853909318e-05
2.063669047071337,0.00010270687717284233
2.064305530400619,0.0006364833292820116
2.064361445688896,5.591528827686432e-05
2.0645594222640926,0.0001979765751967122
2.0651180898722594,0.0005586676081668074
2.0658168245327078,0.0006987346604483413
2.0660620850790408,0.00024526054633300376
2.0660799297891908,1.7844710149983456e-05
2.0662271483790775,0.00014721858988675507
2.066317818479604,9.06701005263244e-05
2.0665795786182475,0.0002617601386436519
2.0669327839188423,0.0003532053005947944
2.0671059626124144,0.00017317869357214022
2.0672987995517147,0.00019283693930027823
2.0677556305962828,0.00045683104456806234
2.067766538308917,1.090771263445589e-05
2.0677696567705035,3.118461586293364e-06
2.068051123537514,0.00028146676701057416
2.0682230380866797,0.00017191454916565263
2.068402121998957,0.00017908391227727805
2.068613881482026,0.00021175948306906278
2.0689629599081916,0.00034907842616549445
2.069224846040881,0.000261886132689515
2.0692538997868817,2.9053746000595737e-05
2.0696602596400133,0.0004063598531316437
2.069789986949366,0.0001297273093525675
2.0701093750744737,0.000319388125107789
2.0701614013968115,5.202632233780591e-05
2.070192925294687,3.152389787564047e-05
2.0705905922626693,0.0003976669679821576
2.07063721462029,4.66223576207625e-05
2.070639806757874,2.5921375841342353e-06
2.0706690535248145,2.924676694027184e-05
2.0706720713050277,3.0177802132769216e-06
2.0707321623906734,6.0091085645641584e-05
2.070869863099408,0.0001377007087346449
2.070925009695489,5.5146596081190324e-05
2.07093537021748,1.0360521990993021e-05
2.0710178069836065,8.243676612629258e-05
2.0712499233758344,0.00023211639222786573
2.0715390147146833,0.00028909133884891247
2.0715471352666373,8.120551953982869e-06
2.0716954482780428,0.00014831301140549868
2.0718918918881495,0.0001964436101067335
2.071933746063706,4.185417555646609e-05
2.072705469020495,0.0007717229567889561
2.073349287808864,0.000643818788369277
2.07336702467959,1.7736870725926224e-05
2.073404300912553,3.7276232963012745e-05
2.074285948843549,0.000881647930996099
2.074817281235002,0.0005313323914526435
2.0751019490246865,0.0002846677896846117
2.0751381629185714,3.62138938849732e-05
2.075176263415472,3.810049690056161e-05
2.0752339351375224,5.767172205040083e-05
2.0752792536231905,4.5318485668133235e-05
2.075482122850395,0.00020286922720424982
2.075557875690129,7.575283973437763e-05
2.0759275520521756,0.00036967636204643384
2.076256253385682,0.000328701333506487
2.076541104897638,0.00028485151195578595
2.076974822428293,0.00043371753065502006
2.0770723756550273,9.7553226734437e-05
2.0774887461790015,0.0004163705239741411
2.0775002000122793,1.1453833277830228e-05
2.077571547177059,7.134716477974479e-05
2.0777678627267937,0.00019631554973464915
2.0780917032828055,0.0003238405560117563
2.0781422784990733,5.057521626783412e-05
2.0786140835309435,0.000471805031870165
2.078744573944249,0.00013049041330548405
2.0788604055339137,0.00011583158966477214
2.0791284191904653,0.00026801365655160225
2.0792838146793247,0.0001553954888593445
2.0793357040706377,5.188939131306469e-05
2.0793690687866304,3.336471599268975e-05
2.079629033892331,0.00025996510570047704
2.079645763733678,1.6729841346929675e-05
2.080047855410351,0.00040209167667315526
2.0804063217117132,0.0003584663013622702
2.08060808904055,0.00020176732883658843
2.080726338140324,0.00011824909977420361
2.0818272903368737,0.0011009521965497093
2.0819549434417444,0.00012765310487061754
2.0820057215706385,5.077812889409117e-05
2.082525993826715,0.0005202722560766482
2.0825877187574178,6.172493070266682e-05
2.0827013750505374,0.00011365629311965719
2.0829322248829882,0.00023084983245080792
2.0829687784183513,3.655353536302641e-05
2.0829690443751248,2.65956773493059e-07
2.083256546471977,0.0002875020968522435
2.083547253249788,0.00029070677781106724
2.0841004186248373,0.000553165375049236
2.084176783592874,7.636496803664627e-05
2.0842105245843188,3.374099144481946e-05
2.0845674693460956,0.000356944761776834
2.085106716201578,0.0005392468554825669
2.0854624072562724,0.00035569105469424045
2.0855323207650875,6.99135088151337e-05
2.0856841930419177,0.00015187227683011173
2.085774669812398,9.047677048013014e-05
2.085832650356299,5.7980543901159365e-05
2.0859320894596567,9.943910335774575e-05
2.0860237681995524,9.16787398956842e-05
2.086090643471939,6.687527238646851e-05
2.086435380579216,0.0003447371072771155
2.086747732335838,0.0003123517566221423
2.0869103960651656,0.00016266372932749462
2.0871093413247475,0.00019894525958186193
2.087176414965388,6.707364064073573e-05
2.0872916598856417,0.00011524492025349886
2.0875898637737995,0.00029820388815782195
2.08778658512765,0.0001967213538502932
2.0879702767263297,0.0001836915986799248
2.08800622790775,3.5951181420301737e-05
2.088111129051216,0.00010490114346595192
2.0884641029663573,0.00035297391514133025
2.088552556209038,8.845324268058619e-05
2.088596235938935,4.367972989705038e-05
2.0888919497153,0.0002957137763650586
2.0890411099615833,0.0001491602462833086
2.0891159612668173,7.485130523399164e-05
2.089211219067691,9.525780087349389e-05
2.0896953877332067,0.0004841686655159272
2.0898594155641077,0.00016402783090097017
2.089956150317764,9.673475365623574e-05
2.0900985637224974,0.00014241340473342134
2.090135426419243,3.686269674574305e-05
2.090581965719427,0.0004465393001837903
2.0908094161004724,0.00022745038104554638
2.0913383110818207,0.0005288949813482269
2.0915144887340857,0.00017617765226507487
2.0915758659226875,6.137718860177444e-05
2.0917181274799437,0.00014226155725616252
2.0919450295085635,0.00022690202861985753
2.0921229311202656,0.0001779016117020582
2.0923663785598876,0.0002434474396220132
2.092704753073812,0.0003383745139244887
2.0927819631065376,7.721003272553872e-05
2.0935029889751386,0.0007210258686010107
2.0936369313702246,0.00013394239508590644
2.093722207589814,8.52762195893142e-05
2.0948007299815132,0.0010785223916993658
2.0951077224811865,0.00030699249967325315
2.0952881232866907,0.00018040080550418836
2.095823678843823,0.0005355555571324722
2.0959904821902535,0.00016680334643037753
2.0960798019962015,8.931980594795164e-05
2.0962934968273332,0.00021369483113176102
2.096482323016504,0.00018882618917093197
2.096733691651239,0.0002513686347347388
2.0971859662274017,0.0004522745761628144
2.0972543286526824,6.836242528063252e-05
2.0973656301239596,0.00011130147127724754
2.097504353721894,0.0001387235979342094
2.0977613244907403,0.000256970768846454
2.0977750494761134,1.3724985373109178e-05
2.097831399967733,5.635049161956118e-05
2.0980069109010984,0.00017551093336543033
2.0989315755019007,0.0009246646008023163
2.0992167025814035,0.00028512707950278937
2.09938622592684,0.00016952334543640646
2.0995180496341197,0.00013182370727982118
2.0999379522524184,0.00041990261829871756
2.099972903641703,3.4951389284554324e-05
2.1000754715716994,0.00010256792999641107
2.100089838178966,1.436660726650274e-05
2.100473788111848,0.0003839499328819329
2.100765719147203,0.0002919310353552973
2.100881330028682,0.00011561088147882259
2.1013070743473885,0.0004257443187065668
2.101535223599193,0.000228149251804588
2.1023847589470703,0.0008495353478772394
2.1031255165092233,0.0007407575621529716
2.104025788956872,0.0009002724476485646
2.1040954346594085,6.964570253664704e-05
2.1042703398913787,0.00017490523197016827
2.104276145191674,5.805300295147475e-06
2.1044783794289494,0.0002022342372756114
2.104515191396742,3.681196779270479e-05
2.1052013402794243,0.0006861488826821471
2.1054186034659637,0.0002172631865393626
2.10542899783887,1.0394372906397109e-05
2.1056281340489758,0.00019913621010569926
2.105666774075736,3.864002676046141e-05
2.105811865297636,0.0001450912218996514
2.105912358972874,0.00010049367523823349
2.1059815010034115,6.914203053742796e-05
2.10604307098299,6.156997957829091e-05
2.1061237923049245,8.072132193470694e-05
2.106506701563346,0.00038290925842154877
2.106755174495662,0.00024847293231600176
2.1075821058444637,0.0008269313488016294
2.1076553141397487,7.320829528500994e-05
2.1077668606994364,0.000111546559687703
2.1079094409135495,0.00014258021411306387
2.10807479803186,0.00016535711831044964
2.108403119649654,0.0003283216177942805
2.1084503072919563,4.718764230204897e-05
2.1084675687667533,1.7261474797081178e-05
2.1086133236712072,0.0001457549044538986
2.108649471718111,3.614804690377227e-05
2.1089995403205712,0.00035006860246022953
2.109871271781683,0.0008717314611117466
2.1100091915394565,0.00013791975777355248
2.110103317479896,9.412594043967104e-05
2.1102737734458787,0.00017045596598253
2.1104672073201924,0.00019343387431369763
2.1108048234846613,0.0003376161644688125
2.1109439882430183,0.00013916475835706876
2.111122599005992,0.00017861076297354117
2.1111250657888876,2.4667828957269933e-06
2.111413185687972,0.0002881198990842826
2.111465513288622,5.2327600650325934e-05
2.11149456231707,2.9049028447580838e-05
2.1116000593133206,0.0001054969962508423
2.1116620917081725,6.203239485191858e-05
2.11182581945789,0.0001637277497175127
2.112329357814063,0.0005035383561731166
2.1124717600521654,0.00014240223810224606
2.112659445612648,0.00018768556048254226
2.1129190465726286,0.000259600959980677
2.1129349385728946,1.5892000265971262e-05
2.1147356679314346,0.001800729358540032
2.115112294304637,0.00037662637320234893
2.1154896052483716,0.00037731094373461005
2.11558783799033,9.823274195852605e-05
2.1156013390011528,1.350101082264743e-05
2.115814208182916,0.00021286918176333103
2.1159152843782127,0.00010107619529664547
2.116001770332003,8.648595379012747e-05
2.1162289190794,0.00022714874739726554
2.116303373184796,7.445410539608233e-05
2.116389414476713,8.604129191658316e-05
2.1167650858651057,0.00037567138839289527
2.1173669488859868,0.0006018630208810549
2.117751060191589,0.00038411130560245255
2.1179080512276713,0.0001569910360821325
2.1179755801935727,6.752896590134227e-05
2.1183015012560733,0.0003259210625006226
2.1184178072634565,0.00011630600738321561
2.1184433588314424,2.5551567985893087e-05
2.1186659916924824,0.00022263286103996194
2.118947785777516,0.00028179408503348213
2.118994164109881,4.63783323652045e-05
2.119585301953157,0.0005911378432759129
2.1197893316437115,0.00020402969055455245
2.1198851495895408,9.58179458292463e-05
2.119891119012891,5.969423350293823e-06
2.1201872507809885,0.0002961317680973963
2.1203994954580665,0.00021224467707803285
2.1207228409413483,0.0003233454832818339
2.1209659275297863,0.0002430865884379685
2.121347404648018,0.0003814771182315546
2.121635739661723,0.00028833501370506553
2.1216396466288825,3.906967159572616e-06
2.122029566647832,0.0003899200189496632
2.1223190307542916,0.0002894641064594694
2.122582220372598,0.00026318961830629206
2.12326948461069,0.0006872642380919558
2.123322092284203,5.260767351300544e-05
2.123341805260415,1.971297621228274e-05
2.1239310327357868,0.0005892274753716009
2.1242108000496422,0.0002797673138554835
2.1246317785224584,0.0004209784728161914
2.1248176306243116,0.0001858521018531789
2.1252536714528136,0.00043604082850201564
2.1253620120230114,0.00010834057019781795
2.126225163509106,0.0008631514860946154
2.126616956596288,0.00039179308718173544
2.1266598599921784,4.290339589063663e-05
2.126744922499572,8.506250739337418e-05
2.126762023082002,1.7100582430096267e-05
2.1267827431439947,2.0720061992829386e-05
2.126932676659881,0.00014993351588632464
2.1273422748923054,0.00040959823242436855
2.127541687910138,0.0001994130178326614
2.127680705513196,0.00013901760305801147
2.127697209713507,1.6504200310851758e-05
2.12772669969028,2.948997677298948e-05
2.127775609382525,4.890969224513597e-05
2.1280736873482375,0.00029807796571246215
2.1283586923694906,0.0002850050212530597
2.1283870915279244,2.8399158433778382e-05
2.128562453539782,0.00017536201185741618
2.1288326165566067,0.0002701630168249203
2.129232901219931,0.0004002846633244239
2.1292461739756514,1.3272755720272755e-05
2.1293642849202836,0.00011811094463221039
2.1295906527686608,0.0002263678483771514
2.1296487955837207,5.814281505989172e-05
2.130036798853011,0.0003880032692902269
2.1304924991021585,0.0004557002491476503
2.1306235242260376,0.0001310251238790805
2.1309146081874593,0.0002910839614216343
2.131301778752819,0.0003871705653595292
2.1313031152753594,1.336522540640317e-06
2.1315116192350207,0.0002085039596613214
2.1315257322086296,1.411297360887076e-05
2.131549074585676,2.3342377046375873e-05
2.1318632977838425,0.0003142231981665411
2.1318925452668607,2.924748301813551e-05
2.1320117052763568,0.00011916000949607763
2.1321326732212516,0.0001209679448948009
2.132231785099799,9.911187854738657e-05
2.1327573325830267,0.0005255474832277507
2.1328240409894477,6.670840642097886e-05
2.133313726740076,0.0004896857506282437
2.133356433138337,4.270639826087219e-05
2.1334722131047945,0.0001157799664577297
2.1337858245802295,0.0003136114754349606
2.133955638802262,0.00016981422203254937
2.1342555952290567,0.0002999564267947008
2.134431183600531,0.00017558837147424455
2.1344747003508586,4.351675032765456e-05
2.134711549922631,0.0002368495717721686
2.1350367541005952,0.00032520417796444434
2.135784555171419,0.0007478010708239502
2.136040482502171,0.00025592733075185947
2.136165911055681,0.00012542855351016513
2.1363019037552746,0.00013599269959341242
2.1363444037435673,4.2499988292643565e-05
2.1364936036035607,0.00014919985999339858
2.136981863663628,0.00048826006006752465
2.137068732331284,8.686866765561518e-05
2.137912252037046,0.0008435197057621302
2.138194039230498,0.00028178719345195447
2.1382197044013296,2.5665170831690176e-05
2.1383804721800383,0.00016076777870877024
2.138421287258249,4.0815078210520994e-05
2.1387490171034256,0.0003277298451767052
2.1388580475597934,0.00010903045636778685
2.139282422900422,0.00042437534062855775
2.1393687020451853,8.627914476333487e-05
2.139498293105879,0.00012959106069354576
2.139585195115306,8.690200942718107e-05
2.139777068860793,0.00019187374548712555
2.1402355620223026,0.0004584931615094767
2.140397464811672,0.00016190278936933922
2.140496526004444,9.9061192772254e-05
2.1405936150648364,9.70890603921859e-05
2.1409099988138918,0.00031638374905540445
2.1413553761977138,0.00044537738382199876
2.1414359984810876,8.062228337379906e-05
2.141543143888494,0.00010714540740641709
2.1416830030722305,0.00013985918373649042
2.1419424996136662,0.0002594965414357553
2.142115565657183,0.00017306604351663424
2.142562622092346,0.0004470564351630735
2.142567747391097,5.12529875118517e-06
2.1425721445929677,4.397201870620648e-06
2.1429012422403426,0.00032909764737487635
2.1429896613295516,8.841908920897978e-05
2.1431764382277154,0.0001867768981638207
2.143468968886455,0.00029253065873957595
2.1436541260192024,0.00018515713274736
2.143995243583818,0.0003411175646155229
2.1440183368523695,2.3093268551654944e-05
2.144203362962858,0.00018502611048853979
2.1444596125644817,0.000256249601623626
2.1445244336832285,6.482111874683838e-05
2.1447521627565007,0.00022772907327217595
2.145286413751471,0.0005342509949701757
2.145345742115681,5.932836421029819e-05
2.1457121038530618,0.00036636173738058275
2.1461398502645523,0.00042774641149057047
2.1461978142681213,5.796400356894438e-05
2.1462855262764187,8.771200829738035e-05
2.146369277409023,8.375113260417066e-05
2.1465315745556626,0.00016229714663973382
2.146669662390455,0.00013808783479252185
2.1468835278127334,0.00021386542227830319
2.1471261345393184,0.00024260672658504845
2.1471822456095673,5.611107024883211e-05
2.1480108646416363,0.000828619032068989
2.148021617916947,1.0753275310637633e-05
2.1481097952582675,8.817734132060551e-05
2.1484973628320705,0.0003875675738029827
2.1485239959434757,2.6633111405161003e-05
2.1486968810643576,0.0001728851208819826
2.1488707932386397,0.00017391217428208705
2.1489755575548655,0.00010476431622574722
2.1490451404165323,6.958286166680594e-05
2.149172714884529,0.00012757446799671612
2.1493069039352166,0.00013418905068762754
2.149338118646975,3.121471175848711e-05
2.1493416098511897,3.4912042146117983e-06
2.1496629425322418,0.0003213326810520556
2.149905220496717,0.00024227796447506833
2.150077874000839,0.000172653504121989
2.15032899915283,0.00025112515199099406
2.1506889939205562,0.0003599947677264126
2.1507563182597984,6.732433924216963e-05
2.1508016446868585,4.532642706012169e-05
2.150802902496726,1.2578098673721172e-06
2.15175354674613,0.0009506442494040535
2.152282632885196,0.0005290861390658819
2.1525379754050125,0.0002553425198166259
2.153149970636558,0.0006119952315457589
2.1538424136379883,0.0006924430014301208
2.1546470708993066,0.0008046572613182867
2.154811182490184,0.00016411159087725835
2.1549089667561416,9.778426595774548e-05
2.1549660893471225,5.712259098089589e-05
2.155267663256716,0.00030157390959351105
2.1553356408195934,6.797756287735268e-05
2.155901642412168,0.0005660015925745832
2.1565449804133134,0.0006433380011454659
2.1569896577651915,0.00044467735187803115
2.157613207452267,0.0006235496870754531
2.157645678577383,3.247112511628458e-05
2.158240328645493,0.000594650068109992
2.1590682335254177,0.000827904879924457
2.1593555507501687,0.00028731722475106025
2.1594391544432576,8.360369308890725e-05
2.159483319394646,4.41649513884812e-05
2.159605598864775,0.0001222794701289942
2.1597418994491404,0.000136300584365312
2.159793411202472,5.151175333173441e-05
2.1599537683591796,0.00016035715670748019
2.160228060221744,0.0002742918625644464
2.160359273177056,0.0001312129553117103
2.1604913052975583,0.00013203212050250102
2.160944717118823,0.0004534118212649041
2.1611889640476094,0.0002442469287862181
2.161321930224588,0.00013296617697866608
2.1615880128615896,0.0002660826370015634
2.1617815489812546,0.0001935361196649943
2.162412698577777,0.0006311495965225511
2.1628442762875606,0.00043157770978341503
2.16286104529125,1.6769003689187656e-05
2.162980358858741,0.00011931356749128597
2.1630569247195823,7.656586084126005e-05
2.164120458425463,0.0010635337058806371
2.1642114510789865,9.099265352352504e-05
2.164478919957226,0.00026746887823936305
2.1646676388931314,0.0001887189359055519
2.164717860692779,5.0221799647420795e-05
2.164925656752644,0.00020779605986520622
2.165043178631959,0.00011752187931479696
2.1652124334750917,0.0001692548431329044
2.1652307657899867,1.833231489500875e-05
2.165304381507582,7.361571759512131e-05
2.16530582026363,1.4387560480777495e-06
2.1653220851846466,1.626492101669541e-05
2.165431600263806,0.00010951507915946124
2.165601653652653,0.00017005338884690246
2.165687061114511,8.540746185792258e-05
2.1657348568941415,4.779577963054393e-05
2.1661259305686236,0.00039107367448210084
2.1662948433160683,0.00016891274744468276
2.1663767898358306,8.194651976234368e-05
2.1664562579955073,7.946815967674326e-05
2.1669015469104296,0.0004452889149222372
2.1669446421042293,4.309519379974702e-05
2.167058406802117,0.00011376469788748622
2.1671247011628014,6.629436068461558e-05
2.167183876937005,5.9175774203445997e-05
2.167195953749036,1.2076812031303064e-05
2.167317782877324,0.00012182912828784254
2.1678669320411283,0.00054914916380433
2.1679525152071766,8.558316604823091e-05
2.1686124403395746,0.0006599251323979871
2.1688862162155402,0.000273775875965665
2.1690666800579907,0.00018046384245051783
2.1696818256529924,0.0006151455950016427
2.1699165568398793,0.00023473118688688288
2.1701357849547795,0.00021922811490027172
2.170169897009152,3.4112054372315015e-05
2.1702212822565117,5.13852473598142e-05
2.170225451701052,4.169444540291778e-06
2.1702721174787993,4.66657777473678e-05
2.1703071985916145,3.508111281513848e-05
2.170798284473604,0.0004910858819893171
2.1711169598630584,0.0003186753894546257
2.1712369841862817,0.00012002432322333334
2.1713752613538664,0.00013827716758463282
2.171554495674148,0.00017923432028155162
2.171585971898614,3.147622446597609e-05
2.1715958430390776,9.871140463690864e-06
2.1716173846759648,2.1541636887167925e-05
2.1717307268793644,0.00011334220339964673
2.171758769059733,2.80421803684483e-05
2.17190696023347,0.0001481911737371
2.1719351664769286,2.820624345867273e-05
2.172482914955385,0.0005477484784561781
2.173515826826117,0.0010329118707321783
2.173519073715215,3.246889098029726e-06
2.1739102538869397,0.000391180171724681
2.1740869458721415,0.0001766919852017601
2.174269325345639,0.00018237947349764028
2.174316106839328,4.678149368908535e-05
2.1746480417278797,0.00033193488855154385
2.1749257836193694,0.0002777418914896579
2.17494129241797,1.550879860046095e-05
2.175004625314588,6.333289661819563e-05
2.1751374690715153,0.0001328437569272367
2.1754235294792945,0.0002860604077792317
2.175512878850762,8.93493714673177e-05
2.1755932943314416,8.04154806797186e-05
2.1757271784248617,0.00013388409342018903
2.1769436238155166,0.0012164453906549078
2.177016862066387,7.323825087013347e-05
2.177028143688206,1.1281621819403398e-05
2.1774055494907554,0.0003774058025491911
2.1777673315205512,0.00036178202979586516
2.1778564289247124,8.909740416118694e-05
2.178036340692806,0.0001799117680936213
2.1783130477298194,0.000276707037013324
2.1784034961394627,9.044840964334e-05
2.1788200153456123,0.0004165192061496015
2.1788637187870767,4.370344146442662e-05
2.1797892102745138,0.0009254914874370357
2.1798840234892993,9.48132147855496e-05
2.18020576639281,0.00032174290351072443
2.1803711490935465,0.00016538270073640504
2.1803733684430644,2.219349517940117e-06
2.1805298256850394,0.00015645724197499433
2.1807756063582207,0.00024578067318126173
2.1809937805471686,0.0002181741889479838
2.1810085109187316,1.4730371562965416e-05
2.1810318029536417,2.3292034910138426e-05
2.181205144528982,0.00017334157534021344
2.1812261420033003,2.0997474318384945e-05
2.181458890133451,0.00023274813015072837
2.181541159687901,8.226955444978756e-05
2.1818945227921556,0.0003533631042547114
2.1820034344155164,0.00010891162336079674
2.1820284078744745,2.4973458958132966e-05
2.1821088135616735,8.040568719902552e-05
2.1823088233101413,0.00020000974846778874
2.1823520902055926,4.326689545131046e-05
2.182837567444102,0.00048547723850944635
2.1829646279320096,0.00012706048790755986
2.1830129182839197,4.8290351910118545e-05
2.1831963667302294,0.00018344844630968637
2.1832493980032868,5.303127305733568e-05
2.183982204908396,0.000732806905109129
2.184267794631052,0.0002855897226559101
2.184807989265611,0.0005401946345591213
2.184834672796932,2.668353132095902e-05
2.1850678015688674,0.00023312877193548687
2.186040605605291,0.0009728040364236357
2.186274404771822,0.00023379916653087918
2.1864625189172244,0.00018811414540254034
2.186974068610724,0.0005115496934995356
2.1869929382057913,1.886959506736119e-05
2.1870812074360035,8.826923021221234e-05
2.1872983404020387,0.00021713296603520504
2.187833725146864,0.0005353847448250626
2.188202126086798,0.000368400939934066
2.1886559546066366,0.0004538285198387726
2.1894373320711757,0.0007813774645391014
2.1894533052858174,1.5973214641640254e-05
2.18955048784854,9.718256272250869e-05
2.1895700493011168,1.9561452576866145e-05
2.1896291073899077,5.905808879091978e-05
2.1896877958685916,5.868847868395477e-05
2.189808714102273,0.00012091823368143295
2.1910787468608657,0.0012700327585926097
2.191419903095853,0.0003411562349873165
2.19142510453506,5.201439206903302e-06
2.1919890743122297,0.0005639697771697705
2.192379495948347,0.00039042163611746616
2.1929100287826464,0.0005305328342992688
2.1936492594049164,0.0007392306222699929
2.1938019653281318,0.00015270592321536824
2.1938938353080797,9.186997994792279e-05
2.1943740732675376,0.000480237959457952
2.1946631582932437,0.00028908502570601513
2.1946793257317463,1.6167438502634468e-05
2.194742169814474,6.284408272749786e-05
2.1947831638692783,4.099405480451068e-05
2.1951868434364,0.00040367956712161757
2.1952938651703326,0.00010702173393273284
2.195373600315645,7.973514531256498e-05
2.195457298035512,8.36977198668265e-05
2.1955467473626262,8.944932711418829e-05
2.1956222456269296,7.549826430341966e-05
2.195687920525181,6.567489825126671e-05
2.1958893656700638,0.00020144514488285026
2.196297257754293,0.0004078920842292
2.196510867040432,0.00021360928613889385
2.196514429069416,3.5620289842164254e-06
2.1968231257884403,0.00030869671902422624
2.1968276888119243,4.563023483949991e-06
2.1970493928183306,0.00022170400640630916
2.1974655175453788,0.0004161247270482171
2.197693457196992,0.00022793965161316265
2.1977118465504493,1.8389353457326507e-05
2.198049373461887,0.0003375269114376245
2.198499458584575,0.0004500851226882929
2.1988369713793703,0.0003375127947951029
2.1991663614322734,0.0003293900529031113
2.1993445789365955,0.00017821750432212013
2.1995092409732964,0.00016466203670084667
2.199847773534172,0.0003385325608755707
2.1999401593399934,9.238580582149325e-05
2.2002216769034377,0.0002815175634443001
2.201005681615623,0.0007840047121852045
2.2010560101965573,5.032858093434456e-05
2.2010606823439183,4.672147360995638e-06
2.201506426517145,0.0004457441732266254
2.201720954438553,0.00021452792140808086
2.2018045360440475,8.358160549448712e-05
2.201849202201603,4.4666157555717234e-05
2.202054216516295,0.00020501431469188702
2.2021034991476545,4.9282631359393037e-05
2.202369206550127,0.00026570740247233715
2.2025301275509794,0.00016092100085263183
2.2025872309684282,5.710341744880054e-05
2.203221733049497,0.0006345020810689661
2.203230300755141,8.567705643613976e-06
2.2035777711521036,0.00034747039696281234
2.204731682263997,0.0011539111118934464
2.20500147677807,0.00026979451407305177
2.2050271012321883,2.5624454118133855e-05
2.2054656589440884,0.000438557711900156
2.2056513114902163,0.00018565254612790127
2.2058799692482283,0.00022865775801195198
2.20634591564423,0.00046594639600172627
2.206547402224989,0.0002014865807589139
2.207839864507589,0.0012924622826000487
2.2080277699332256,0.00018790542563662527
2.2082834101434274,0.00025564021020185734
2.208345033009258,6.162286583055732e-05
2.208503501874737,0.00015846886547921102
2.209524043509525,0.0010205416347877083
2.2097503101723035,0.00022626666277858476
2.2101353991673762,0.0003850889950727243
2.210406150000203,0.00027075083282657175
2.210443730476964,3.75804767611676e-05
2.2106279881175137,0.00018425764054974536
2.210834224085471,0.00020623596795710242
2.211250334797869,0.0004161107123983321
2.211547067901768,0.000296733103898994
2.211576438272522,2.9370370753678543e-05
2.2122334111658586,0.0006569728933367713
2.2122615261173233,2.8114951464708327e-05
2.212397827350693,0.00013630123336971778
2.2125562467216136,0.00015841937092053726
2.212603004880579,4.675815896559854e-05
2.2127427969893434,0.0001397921087642473
2.2128925774167425,0.00014978042739910435
2.2134966595257244,0.0006040821089818849
2.213905325259391,0.0004086657336666022
2.213951412140038,4.608688064688948e-05
2.213988514477013,3.710233697518106e-05
2.214035013529469,4.6499052456017154e-05
2.2144750746374853,0.0004400611080161987
2.214554348823508,7.92741860227153e-05
2.21546445803115,0.000910109207642229
2.215862917840577,0.0003984598094266545
2.2159091588647337,4.624102415684561e-05
2.2159568982169766,4.773935224289261e-05
2.2164332771187483,0.00047637890177165687
2.2168192257429937,0.00038594862424545795
2.2169308129436565,0.00011158720066273276
2.217430585056126,0.0004997721124695431
2.21801548245846,0.0005848974023341391
2.2181461919036285,0.00013070944516835326
2.2183022156953665,0.0001560237917379581
2.2183059992701417,3.783574775262366e-06
2.218334055680199,2.805641005743098e-05
2.2187402785950705,0.000406222914871357
2.2188183048045658,7.802620949526329e-05
2.219034107192486,0.00021580238792040518
2.2190886561752183,5.454898273216102e-05
2.219144079850962,5.542367574351559e-05
2.219396027888736,0.0002519480377740635
2.219661332901102,0.0002653050123662126
2.2198069227965918,0.00014558989548962842
2.2201025350552404,0.0002956122586486032
2.220175815759553,7.328070431267264e-05
2.220248438807306,7.26230477527956e-05
2.2204419557805184,0.00019351697321257078
2.220450156264137,8.200483618825416e-06
2.220591100952535,0.00014094468839775942
2.220902325727134,0.00031122477459888387
2.220935816102768,3.3490375634048775e-05
2.222109703967206,0.0011738878644380613
2.2228249543889325,0.0007152504217264877
2.223214916169136,0.00038996178020367367
2.223329100894677,0.00011418472554103332
2.2233298017571026,7.008624254289941e-07
2.223908983918034,0.0005791821609313352
2.2243682823355857,0.0004592984175517678
2.225173989495634,0.0008057071600484633
2.2252197784066476,4.578891101347793e-05
2.2252652397855823,4.5461378934685825e-05
2.22542686261103,0.00016162282544751605
2.22606662563627,0.0006397630252399367
2.226233892460944,0.00016726682467416154
2.2263252059456193,9.131348467539269e-05
2.226546376508209,0.0002211705625896343
2.226564744979705,1.8368471495833205e-05
2.2266837525982766,0.00011900761857175368
2.2280648847934788,0.0013811321952021949
2.228146772631945,8.188783846607706e-05
2.2284310683858166,0.0002842957538717883
2.230114472562041,0.0016834041762243679
2.230320596381697,0.00020612381965623428
2.2307437973938122,0.0004232010121150154
2.2307870397508616,4.3242357049333435e-05
2.231093983640966,0.00030694389010443857
2.231983779399231,0.0008897957582649774
2.2320888947469553,0.00010511534772428277
2.2324430153965817,0.00035412064962647705
2.232519052450511,7.603705392922322e-05
2.2328204633451234,0.00030141089461244164
2.2330350185449044,0.0002145551997809747
2.2331065800404866,7.156149558218416e-05
2.2332186659451474,0.00011208590466083024
2.2335661950054067,0.0003475290602592551
2.23393965109432,0.0003734560889134819
2.2342465754191094,0.00030692432478929277
2.234371007982775,0.00012443256366578836
2.235022459247541,0.0006514512647659565
2.2352653951541614,0.00024293590662027853
2.235462374220084,0.0001969790659224202
2.2357160237981146,0.00025364957803075683
2.2357551892357024,3.9165437587751484e-05
2.2362348157618017,0.00047962652609934153
2.2362600724669983,2.525670519659684e-05
2.2366307837463677,0.00037071127936938453
2.236653180152032,2.2396405664260044e-05
2.2366569179572604,3.7378052284431362e-06
2.2368712001708073,0.00021428221354691246
2.2370706757884586,0.0001994756176513235
2.2373811112198574,0.00031043543139874785
2.2373991884107003,1.807719084290227e-05
2.2374071808876663,7.992476966034445e-06
2.2375801574250245,0.00017297653735814933
2.238094401707782,0.0005142442827574811
2.239002336584647,0.0009079348768650242
2.239048937546222,4.660096157493854e-05
2.2395804825273844,0.0005315449811624795
2.2397767621511155,0.00019627962373114372
2.239804248786948,2.7486635832296713e-05
2.2401151426135204,0.0003108938265725669
2.240335057128588,0.00021991451506764292
2.2403795231399033,4.44660113152473e-05
2.2407399611550973,0.0003604380151940312
2.2412982141505826,0.0005582529954852866
2.2413409366886246,4.272253804193937e-05
2.241486836383325,0.00014589969470035768
2.241981303692557,0.0004944673092319718
2.242153539576111,0.0001722358835540838
2.2421838049050136,3.026532890260114e-05
2.242390872293652,0.00020706738863829344
2.2424397538333256,4.888153967375075e-05
2.2429402558275595,0.000500501994233904
2.2431794450236158,0.00023918919605625533
2.2432042763625852,2.4831338969466543e-05
2.243559372212624,0.0003550958500389001
2.2439545171071384,0.0003951448945143099
2.2439820923132814,2.7575206142937958e-05
2.244263001554214,0.0002809092409328251
2.2444774626035913,0.00021446104937705712
2.244664053279768,0.0001865906761766567
2.244803928276887,0.0001398749971190938
2.2450783930606706,0.00027446478378356787
2.245738750601522,0.000660357540851475
2.245741568554491,2.817952968747761e-06
2.2459615483177098,0.00021997976321896928
2.246293192384195,0.000331644066485115
2.246514079907809,0.000220887523614266
2.2473710580722583,0.0008569781644491847
2.2474914956939225,0.00012043762166413785
2.247688487818799,0.00019699212487633844
2.2479211270537043,0.0002326392349054629
2.2486213061307185,0.0007001790770142513
2.24883506513524,0.00021375900452147434
2.249001113611945,0.00016604847670498302
2.249331464725462,0.0003303511135168691
2.249481663746365,0.00015019902090296355
2.249683380401183,0.0002017166548182736
2.2506516121608944,0.00096823175971128
2.2507765868544243,0.0001249746935299001
2.250919072191139,0.00014248533671468167
2.2510135266656963,9.445447455735945e-05
2.251347247707265,0.00033372104156859095
2.2514949333614704,0.0001476856542055316
2.251508115271991,1.3181910520465578e-05
2.2518615729527705,0.0003534576807795453
2.2518771128920285,1.553993925806907e-05
2.252167950396399,0.00029083750437042255
2.252215414234329,4.746383793019504e-05
2.2522828559784034,6.744174407424808e-05
2.252865021615812,0.0005821656374087603
2.253166625322515,0.0003016037067027355
2.253197815216738,3.118989422290497e-05
2.253289017217498,9.120200076040419e-05
2.253593718305285,0.00030470108778679617
2.2542563423135813,0.0006626240082963086
2.2547828158133214,0.0005264734997401099
2.25481660499424,3.37891809185642e-05
2.2550696894322386,0.0002530844379986519
2.255165264396457,9.557496421841449e-05
2.2554211892289397,0.00025592483248271236
2.255834035921946,0.0004128466930062302
2.255885850916884,5.181499493822628e-05
2.2562779698944353,0.0003921189775510925
2.2567301021287847,0.0004521322343493672
2.2567639116375866,3.380950880194078e-05
2.2568911600458654,0.0001272484082788239
2.2569829798420273,9.181979616190716e-05
2.2570503542768736,6.737443484627903e-05
2.2570524374852363,2.083208362702038e-06
2.257132469009311,8.003152407454195e-05
2.2573051062262786,0.00017263721696769707
2.257684881554026,0.0003797753277474669
2.257707252031789,2.2370477763100638e-05
2.2578241171344753,0.0001168651026861589
2.258099636584929,0.0002755194504535652
2.2587190509893396,0.0006194144044107119
2.259020888517089,0.0003018375277492602
2.259264604391133,0.0002437158740442591
2.259373073992426,0.0001084696012929598
2.259662045869395,0.00028897187696896864
2.259910557180825,0.00024851131143011074
2.260460639216852,0.000550082036026911
2.260611320061071,0.00015068084421887562
2.2610871421310703,0.0004758220699994098
2.2630230422498694,0.001935900118799072
2.2631690281387558,0.00014598588888636854
2.2632826547751943,0.00011362663643854631
2.2632895052228683,6.8504476740116615e-06
2.263578426047154,0.00028892082428555454
2.2637818747769543,0.00020344872980038176
2.2637820508688904,1.7609193614376295e-07
2.2638173934781585,3.53426092680742e-05
2.2639153387628266,9.794528466811059e-05
2.26393331666655,1.7977903723487287e-05
2.2639989955629276,6.567889637754121e-05
2.2642011964548416,0.00020220089191402835
2.2642255197143415,2.4323259499858807e-05
2.264632564639492,0.00040704492515031276
2.2652819931759236,0.0006494285364317953
2.265405560070166,0.00012356689424253275
2.265412907242237,7.347172070737429e-06
2.265533958375514,0.00012105113327720574
2.2657095038302186,0.00017554545470455096
2.266289372923046,0.0005798690928275896
2.2663197976680247,3.0424744978496676e-05
2.266669448956846,0.0003496512888214731
2.2668069186825974,0.00013746972575123806
2.266838956789097,3.203810649976546e-05
2.26689084524122,5.1888452123005635e-05
2.2669375815280426,4.673628682239084e-05
2.267581464290911,0.0006438827628683086
2.2686959298465665,0.0011144655556556415
2.2690612439013327,0.00036531405476614154
2.2691212039007564,5.995999942376429e-05
2.2691243905123217,3.1866115652867677e-06
2.2691473727504206,2.298223809882316e-05
2.269375649763327,0.0002282770129062861
2.26951490673728,0.00013925697395311687
2.2696241643928836,0.00010925765560365619
2.2700600418288994,0.000435877436015808
2.2709748364262308,0.0009147945973313476
2.271299860159476,0.00032502373324527767
2.2714466179800925,0.00014675782061646103
2.271694494608391,0.0002478766282982825
2.271902603910664,0.00020810930227321833
2.2721120351991746,0.00020943128851058646
2.272211529834217,9.94946350423298e-05
2.2722307053433064,1.9175509089475185e-05
2.2726734040848307,0.00044269874152425004
2.2734540510851873,0.0007806470003566268
2.2740063863698,0.0005523352846128482
2.2747130515304814,0.0007066651606812968
2.2749182742493197,0.0002052227188382716
2.2750008527117647,8.257846244497102e-05
2.2756698533843567,0.0006690006725920128
2.2757180438598987,4.819047554205369e-05
2.2758944737737203,0.00017642991382160744
2.2761490364506813,0.000254562676961001
2.2763412771680445,0.00019224071736312354
2.2775175767390627,0.00117629957101828
2.2775276105389746,1.0033799911823849e-05
2.2776941124837182,0.00016650194474365776
2.2781388158371567,0.00044470335343849143
2.2786688623942393,0.000530046557082553
2.2793325893889804,0.0006637269947411539
2.2795592156111075,0.00022662622212710204
2.2802142204724425,0.0006550048613349624
2.280312940812561,9.872034011859654e-05
2.28033863796641,2.569715384881377e-05
2.280512717757854,0.00017407979144401509
2.2805398768263445,2.71590684906009e-05
2.2808551151023555,0.0003152382760109873
2.2809134214820594,5.830637970394292e-05
2.2812425288174465,0.0003291073353870466
2.281387314199989,0.00014478538254270035
2.282158562347172,0.0007712481471826571
2.2826899277098254,0.0005313653626535242
2.2833098272071126,0.0006198994972872462
2.283709430193444,0.00039960298633134883
2.284579856380784,0.0008704261873400121
2.284639208020122,5.935163933790122e-05
2.284728126982626,8.891896250418085e-05
2.2854738576524882,0.0007457306698621657
2.2855070378768896,3.3180224401352376e-05
2.285622612492556,0.00011557461566624738
2.2856276788307985,5.066338242709634e-06
2.2861004119479165,0.0004727331171179294
2.286139653721951,3.924177403469287e-05
2.2861846269368864,4.497321493523998e-05
2.2863093502758813,0.00012472333899493648
2.286798018040789,0.0004886677649076354
2.28711785759749,0.0003198395567012291
2.2872970651387465,0.0001792075412563321
2.2873930106452915,9.594550654501433e-05
2.287414476415905,2.1465770613460222e-05
2.287579680273914,0.00016520385800911086
2.2877624134511736,0.00018273317725947535
2.2886645906870755,0.0009021772359019131
2.289113061597678,0.0004484709106025164
2.2894600605190947,0.00034699892141665245
2.289933659878669,0.0004735993595743615
2.2899989781313135,6.53182526444418e-05
2.2901888213807835,0.00018984324947002307
2.29065940488077,0.00047058349998652105
2.290961392512836,0.00030198763206579216
2.291661546955278,0.0007001544424420914
2.291782568700044,0.00012102174476602556
2.2919426311520446,0.00016006245200061997
2.2919704267240633,2.7795572018707304e-05
2.292303980400363,0.0003335536762998359
2.2924116515296364,0.00010767112927334566
2.2929671876160826,0.0005555360864462067
2.293013898208311,4.671059222838281e-05
2.2942269744222448,0.0012130762139337392
2.2943222119621356,9.523753989082451e-05
2.2943437264333255,2.151447118992067e-05
2.2945931690895693,0.00024944265624382567
2.2954582591674892,0.0008650900779199056
2.296027431648081,0.0005691724805916287
2.2961285379470753,0.00010110629899440227
2.2962151972597007,8.665931262541449e-05
2.296511110072392,0.0002959128126911459
2.2971175806682536,0.0006064705958617189
2.2971505116793463,3.293101109269614e-05
2.297232963951289,8.245227194292326e-05
2.297511118185871,0.00027815423458177335
2.2976429286191973,0.00013181043332632925
2.297679103349917,3.6174730719817916e-05
2.2989976704592148,0.0013185671092976747
2.2992760432631236,0.0002783728039088551
2.2997113006294554,0.00043525736633176493
2.301107933477656,0.0013966328482006851
2.301561875938879,0.0004539424612231002
2.3018893954438124,0.0003275195049332602
2.3019066558928922,1.7260449079792295e-05
2.3019819650653215,7.530917242926094e-05
2.302321611119237,0.00033964605391556546
2.3023502104488083,2.8599329571221688e-05
2.302450415476027,0.00010020502721852509
2.3025469280565067,9.651258047993494e-05
2.3029701171194517,0.00042318906294491754
2.3035128014266446,0.0005426843071929532
2.3038157147037372,0.0003029132770926424
2.303968264786052,0.00015255008231473965
2.304667409818282,0.0006991450322302306
2.30471293343792,4.5523619637943824e-05
2.3049884417046638,0.00027550826674360707
2.305309541557134,0.0003210998524703079
2.305367514797986,5.7973240851882935e-05
2.3055754437312515,0.00020792893326548878
2.306015911000961,0.0004404672697093659
2.3060596044027695,4.369340180865322e-05
2.3062895377315353,0.00022993332876586337
2.3063722154791297,8.267774759440627e-05
2.3067477390799924,0.00037552360086268166
2.307104590537866,0.00035685145787356376
2.307407755982809,0.00030316544494279896
2.30775021475832,0.00034245877551120074
2.3082714495892427,0.0005212348309227011
2.308294569386905,2.3119797662118913e-05
2.3085295366240928,0.0002349672371879663
2.3086144570588143,8.492043472152488e-05
2.3098104301208116,0.0011959730619972575
2.309931462331874,0.00012103221106229967
2.3100729415359176,0.00014147920404372627
2.3100952297796624,2.2288243744839065e-05
2.3102045370107303,0.00010930723106783446
2.3104544786930985,0.00024994168236824876
2.3106265014535206,0.00017202276042205256
2.31065917714848,3.26756949595719e-05
2.3108610005348336,0.0002018233863534391
2.311068294046377,0.00020729351154358255
2.311314587354189,0.00024629330781200665
2.3113859350195773,7.134766538818837e-05
2.311567800088183,0.00018186506860562446
2.3116089278024856,4.112771430264672e-05
2.31216162113679,0.0005526933343045215
2.312545404974689,0.0003837838378988323
2.312704357649765,0.0001589526750760406
2.3129067482641346,0.00020239061436955197
2.3132945979849744,0.00038784972083982794
2.313427951021892,0.0001333530369174163
2.313477490527621,4.95395057291681e-05
2.3137039111925337,0.00022642066491274093
2.314670515821075,0.0009666046285414787
2.314707198880877,3.668305980175646e-05
2.314801782260848,9.45833799712581e-05
2.3149017943786427,0.00010001211779453456
2.3153934353267336,0.0004916409480908435
2.3155658279607865,0.00017239263405288696
2.315597813892864,3.198593207764944e-05
2.315957509301766,0.00035969540890201657
2.3168567507860747,0.0008992414843085328
2.3171474972939587,0.0002907465078840765
2.317566199071229,0.000418701777270325
2.3176559608194043,8.976174817520999e-05
2.318227104215675,0.0005711433962707346
2.3183282308975666,0.00010112668189155016
2.318536829146942,0.00020859824937558002
2.318594773440436,5.7944293494038845e-05
2.3186876532057927,9.287976535654607e-05
2.319019284369564,0.0003316311637711067
2.3191679605152715,0.0001486761457076824
2.319204178943348,3.621842807666198e-05
2.3195788427467,0.0003746638033517158
2.319651558851843,7.271610514303362e-05
2.31966367212532,1.211327347716562e-05
2.3197854155232913,0.00012174339797121903
2.3203144261751985,0.0005290106519071358
2.3206185400091757,0.00030411383397721536
2.321241695411832,0.000623155402656117
2.321324186551113,8.249113928116003e-05
2.3213497277167643,2.554116565134379e-05
2.3218291232932398,0.00047939557647547204
2.3219933317880552,0.0001642084948154654
2.3221632763470024,0.00016994455894714378
2.322743928838225,0.000580652491222633
2.3227850593019297,4.113046370468609e-05
2.323172686770194,0.0003876274682643732
2.3234871510711197,0.00031446430092563205
2.3243477145377276,0.0008605634666078998
2.324530994481163,0.00018327994343536602
2.324815382789343,0.0002843883081800058
2.3248740111723025,5.862838295955797e-05
2.325027846950283,0.00015383577798067094
2.3253435434972576,0.00031569654697438665
2.326673990823935,0.0013304473266773087
2.3269194230960757,0.00024543227214079977
2.327309981770126,0.0003905586740504674
2.3281299465558964,0.0008199647857702885
2.328160257446615,3.0310890718698857e-05
2.3281804817121907,2.0224265575574663e-05
2.3282766479766006,9.616626440989151e-05
2.328676971693474,0.0004003237168732632
2.3287697425173435,9.277082386960345e-05
2.3292428864543244,0.0004731439369809465
2.329329376834178,8.649037985364316e-05
2.3296782161375353,0.0003488393033572734
2.330303447841826,0.0006252317042907407
2.330752245405737,0.00044879756391091874
2.3312494549059393,0.000497209500202267
2.3313043866391787,5.493173323944944e-05
2.3313102015397678,5.814900589040661e-06
2.331465534253031,0.00015533271326306775
2.331867125408165,0.00040159115513427324
2.331978518640383,0.00011139323221787123
2.3324763433324995,0.0004978246921165663
2.3328128833469215,0.0003365400144219599
2.3330645501612333,0.0002516668143117684
2.3335568853155637,0.0004923351543304477
2.3336690405415137,0.00011215522594998362
2.3341909280655826,0.000521887524068898
2.3342175923994186,2.6664333836023957e-05
2.334241495133148,2.3902733729208592e-05
2.3342763351691516,3.4840036003735975e-05
2.3344571438003303,0.00018080863117875268
2.33508702238869,0.0006298785883598335
2.3353595600791133,0.0002725376904231247
2.335724932642634,0.00036537256352087155
2.3359185020084166,0.0001935693657824089
2.3360028114789824,8.430947056581317e-05
2.3360208913942477,1.8079915265367674e-05
2.336095440974346,7.454958009844859e-05
2.3363543200967753,0.00025887912242916755
2.336399890788188,4.557069141286618e-05
2.3373369758740914,0.0009370850859031776
2.337871534126156,0.0005345582520646097
2.3380319521248394,0.00016041799868338202
2.3385322196662415,0.0005002675414020885
2.3387813648785376,0.0002491452122961313
2.3390804693842475,0.00029910450570991287
2.339726049177278,0.0006455797930304819
2.3397948365331676,6.878735588955465e-05
2.339910541129592,0.00011570459642440412
2.3399853099073837,7.476877779177826e-05
2.3403081883002472,0.0003228783928634904
2.340455393148671,0.00014720484842367654
2.340749634047562,0.0002942408988912959
2.340777573242839,2.79391952768826e-05
2.3411415030683007,0.00036392982546162855
2.341240620966409,9.911789810823635e-05
2.3417921717801526,0.0005515508137436953
2.3417998849080828,7.713127930131236e-06
2.342370780134772,0.0005708952266894052
2.342722577163299,0.0003517970285269456
2.3431680432344346,0.00044546607113549186
2.3431861926239237,1.8149389489074963e-05
2.3435934325894996,0.0004072399655759007
2.3439069393303713,0.00031350674087171626
2.344081579503695,0.0001746401733235814
2.3442492945423696,0.0001677150386747428
2.3446130364279716,0.00036374188560195364
2.3453151876325093,0.0007021512045377598
2.3453957350112735,8.054737876417306e-05
2.3454270305971714,3.129558589787251e-05
2.345428657944046,1.6273468745886532e-06
2.3456845823154904,0.00025592437144439373
2.3465790622299507,0.0008944799144603444
2.3469153021214555,0.00033623989150477485
2.347147059815472,0.00023175769401628799
2.347500830879562,0.0003537710640904024
2.348556961648925,0.0010561307693626176
2.348738409639831,0.00018144799090613617
2.34895599208632,0.00021758244648895086
2.349499207785293,0.0005432156989733095
2.349564598746618,6.539096132485156e-05
2.3499930326276406,0.00042843388102253854
2.3504009509241732,0.0004079182965326389
2.3504668501031905,6.589917901722586e-05
2.3510205459235602,0.0005536958203697928
2.351344528797375,0.0003239828738146322
2.3514184363032546,7.390750587976669e-05
2.3515620431682254,0.0001436068649707245
2.3515809969062325,1.8953738007088106e-05
2.351918108027178,0.0003371111209453659
2.3523844613436267,0.00046635331644884204
2.3525050563884666,0.00012059504483996619
2.352571249873792,6.619348532543867e-05
2.3525777815696256,6.531695833533746e-06
2.3528722106681466,0.0002944290985209541
2.352967926631549,9.57159634022986e-05
2.3533135383177637,0.0003456116862148306
2.353366069191274,5.253087351020369e-05
2.353441977249101,7.590805782697885e-05
2.353743531054826,0.0003015538057251632
2.3541855739752613,0.0004420429204352594
2.354228220851565,4.264687630373132e-05
2.3548663082239147,0.000638087372349716
2.355229853283111,0.00036354505919611313
2.3553961133297445,0.00016626004663367056
2.355576756954676,0.00018064362493142028
2.3561459973160392,0.000569240361363299
2.356550188049216,0.00040419073317687904
2.356745529681265,0.00019534163204903976
2.3567722305174317,2.670083616651553e-05
2.3574410219078197,0.0006687913903880016
2.3578165396975,0.00037551778968047955
2.3586124095940635,0.0007958698965633282
2.3587551369842323,0.00014272739016885083
2.3587694271297646,1.4290145532225296e-05
2.359396316584093,0.0006268894543284276
2.359723223243391,0.0003269066592981318
2.359870048773731,0.00014682553034006673
2.360119375754608,0.00024932698087676286
2.3607652460389312,0.00064587028432328
2.361381066951676,0.0006158209127447023
2.361686730631333,0.0003056636796570089
2.3619439021319875,0.0002571715006545183
2.3629474502316845,0.0010035480996970492
2.3634977582125116,0.0005503079808271139
2.3636527651488266,0.00015500693631498308
2.3648216956775,0.0011689305286735063
2.364947651890109,0.00012595621260880208
2.3650214937549596,7.384186485070998e-05
2.3660730700290538,0.0010515762740941348
2.3662639281858184,0.00019085815676467277
2.3666808067674356,0.00041687858161720825
2.3669909762255914,0.00031016945815576236
2.3672004071000914,0.00020943087449998288
2.3679611513204293,0.0007607442203378945
2.368176743471617,0.00021559215118793773
2.3686415349546706,0.0004647914830533395
2.368716182310759,7.464735608841977e-05
2.3687760830924893,5.990078173034874e-05
2.368794013722588,1.7930630098472733e-05
2.369019982483006,0.00022596876041802716
2.3692316684916377,0.0002116860086318617
2.3697282060083857,0.0004965375167480524
2.3700131417155625,0.0002849357071768033
2.3702597337166362,0.0002465920010736866
2.370541702501195,0.00028196878455855057
2.371219832402671,0.0006781299014764208
2.3726883493734316,0.0014685169707604473
2.372898469935159,0.00021012056172731164
2.373018057728078,0.0001195877929189848
2.373360621723386,0.00034256399530807613
2.3740481296716114,0.0006875079482253632
2.374201627456586,0.00015349778497464328
2.3742597686118696,5.814115528357533e-05
2.374528947475437,0.0002691788635673653
2.3746900436018556,0.00016109612641868054
2.3747692775761435,7.923397428788448e-05
2.375040434934246,0.0002711573581026805
2.3752490908067716,0.0002086558725253873
2.3753050511743132,5.596036754162981e-05
2.375310529067792,5.477893478822438e-06
2.3753379328257482,2.740375795617922e-05
2.3753421228026923,4.189976944068974e-06
2.375406817391956,6.469458926350313e-05
2.3754841547306906,7.733733873482862e-05
2.376061122318526,0.0005769675878353198
2.3763444772551643,0.0002833549366383359
2.3765252627037854,0.00018078544862110135
2.3771378970137387,0.000612634309953286
2.377246829908313,0.00010893289457447608
2.37732889842236,8.206851404679583e-05
2.377348156687499,1.925826513904383e-05
2.377557361623286,0.0002092049357869108
2.3777539102359997,0.0001965486127137872
2.3778127051959266,5.879495992688888e-05
2.377907505685875,9.480048994836565e-05
2.377960259587554,5.2753901679025716e-05
2.377967435197188,7.175609634035851e-06
2.3780433487002686,7.591350308056022e-05
2.3781130152364423,6.966653617368479e-05
2.379092811042611,0.0009797958061685819
2.3798441869815496,0.0007513759389388142
2.3799004498412395,5.6262859689848455e-05
2.37999106526497,9.06154237303447e-05
2.3804406996096397,0.00044963434466982477
2.380610551358978,0.00016985174933825675
2.3806281688286606,1.7617469682651432e-05
2.3809410485667812,0.00031287973812066383
2.3815032191714893,0.0005621706047080899
2.381673222412947,0.0001700032414575503
2.381980586654165,0.00030736424121791117
2.3828290778117536,0.0008484911575887821
2.383002884122224,0.00017380631047059225
2.383621417946013,0.0006185338237889582
2.383666406144209,4.498819819609423e-05
2.3840942630032425,0.00042785685903323767
2.3844285909845313,0.0003343279812888511
2.3845056022831455,7.701129861414913e-05
2.384671361114696,0.00016575883155045545
2.384752971564337,8.161044964127839e-05
2.3851548567294865,0.00040188516514927386
2.38538378612529,0.0002289293958033234
2.385449515294638,6.572916934821649e-05
2.3861670550943144,0.0007175397996763699
2.386224207571483,5.715247716864269e-05
2.3866217182365586,0.00039751066507554
2.386897333233191,0.00027561499663253386
2.3875997398355078,0.0007024066023166853
2.3879453755727345,0.0003456357372266794
2.3880925649538396,0.00014718938110513946
2.3884494786385626,0.00035691368472301477
2.3885118331138266,6.235447526403703e-05
2.3889571363551636,0.0004453032413369584
2.389082894343329,0.00012575798816527595
2.3892898730894276,0.00020697874609876266
2.3895322592164017,0.00024238612697402573
2.3896363670293073,0.00010410781290559612
2.39023864914564,0.0006022821163327308
2.3904368080500378,0.00019815890439778272
2.390545418281836,0.00010861023179842277
2.3909953994487707,0.00044998116693450996
2.391527988881913,0.0005325894331424941
2.391555893100241,2.7904218327989838e-05
2.3924398941307006,0.0008840010304593804
2.3927880225024025,0.0003481283717019501
2.3938912580534653,0.0011032355510627312
2.3939748172434556,8.35591899903676e-05
2.394124117160522,0.0001492999170662479
2.394688819214592,0.0005647020540702208
2.39486602163479,0.0001772024201978084
2.3950150580684184,0.00014903643362851327
2.3952334381472995,0.00021838007888108635
2.3958065962354516,0.0005731580881520593
2.3959470257643596,0.00014042952890802596
2.395996487961211,4.946219685120212e-05
2.3962182166743378,0.0002217287131269785
2.3963619509578855,0.0001437342835477473
2.3965753517968693,0.00021340083898380158
2.396993755386069,0.00041840358919964515
2.3972090698108413,0.0002153144247722949
2.3972760061465395,6.693633569820889e-05
2.397402909026977,0.00012690288043737397
2.3976661140934046,0.0002632050664277408
2.3979155948069746,0.000249480713570005
2.397943203020934,2.7608213959418038e-05
2.3983880248355294,0.0004448218145953753
2.398443932576472,5.590774094255124e-05
2.3985155594132803,7.162683680839166e-05
2.3989610065346962,0.0004454471214159206
2.3990977473955217,0.00013674086082549053
2.399832482990417,0.0007347355948952305
2.4006685209412777,0.0008360379508607352
2.400959766736263,0.0002912457949855174
2.4012672495873137,0.0003074828510505334
2.4013280859609174,6.083637360365657e-05
2.401505864922663,0.0001777789617456449
2.4018914153278677,0.0003855504052046044
2.4020000497396956,0.00010863441182795697
2.402584946897135,0.000584897157439368
2.4027004604011766,0.00011551350404159777
2.402726729769907,2.6269368730513776e-05
2.4033522567158854,0.0006255269459782831
2.403364213161348,1.1956445462590892e-05
2.4035456437799763,0.00018143061862829768
2.403575645646661,3.000186668478122e-05
2.403983059457428,0.0004074138107670322
2.404129146129958,0.0001460866725300214
2.404224582541417,9.543641145892678e-05
2.4044843307450665,0.00025974820364949025
2.4047503923032645,0.00026606155819797195
2.4050999219799327,0.00034952967666823653
2.406073196857074,0.0009732748771411615
2.406313092270269,0.00023989541319524577
2.4064758802079678,0.00016278793769863853
2.407160958353058,0.0006850781450902232
2.4075731138881817,0.00041215553512374825
2.408113906886413,0.0005407929982310655
2.4088620757144246,0.0007481688280117638
2.4090226333464098,0.00016055763198519202
2.409072164032218,4.9530685808374386e-05
2.409428863919549,0.0003566998873307803
2.4094841699789105,5.530605936154842e-05
2.409775615876497,0.00029144589758667294
2.409847921008279,7.230513178191345e-05
2.410058173042446,0.0002102520341669134
2.4101106088348305,5.2435792384564195e-05
2.4111756914195346,0.001065082584704058
2.4112519613225825,7.62699030478764e-05
2.4115684229993337,0.00031646167675125625
2.412370644334833,0.0008022213354994534
2.4126814210314986,0.00031077669666546015
2.412950372049997,0.00026895101849833125
2.4133069075120708,0.0003565354620738148
2.4140043821183745,0.0006974746063037607
2.414050138696571,4.575657819660961e-05
2.4142213350015864,0.00017119630501527539
2.414459775594282,0.00023844059269562123
2.414502893408734,4.311781445176521e-05
2.4146472383763973,0.00014434496766346783
2.414758864231629,0.00011162585523161184
2.415205675068813,0.00044681083718423054
2.415206263359541,5.882907276877347e-07
2.415349873129663,0.00014360977012239928
2.415356163162883,6.290033219613633e-06
2.4153578891983907,1.7260355078541068e-06
2.415632021515079,0.00027413231668838023
2.4159821484988586,0.00035012698377956397
2.416603485629046,0.000621337130187527
2.416945792586223,0.0003423069571768522
2.417002056642629,5.6264056405908036e-05
2.4170166981090544,1.4641466425491245e-05
2.4177564689238227,0.0007397708147682813
2.4189389903164016,0.0011825213925789058
2.419176581925624,0.0002375916092223207
2.41919408443533,1.75025097060022e-05
2.419382461289134,0.00018837685380423963
2.4198570448183805,0.00047458352924634184
2.4201343029960354,0.00027725817765489325
2.420533756311952,0.00039945331591662026
2.4207632695164487,0.00022951320449671186
2.421020190843266,0.0002569213268173165
2.4221438943200173,0.001123703476751281
2.4222101354845123,6.624116449494011e-05
2.422483395268553,0.00027325978404091344
2.4230127126874965,0.0005293174189433536
2.423262418992617,0.0002497063051203341
2.4239360632689153,0.0006736442762984574
2.424228056699332,0.0002919934304168592
2.4244127433155747,0.00018468661624249094
2.4244218161407307,9.072825156053455e-06
2.424616291992708,0.0001944758519774048
2.424999630686358,0.0003833386936498151
2.4250297377646963,3.0107078338392768e-05
2.4252145025426564,0.00018476477796003365
2.42523968118846,2.5178645803425326e-05
2.425850207874323,0.0006105266858633662
2.4260043558300937,0.00015414795577051166
2.426289488061408,0.0002851322313142113
2.4277054442377852,0.0014159561763773532
2.4278208904661946,0.00011544622840942154
2.4278780924028474,5.7201936652706564e-05
2.427915596966565,3.7504563717760675e-05
2.4280709515898486,0.00015535462328353233
2.428247571429324,0.0001766198394754781
2.4284255317752086,0.00017796034588446474
2.428595993359817,0.00017046158460853889
2.4286709480983424,7.495473852525691e-05
2.4287346125863105,6.366448796812918e-05
2.4292806308347354,0.0005460182484249287
2.429927845330918,0.0006472144961824355
2.4300075139815043,7.966865058639527e-05
2.430282074160046,0.00027456017854188275
2.4308184420723653,0.0005363679123191467
2.431053015155574,0.00023457308320873338
2.431250867750641,0.00019785259506699404
2.431321904476212,7.103672557118301e-05
2.4317218091212576,0.00039990464504535694
2.431813643503459,9.18343822013945e-05
2.431815789005744,2.145502285166856e-06
2.4323369481242127,0.0005211591184686171
2.4325859441839564,0.0002489960597436003
2.432757540156497,0.00017159597254057246
2.4330190460338,0.0002615058773032253
2.4330972020153747,7.815598157456805e-05
2.4331805335934242,8.333157804951696e-05
2.43322565364482,4.5120051395564076e-05
2.4332653335797407,3.9679934920933135e-05
2.433423541400495,0.00015820782075426365
2.4334386588441848,1.5117443689760535e-05
2.4334846497015397,4.5990857354905046e-05
2.4336529290430757,0.0001682793415360706
2.433787558504539,0.00013462946146347576
2.433912745478596,0.00012518697405683454
2.434147323211051,0.00023457773245505464
2.434216555417266,6.923220621501969e-05
2.4343348544565964,0.00011829903933024966
2.4344289767630243,9.412230642791286e-05
2.4345571221992364,0.0001281454362120904
2.4351033925789487,0.0005462703797123325
2.4352717078763866,0.0001683152974378821
2.4353305876559275,5.8879779540887967e-05
2.435404420519508,7.383286358031427e-05
2.43601859150009,0.0006141709805822515
2.4365152339165213,0.0004966424164312144
2.4368730983640137,0.0003578644474924175
2.4368782244845173,5.126120503629039e-06
2.436938772736904,6.0548252386549706e-05
2.4369519074512276,1.3134714323737029e-05
2.4369707434576684,1.88360064408144e-05
2.4372237453964876,0.000253001938819164
2.437300182090751,7.643669426338207e-05
2.4374900177415246,0.00018983565077368425
2.438621492207282,0.0011314744657573428
2.4386917661493377,7.02739420557208e-05
2.439661379829559,0.000969613680221304
2.4400206856961546,0.00035930586659560504
2.440119872230756,9.918653460161408e-05
2.440768516440625,0.0006486442098689871
2.440914229022781,0.00014571258215578808
2.4414716061546624,0.0005573771318814202
2.4415567488822525,8.514272759008179e-05
2.4418082587707675,0.0002515098885149669
2.44183700881046,2.8750039692493345e-05
2.44261943963215,0.0007824308216899389
2.4430155573247165,0.0003961176925666443
2.443200744011394,0.00018518668667732996
2.4432767397059014,7.599569450755794e-05
2.443292317146795,1.5577440893643768e-05
2.443781166932277,0.0004888497854818041
2.4446104653067398,0.0008292983744628835
2.4447405317106283,0.0001300664038885735
2.445537736513563,0.000797204802934548
2.4458756747411563,0.0003379382275934262
2.4458802292250996,4.554483943319809e-06
2.44684639018152,0.0009661609564202145
2.447283172738655,0.00043678255713519576
2.44795423229993,0.0006710595612751113
2.448044293628113,9.006132818267787e-05
2.4480795952437187,3.530161560583167e-05
2.448087085921331,7.490677612409513e-06
2.4481302243572927,4.3138435961598276e-05
2.448144425227719,1.4200870426250845e-05
2.44819409681225,4.967158453128562e-05
2.448433759725003,0.0002396629127527916
2.448571897539486,0.00013813781448313023
2.449435051804492,0.0008631542650059387
2.45021512195561,0.0007800701511180286
2.450606464058013,0.0003913421024028807
2.4506700626070383,6.359854902537876e-05
2.450941554797222,0.00027149219018385295
2.4509943255462483,5.2770749026098684e-05
2.4512092510652197,0.00021492551897139833
2.451324818370967,0.00011556730574735496
2.451498205325217,0.00017338695424973238
2.4520184604076736,0.0005202550824567886
2.452754978835593,0.0007365184279195525
2.4537122719111464,0.000957293075553256
2.4538671692427583,0.0001548973316118918
2.454556161864499,0.0006889926217406028
2.4547789530623354,0.0002227911978365249
2.4553851956423913,0.0006062425800559268
2.4557202471643538,0.00033505152196244836
2.4560975551590394,0.00037730799468560505
2.456828303590695,0.000730748431655659
2.4568872636583365,5.89600676415003e-05
2.4579810670211972,0.0010938033628606902
2.45798755819938,6.49117818296574e-06
2.457990496432389,2.9382330088978392e-06
2.4582859083208732,0.0002954118884841428
2.4586177780589322,0.00033186973805898745
2.4588309252634217,0.00021314720448950553
2.459072858849137,0.00024193358571533707
2.4594140015636383,0.00034114271450125244
2.459437901918544,2.3900354905848076e-05
2.4598739236631557,0.00043602174461154775
2.460231445297332,0.0003575216341764609
2.4603791328415734,0.0001476875442412151
2.460435203628486,5.6070786912609805e-05
2.460730663140137,0.00029545951165088624
2.4611460980731086,0.0004154349329716922
2.4614240975700445,0.0002779994969359656
2.461741233806473,0.0003171362364282615
2.4636687077302812,0.0019274739238084315
2.4640702605614635,0.00040155283118226137
2.4642575129584157,0.00018725239695216445
2.4642639680347753,6.4550763596571414e-06
2.4642708076584157,6.839623640342296e-06
2.4644987650185795,0.00022795736016378854
2.464504838394817,6.073376237480943e-06
2.46454408880025,3.925040543295566e-05
2.464550431997599,6.343197349156782e-06
2.464954978110186,0.00040454611258677886
2.464971332901115,1.6354790929096197e-05
2.465435796191826,0.0004644632907111479
2.4655723932454148,0.0001365970535887051
2.4656358268149763,6.34335695615107e-05
2.4656516265880257,1.5799773049440802e-05
2.465717097452905,6.547086487929121e-05
2.4660857577024307,0.000368660249525643
2.4660925729307484,6.815228317691435e-06
2.4661282124182824,3.563948753404489e-05
2.4667511055233495,0.0006228931050671349
2.4668330050053533,8.189948200376662e-05
2.4668858624053263,5.2857399972960906e-05
2.467741521429689,0.0008556590243626871
2.468641293739997,0.0008997723103081334
2.468761503496988,0.00012020975699078562
2.469337343144537,0.0005758396475492589
2.469359523639561,2.2180495023782498e-05
2.469506477156374,0.00014695351681304203
2.4713189025737137,0.0018124254173397247
2.4718651956000026,0.0005462930262889465
2.473004806695756,0.0011396110957533345
2.473251782712766,0.0002469760170100699
2.474192744398295,0.0009409616855289293
2.4746390668146687,0.0004463224163737678
2.4763648147425528,0.001725747927884047
2.476493907876244,0.0001290931336912493
2.476594109834991,0.00010020195874682614
2.4772228523637447,0.0006287425287538895
2.4773801177282437,0.00015726536449900408
2.478418850973694,0.0010387332454504516
2.478801292979592,0.0003824420058977651
2.479869116611205,0.001067823631613063
2.4804036660636046,0.000534549452399613
2.4809017377798868,0.0004980717162821335
2.4809225454613544,2.0807681467616135e-05
2.481833791777334,0.000911246315979497
2.4819731473839077,0.00013935560657385437
2.483435097883372,0.001461950499464404
2.4834525346663905,1.7436783018354163e-05
2.483632064354417,0.00017952968802648073
2.4841973009150022,0.0005652365605852694
2.484214036255535,1.6735340532925136e-05
2.4842578850465262,4.3848790991063424e-05
2.485777155160726,0.0015192701141999443
2.485970492189741,0.0001933370290148062
2.4866265047342826,0.0006560125445416176
2.4872688324824215,0.0006423277481388823
2.488622698805953,0.0013538663235315163
2.4886657964644066,4.3097658453561394e-05
2.4886786765933877,1.2880128981151984e-05
2.4890515749521347,0.00037289835874698696
2.4895768099219917,0.0005252349698570136
2.48974357289231,0.00016676297031814613
2.490009887407462,0.00026631451515202187
2.4900872822480147,7.739484055280244e-05
2.4901591739997015,7.189175168687001e-05
2.4902147993262855,5.562532658398567e-05
2.4902209580449384,6.158718652837791e-06
2.490317158720672,9.620067573345992e-05
2.4903886121574286,7.145343675674098e-05
2.490801104919819,0.0004124927623903041
2.490942167421582,0.00014106250176304513
2.491087480049712,0.00014531262812989
2.4917421836359885,0.0006547035862767281
2.4919260070667595,0.00018382343077094632
2.493373088890464,0.0014470818237044547
2.4943345353760664,0.0009614464856024796
2.4948162028529564,0.0004816674768899354
2.4953644420510575,0.000548239198101097
2.496462832584765,0.0010983905337074162
2.497247537200626,0.0007847046158611093
2.497705029978236,0.00045749277761020224
2.498051149419175,0.0003461194409388746
2.4989964590091396,0.000945309589964527
2.499136578572582,0.00014011956344228693
2.499867056388206,0.0007304778156242975
2.500248561744874,0.00038150535666803265
2.500321788515936,7.322677106191833e-05
2.500660986751574,0.0003391982356379941
2.5010002173151613,0.0003392305635872006
2.501787026579247,0.0007868092640856972
2.502460083669759,0.0006730570905117972
2.5024665983178895,6.514648130728773e-06
2.5034174143718033,0.0009508160539137833
2.503544279115187,0.00012686474338385878
2.503661514369051,0.00011723525386386768
2.5036791798920595,1.7665523008414397e-05
2.504112458277097,0.00043327838503737226
2.504265467041761,0.00015300876466417535
2.5044756727237103,0.00021020568194929368
2.5046592699950287,0.0001835972713184475
2.5051068710379627,0.00044760104293395386
2.5052357764686968,0.000128905430734072
2.505356573553239,0.0001207970845422679
2.505572290465814,0.00021571691257493697
2.505848604737259,0.0002763142714448108
2.5065386170449315,0.0006900123076727382
2.506685960552338,0.0001473435074066387
2.5073876352578996,0.0007016747055614836
2.507729860443561,0.0003422251856615155
2.5085797185001972,0.0008498580566360658
2.5088445342881345,0.0002648157879372448
2.508845142163494,6.078753593818931e-07
2.509120255702579,0.0002751135390850479
2.509264238092672,0.00014398239009327796
2.5094131106577153,0.0001488725650431455
2.50951317763689,0.00010006697917486207
2.5095446406375594,3.1463000669251784e-05
2.509690042890752,0.00014540225319237265
2.5099029002228277,0.00021285733207587754
2.510035311855663,0.0001324116328351721
2.5100415713650874,6.259509424566545e-06
2.5104391652485236,0.00039759388343618696
2.511333018857616,0.0008938536090923321
2.5121933193780945,0.0008603005204785852
2.51261692966787,0.0004236102897756666
2.512696873011833,7.994334396288494e-05
2.5129467002010926,0.0002498271892594772
2.5132563692273235,0.00030966902623097425
2.5139524854036894,0.0006961161763658907
2.5146513354454307,0.0006988500417413057
2.5146643633278094,1.302788237866892e-05
2.5148089198897785,0.00014455656196910027
2.5154471537879095,0.0006382338981310021
2.516203470461204,0.0007563166732946769
2.5164249647877033,0.00022149432649909429
2.5164651599125696,4.019512486630461e-05
2.5165135759291233,4.8416016553698427e-05
2.517989315574985,0.0014757396458615624
2.5181138977925253,0.00012458221754041432
2.518981146494152,0.0008672487016267993
2.5190647922572005,8.36457630484233e-05
2.519096006241281,3.121398408056919e-05
2.5191805504680516,8.454422677051099e-05
2.5195515709179905,0.00037102044993897465
2.520167193786246,0.0006156228682554499
2.5201811405732184,1.3946786972418579e-05
2.5204739256730817,0.0002927850998633019
2.52069304346679,0.00021911779370809015
2.5210428757668195,0.00034983230002971766
2.5213471626452857,0.00030428687846617564
2.5218415636670364,0.00049440102175069
2.521846447939658,4.884272621463737e-06
2.5223008037220516,0.00045435578239372276
2.5223027289205304,1.925198478858192e-06
2.523268168761849,0.0009654398413183607
2.523294933537279,2.6764775430176968e-05
2.523827678067347,0.0005327445300680189
2.5238328069836076,5.128916260588312e-06
2.5238557111500493,2.2904166441684026e-05
2.5239037259317803,4.801478173099838e-05
2.524054628795694,0.0001509028639139487
2.5243921131976124,0.0003374844019181644
2.525003166994572,0.0006110537969594709
2.5250822337968515,7.906680227964813e-05
2.5252440000976635,0.00016176630081199406
2.5263004103899926,0.0010564102923291685
2.5264774950723496,0.00017708468235699826
2.5267058137886766,0.00022831871632700285
2.5267772878649746,7.147407629792824e-05
2.526896242374784,0.00011895450980947686
2.5269197348931742,2.3492518390177963e-05
2.52730087325338,0.00038113836020592373
2.527323553523306,2.2680269925690055e-05
2.527862270166816,0.0005387166435100177
2.528109485509835,0.0002472153430193025
2.5282116705170465,0.00010218500721137502
2.5282496471455698,3.7976628523228584e-05
2.5282669424758546,1.729533028482777e-05
2.529123337686376,0.0008563952105213879
2.529526584851927,0.0004032471655510683
2.5298565312961827,0.00032994644425565767
2.5300812245280073,0.0002246932318246131
2.530247139950221,0.00016591542221355837
2.532117081577369,0.0018699416271479308
2.5325526849271385,0.0004356033497696643
2.533045564113035,0.0004928791858964665
2.533247012728264,0.00020144861522908286
2.5339754545584827,0.0007284418302186957
2.5342798574823804,0.000304402923897662
2.53437902399624,9.916651385966091e-05
2.534460709191605,8.168519536511099e-05
2.5345685425515,0.00010783335989472675
2.5346501878610055,8.164530950560689e-05
2.5346892214524743,3.903359146884e-05
2.534749232704734,6.0011252259517534e-05
2.534753528784409,4.2960796751145836e-06
2.535082752422559,0.0003292236381500224
2.535167334469665,8.458204710581896e-05
2.5356515230437533,0.00048418857408849547
2.536833308427264,0.0011817853835105474
2.537190311899153,0.00035700347188916126
2.537463610412181,0.00027329851302804187
2.5375967361769938,0.00013312576481272487
2.538218757665649,0.0006220214886552
2.5382310170849505,1.2259419301496877e-05
2.5382469193252017,1.59022402512754e-05
2.538285480832729,3.856150752712395e-05
2.5385162667560843,0.00023078592335545878
2.538654077252204,0.00013781049611960583
2.539339908846646,0.0006858315944420212
2.5396412761792524,0.0003013673326064392
2.540722915610472,0.0010816394312196387
2.5408591438035377,0.00013622819306569056
2.5414597621020367,0.0006006182984990005
2.5421927488742546,0.0007329867722178918
2.5422266924938923,3.3943619637710754e-05
2.542278729796936,5.2037303043483973e-05
2.5427084769645107,0.00042974716757493425
2.5427934775894108,8.500062490002236e-05
2.5429374515937226,0.00014397400431187535
2.5430339277166563,9.647612293361973e-05
2.5432592978699153,0.0002253701532590746
2.5438063172132757,0.0005470193433603221
2.5440750208280885,0.00026870361481279303
2.5443681353303607,0.00029311450227220703
2.5445048103843098,0.00013667505394909796
2.5446173374420593,0.00011252705774955629
2.5446260105988836,8.673156824290373e-06
2.5449172360237076,0.00029122542482395986
2.545671244583533,0.0007540085598254365
2.546301752033917,0.0006305074503840657
2.546392991277212,9.123924329479394e-05
2.546539386290126,0.00014639501291435764
2.5469550116190143,0.0004156253288880585
2.5483564587422296,0.001401447123215327
2.548435233647037,7.877490480723282e-05
2.5486255061987952,0.00019027255175840807
2.549142415124267,0.0005169089254719594
2.5493149349035504,0.00017251977928323114
2.549647944772351,0.0003330098688003602
2.549846758689329,0.000198813916978402
2.5499028170726667,5.605838333755386e-05
2.550173459986607,0.00027064291394029993
2.5505690564283223,0.00039559644171527353
2.550807960686207,0.0002389042578845313
2.5513027622629347,0.0004948015767278768
2.551673663158379,0.0003709008954442261
2.551938582667929,0.00026491950954987686
2.552537500809065,0.0005989181411361066
2.553519325072485,0.0009818242634200836
2.5535630452799447,4.372020745968541e-05
2.554067635057404,0.0005045897774591523
2.5542490797217123,0.00018144466430847217
2.554270045761262,2.0966039549819016e-05
2.554276659858549,6.614097286750109e-06
2.554323665575302,4.70057167532012e-05
2.554800423840757,0.00047675826545479083
2.555177336425983,0.00037691258522620785
2.5554967259039336,0.00031938947795051575
2.5559273642981433,0.0004306383942096481
2.5563151195815483,0.0003877552834050668
2.5565148274540017,0.00019970787245338073
2.55736620564241,0.0008513781884080807
2.557524812397099,0.00015860675468903906
2.557933890910722,0.00040907851362304015
2.5580634301610536,0.00012953925033176716
2.5584285274397063,0.0003650972786526374
2.5591687301938086,0.0007402027541023593
2.5592321245424174,6.339434860880289e-05
2.559706759482559,0.0004746349401414385
2.5600415065780666,0.00033474709550773696
2.5601854595027995,0.0001439529247329041
2.560451206382367,0.0002657468795672635
2.5606794803579085,0.00022827397554170403
2.5609841555074255,0.0003046751495170419
2.5610667329655787,8.257745815321016e-05
2.5615545496973624,0.00048781673178366347
2.5618395795570916,0.00028502985972922446
2.562047081435743,0.00020750187865115066
2.5623696253160224,0.00032254388027963543
2.5627876317513105,0.00041800643528810966
2.5630558975156226,0.00026826576431204785
2.5631927470819007,0.00013684956627812994
2.5631980128785234,5.26579662274429e-06
2.563636678721117,0.0004386658425934442
2.5640643727772194,0.0004276940561025455
2.5645491368726336,0.00048476409541420296
2.5647382292487726,0.00018909237613895513
2.5648558651746955,0.00011763592592295424
2.565026854451732,0.00017098927703651512
2.5651849745905504,0.00015812013881832954
2.565277156212972,9.218162242152772e-05
2.5653878756323056,0.00011071941933371576
2.5660740922201977,0.0006862165878920301
2.566077970258275,3.87803807733178e-06
2.5669065796058943,0.0008286093476193024
2.5672238518180928,0.0003172722121984606
2.5681144940526366,0.0008906422345438259
2.568398449339626,0.00028395528698954564
2.5685920330541285,0.00019358371450239886
2.569209198794623,0.0006171657404943076
2.5693672894788238,0.00015809068420091776
2.569648170696164,0.00028088121734004545
2.5696652943143303,1.7123618166525745e-05
2.569678019559475,1.2725245144729058e-05
2.570143985481724,0.000465965922249012
2.570537654105417,0.00039366862369272226
2.571010091047393,0.00047243694197618424
2.5710168677131855,6.776665792518344e-06
2.571264999994718,0.0002481322815324205
2.5716569274528926,0.0003919274581747345
2.5723187291099547,0.0006618016570620888
2.572665646634679,0.00034691752472415516
2.5728188629395916,0.00015321630491271776
2.5728392118708627,2.034893127111914e-05
2.573102062110012,0.0002628502391490706
2.5731062768117026,4.214701690763434e-06
2.5733782326218346,0.00027195581013206294
2.57368064781161,0.00030241518977547344
2.5746288322973436,0.0009481844857335275
2.5763161090860667,0.0016872767887230466
2.5767106182940767,0.00039450920800998546
2.5791117005263193,0.0024010822322426684
2.5793071542656976,0.0001954537393782374
2.5793470544089896,3.990014329202651e-05
2.579703554780454,0.0003565003714642856
2.5799195337330882,0.00021597895263436584
2.579934189069115,1.4655336026958565e-05
2.5802393362913825,0.00030514722226726576
2.5806955254069432,0.0004561891155607789
2.581023340055276,0.0003278146483327582
2.5810886634267636,6.532337148756895e-05
2.5816763622898145,0.0005876988630508784
2.5824041036801795,0.0007277413903650221
2.582753318598742,0.0003492149185624349
2.5828024563846843,4.913778594239915e-05
2.582853331563402,5.08751787178241e-05
2.5833434702825935,0.0004901387191913464
2.5833566574251297,1.3187142536175145e-05
2.583452197739389,9.554031425951237e-05
2.5834653428127634,1.314507337424331e-05
2.5834656142349863,2.714222229194263e-07
2.5837701506705284,0.0003045364355420688
2.5841532937203207,0.0003831430497922561
2.584165790916363,1.2497196042460246e-05
2.5842769956890503,0.0001112047726872234
2.584509165594442,0.0002321699053915438
2.5852005574512273,0.0006913918567854616
2.5853209824623886,0.00012042501116127369
2.585334628825484,1.364636309553191e-05
2.5859619809262164,0.0006273521007322813
2.5864214878443312,0.0004595069181148048
2.5864279924345017,6.504590170486324e-06
2.5878949517061622,0.0014669592716605173
2.588031415251262,0.00013646354509955216
2.588063501014354,3.208576309221556e-05
2.588273877105964,0.00021037609160989845
2.5886739868069726,0.0004001097010086774
2.5896597973709827,0.0009858105640101478
2.5897922045527633,0.00013240718178053612
2.5906984568774676,0.0009062523247043153
2.5907737417465264,7.528486905883369e-05
2.590944824498126,0.00017108275159971598
2.5910626257084934,0.00011780121036730762
2.5911689988531537,0.00010637314466022119
2.5914715660871415,0.00030256723398780494
2.5921554872232515,0.0006839211361100439
2.5927629673637007,0.0006074801404492014
2.5928250156390655,6.204827536482327e-05
2.5928913493445886,6.63337055231139e-05
2.592939762010543,4.84126659543449e-05
2.5934445531230432,0.0005047911125002358
2.593707148809984,0.00026259568694086965
2.5944415734574746,0.000734424647490517
2.5952768414597767,0.0008352680023020476
2.595281048661317,4.207201540484817e-06
2.595418635041316,0.00013758637999883305
2.595453706764759,3.507172344319187e-05
2.595809670286373,0.0003559635216139334
2.59592204344427,0.00011237315789669466
2.595999786489104,7.77430448342109e-05
2.5960199220255658,2.01355364617406e-05
2.596615427829,0.0005955058034343708
2.5971953882232173,0.0005799603942171494
2.597254175418884,5.878719566654311e-05
2.5979694427947257,0.0007152673758419326
2.5981499347369765,0.00018049194225078224
2.598315741966123,0.0001658072291466084
2.5984295099904067,0.00011376802428353372
2.598589424881717,0.00015991489131028658
2.5990737969160507,0.00048437203433371323
2.5996322421173454,0.0005584452012947771
2.599678913437287,4.6671319941626876e-05
2.60016602895667,0.0004871155193830745
2.6003103156280187,0.0001442866713485813
2.6006959578123485,0.000385642184329793
2.60110835999157,0.00041240217922133837
2.6021289479041587,0.001020587912588855
2.6023353214696607,0.00020637356550201602
2.6023504773765116,1.51559068508611e-05
2.6031170401502073,0.0007665627736956893
2.603156036231762,3.899608155455425e-05
2.6034112028392973,0.00025516660753543974
2.603438434487363,2.7231648065839664e-05
2.603491303559539,5.286907217572079e-05
2.603746577286735,0.00025527372719613695
2.604338055246296,0.0005914779595608266
2.6045684003593226,0.0002303451130267753
2.60486949671221,0.00030109635288733116
2.605560689078121,0.0006911923659109753
2.6073289488427758,0.0017682597646548892
2.607542085681606,0.00021313683883006362
2.607736100010587,0.00019401432898114024
2.6077680131875507,3.1913176963715983e-05
2.608227055528254,0.000459042340703153
2.60905308907276,0.0008260335445062772
2.609169463287223,0.00011637421446275553
2.609203217675931,3.37543887081182e-05
2.609441950177451,0.00023873250151984493
2.609461549734597,1.959955714614381e-05
2.609970198218992,0.0005086484843950245
2.6103962160530614,0.0004260178340693699
2.6107475364741224,0.0003513204210610077
2.611148956396507,0.00040141992238451607
2.6118312745321286,0.0006823181356216956
2.6121111614075576,0.000279886875429014
2.6121714439239456,6.028251638801052e-05
2.612312946953934,0.00014150302998849895
2.6125235068009944,0.00021055984706030983
2.6127806254729204,0.00025711867192601545
2.612845371567161,6.474609424067523e-05
2.6135048395522062,0.0006594679850451257
2.613578288781722,7.344922951579846e-05
2.6140298034675618,0.00045151468583970455
2.6140608006999178,3.099723235600038e-05
2.6144919523186805,0.00043115161876272623
2.6147118743954794,0.0002199220767988841
2.6154235877470695,0.0007117133515901486
2.6162887327159505,0.0008651449688810153
2.6165640861437485,0.0002753534277979419
2.617672155344105,0.001108069200356443
2.6176825157635437,1.0360419438804058e-05
2.617973699720125,0.00029118395658134233
2.618965205403576,0.0009915056834510771
2.619098771499334,0.00013356609575776446
2.619399683738961,0.000300912239627138
2.6195962987444394,0.0001966150054784066
2.620066691375018,0.0004703926305786865
2.620964596953299,0.0008979055782809553
2.621631670120992,0.0006670731676927666
2.62177145397721,0.00013978385621804534
2.6226561518781333,0.0008846979009233813
2.6227040117713223,4.7859893189006186e-05
2.623289654234359,0.0005856424630366064
2.623537734528964,0.00024808029460521297
2.6247814203739392,0.0012436858449751398
2.624949002218418,0.0001675818444786259
2.626183828086634,0.001234825868216216
2.626462246434128,0.0002784183474937585
2.6270805522807517,0.0006183058466238123
2.6279230607282034,0.0008425084474517064
2.628103906784879,0.00018084605667567644
2.628199907979348,9.600119446906419e-05
2.628358186604349,0.00015827862500072953
2.628498399838642,0.00014021323429336263
2.6285001030135873,1.7031749450779898e-06
2.6285751794426426,7.507642905535405e-05
2.6295739570545504,0.0009987776119078084
2.6300989002726576,0.0005249432181071434
2.630232510885313,0.00013361061265548813
2.6303250457832164,9.253489790328473e-05
2.631366574822193,0.0010415290389764742
2.631376354182871,9.779360678141558e-06
2.631667329707439,0.00029097552456791576
2.631735601658572,6.82719511329033e-05
2.6327274946750294,0.0009918930164576345
2.6329910719341685,0.0002635772591390584
2.6333103814178322,0.00031930948366376555
2.6338058038098793,0.0004954223920470291
2.6342478604868806,0.00044205667700136786
2.634969756557052,0.0007218960701713684
2.635067295783943,9.753922689093031e-05
2.635223108769333,0.00015581298539002475
2.6353827669549497,0.00015965818561669565
2.635421833513259,3.906655830920869e-05
2.6354280670771137,6.233563854873836e-06
2.635734206022765,0.0003061389456511243
2.635859153702376,0.00012494767961124253
2.6360836966965167,0.0002245429941405419
2.636504541410583,0.0004208447140663374
2.63681913254759,0.0003145911370068255
2.636978436972071,0.0001593044244811992
2.6370792351359285,0.00010079816385744067
2.6373945175764626,0.000315282440534137
2.6375197231551524,0.00012520557868977988
2.6377838981618926,0.0002641750067402526
2.6385928323976025,0.0008089342357098239
2.6386003622026633,7.52980506080192e-06
2.638715897418358,0.00011553521569496183
2.6392099695578017,0.0004940721394435243
2.6401879593522377,0.0009779897944359739
2.641635219816016,0.0014472604637782993
2.6416393987312,4.178915184116505e-06
2.6418736557999423,0.00023425706874213859
2.6421889631680897,0.00031530736814744387
2.6424029273338574,0.00021396416576768829
2.6424880498068024,8.512247294500952e-05
2.644379295272025,0.0018912454652224575
2.644537531139163,0.00015823586713814564
2.646740413779287,0.0022028826401241375
2.646931937663054,0.0001915238837666422
2.6471870956524532,0.0002551579893994571
2.6472824265811985,9.533092874525195e-05
2.647646313093424,0.0003638865122255197
2.6478209799301187,0.000174666836694648
2.6490615342896997,0.0012405543595810364
2.649119456526531,5.792223683132036e-05
2.6495164994472913,0.00039704292076025993
2.6503252251445186,0.0008087256972273416
2.6507799006750687,0.00045467553055011933
2.651133800162646,0.00035389948757735823
2.6514547288053048,0.0003209286426586466
2.6516431056667926,0.00018837686148787114
2.651773174932977,0.00013006926618430725
2.651827816987003,5.464205402594402e-05
2.6519654365561576,0.00013761956915470108
2.6521784444174163,0.0002130078612587738
2.6528465610348517,0.000668116617435377
2.653623193758807,0.0007766327239551174
2.653879495579253,0.0002563018204462253
2.6550482538587294,0.0011687582794763784
2.6551223707324176,7.411687368819031e-05
2.6568555705771697,0.0017331998447520647
2.6573058686937725,0.0004502981166027986
2.6574043653472907,9.8496653518243e-05
2.6574789803944903,7.461504719952217e-05
2.6576416813165826,0.00016270092209236253
2.6579794711111444,0.0003377897945617825
2.6593416702123918,0.0013621991012473522
2.6603205608707063,0.0009788906583145796
2.660324458140201,3.8972694946792785e-06
2.6606244357979048,0.00029997765770373164
2.661082543440357,0.00045810764245235447
2.661186097773973,0.0001035543336160849
2.6634409833830337,0.0022548856090605085
2.663615931931306,0.00017494854827226902
2.6640695039989386,0.0004535720676326349
2.66446139779917,0.00039189380023119114
2.664803531247469,0.0003421334482993643
2.664883578235125,8.004698765562424e-05
2.6651357828856863,0.0002522046505615272
2.665335343248113,0.00019956036242652075
2.6656110308170446,0.000275687568931815
2.6661827567005605,0.000571725883515839
2.666539590056466,0.00035683335590563914
2.666907978997253,0.00036838894078705664
2.6670807529170335,0.00017277391978032242
2.667407227751535,0.0003264748345013224
2.66752330485719,0.00011607710565497698
2.667784122792008,0.00026081793481802507
2.667785944860047,1.822068039114555e-06
2.668066217322251,0.0002802724622039676
2.668305103122975,0.00023888580072428667
2.6688343721662617,0.0005292690432865399
2.6694918297013865,0.0006574575351248058
2.669508741494244,1.6911792857676744e-05
2.671021395834008,0.0015126543397636638
2.6717383127761085,0.0007169169421006316
2.672570068790469,0.0008317560143606961
2.672632464199302,6.239540883257177e-05
2.673048364634694,0.00041590043539230237
2.673187018951334,0.00013865431663973027
2.6734391759192455,0.0002521569679116986
2.6734449126111666,5.736691921054415e-06
2.6740129842931415,0.0005680716819749243
2.6740433791976748,3.039490453327076e-05
2.674784725792002,0.0007413465943271191
2.674862452815493,7.77270234912919e-05
2.6750458090813343,0.00018335626584109477
2.675628673580354,0.0005828644990195642
2.675702474847197,7.380126684308763e-05
2.6761916103665513,0.0004891355193543667
2.676704562222419,0.0005129518558675272
2.676766176114869,6.161389245029625e-05
2.6768623155823312,9.613946746211965e-05
2.677391759159802,0.0005294435774709783
2.6788601214766214,0.0014683623168192383
2.6788748028571114,1.4681380489989238e-05
2.679254786341532,0.0003799834844206984
2.6794798322584925,0.0002250459169603758
2.6798187602867602,0.0003389280282677376
2.679843463998924,2.4703712163898217e-05
2.6802054667847632,0.0003620027858390884
2.6802254651488404,1.9998364077178366e-05
2.6805855972519548,0.0003601321031143634
2.681005346926759,0.00041974967480440384
2.682258190576363,0.0012528436496039852
2.6827585442731596,0.0005003536967964628
2.683137469639881,0.00037892536672146093
2.6834355322303525,0.00029806259047138184
2.6836960754548316,0.00026054322447910394
2.6837096614456817,1.358599085010681e-05
2.6842397308259223,0.0005300693802405831
2.685450003900237,0.0012102730743146495
2.6854644338321623,1.442993192535269e-05
2.685579956473984,0.00011552264182190797
2.6859818998377647,0.0004019433637805214
2.6862434407954505,0.0002615409576858241
2.686387659850774,0.000144219055323358
2.6865086887227663,0.00012102887199239021
2.6872237117514794,0.0007150230287131798
2.687842156075015,0.0006184443235355275
2.688339952821852,0.0004977967468371425
2.688366554034567,2.66012127148052e-05
2.6886505510841516,0.0002839970495847055
2.689980913886187,0.0013303628020353564
2.6907323730741237,0.0007514591879367316
2.6911160647516827,0.0003836916775590282
2.691339292236447,0.00022322748476444332
2.6922135283093818,0.0008742360729345755
2.6926514139738162,0.00043788566443447863
2.694429652152572,0.0017782381787556645
2.694463048356142,3.339620357012407e-05
2.694600772791394,0.0001377244352518403
2.6948489830478697,0.0002482102564758115
2.695219029924461,0.0003700468765912568
2.6956442515854255,0.000425221660964592
2.696277960398679,0.0006337088132535307
2.6970411354697403,0.0007631750710612728
2.697610041901833,0.0005689064320928416
2.697860974198621,0.0002509322967876315
2.6979303409801236,6.936678150282205e-05
2.698330969683199,0.00040062870307533416
2.698344952880781,1.3983197582057016e-05
2.698525261548956,0.00018030866817486668
2.6986098627953488,8.460124639286803e-05
2.699083843838306,0.000473981042957039
2.699617246269132,0.0005334024308263352
2.6999179986422774,0.00030075237314530767
2.700010620827583,9.262218530547983e-05
2.700433355807864,0.0004227349802810032
2.700887605664846,0.0004542498569821696
2.7009457432909736,5.8137626127496844e-05
2.7017319394397203,0.0007861961487467539
2.701823243957927,9.130451820649199e-05
2.7023748364170155,0.0005515924590886456
2.702584532475353,0.00020969605833753846
2.702617926556652,3.3394081298876443e-05
2.702724695799761,0.00010676924310892844
2.7028480453607653,0.00012334956100445993
2.703535494825449,0.0006874494646837981
2.7042789451756484,0.0007434503501992928
2.704433718396367,0.00015477322071877353
2.7045629357384686,0.00012921734210147306
2.705231466832323,0.000668531093854341
2.7054349919370306,0.00020352510470766916
2.705567433804032,0.00013244186700145377
2.7057550905234846,0.0001876567194525336
2.7059949884584573,0.0002398979349726993
2.7061107320188396,0.0001157435603822421
2.706559761190437,0.0004490291715972816
2.7067043289810004,0.00014456779056359892
2.7074841763582715,0.0007798473772711034
2.707752465554254,0.0002682891959824296
2.7079085818847632,0.00015611633050927054
2.7079926191494708,8.403726470751494e-05
2.7084737684529387,0.000481149303467987
2.7099304172507646,0.0014566487978258102
2.710344149890226,0.00041373263946153926
2.710605690967244,0.00026154107701792384
2.711388377798098,0.0007826868308540291
2.7114711305837513,8.275278565328392e-05
2.711484333665779,1.3203082027679613e-05
2.711922174506515,0.000437840840735948
2.7126847479433063,0.000762573436791314
2.7128956860338276,0.00021093809052130652
2.7130464189354346,0.00015073290160705355
2.7134189425231727,0.0003725235877380939
2.7137271998668107,0.0003082573436379299
2.7150648379413345,0.001337638074523806
2.7150719308708577,7.092929523278002e-06
2.7151486823354665,7.67514646087264e-05
2.7151496627728187,9.804373521937748e-07
2.7152840075180884,0.00013434474526974327
2.715874600969626,0.0005905934515375577
2.715977411568572,0.00010281059894623468
2.7163304112073736,0.00035299963880142116
2.716735330416054,0.00040491920868035436
2.717376036621408,0.000640706205353947
2.7178110344569943,0.0004349978355864259
2.7178644508416236,5.3416384629301206e-05
2.7178944878235898,3.0036981966130583e-05
2.7183908016457687,0.000496313822178962
2.718478262357341,8.746071157217372e-05
2.718604842942496,0.00012658058515491177
2.7188517811803146,0.000246938237818739
2.7190354450701095,0.0001836638897949605
2.7193492512687625,0.000313806198652955
2.7197672623324562,0.0004180110636937684
2.72002323053387,0.00025596820141382537
2.7201750275744256,0.00015179704055556797
2.7203740254700266,0.00019899789560096082
2.720562910726446,0.00018888525641935772
2.7209751467037697,0.0004122359773237605
2.7213303342227277,0.00035518751895802225
2.7214509246952248,0.00012059047249701749
2.721459014863725,8.090168500451966e-06
2.7220563022493347,0.0005972873856094907
2.722110810601252,5.4508351917448294e-05
2.7231093142740943,0.0009985036728421548
2.7232754640488572,0.0001661497747629248
2.7236757822500217,0.0004003182011644846
2.7240063320806667,0.000330549830644955
2.724155643605096,0.0001493115244293186
2.7244658656590217,0.0003102220539257239
2.72464918654632,0.00018332088729833274
2.725092714665797,0.00044352811947678816
2.7251649800190036,7.226535320681293e-05
2.7257266269626355,0.0005616469436318106
2.726031940487327,0.0003053135246915417
2.7264029890851087,0.00037104859778169796
2.726703325439317,0.00030033635420823046
2.7280028924265802,0.0012995669872633009
2.7287132565780188,0.0007103641514385473
2.7290948067111285,0.0003815501331096982
2.7294266827340836,0.0003318760229551465
2.7302782325974984,0.0008515498634147356
2.7305033338930853,0.00022510129558694913
2.7306504281744477,0.0001470942813623921
2.73117747233302,0.0005270441585722985
2.7314695228893364,0.0002920505563164255
2.732166319528682,0.0006967966393456315
2.7323257215840444,0.00015940205536235652
2.7325733573571345,0.00024763577309006024
2.7326704155371107,9.705817997618382e-05
2.7329453016625855,0.00027488612547488245
2.7336225043291753,0.0006772026665897712
2.733910653846336,0.00028814951716071846
2.734821676173346,0.0009110223270099027
2.736002858497442,0.0011811823240961417
2.7361510083307037,0.00014814983326161268
2.736436306190451,0.00028529785974740207
2.7372087754714727,0.0007724692810215927
2.739551955438891,0.002343179967418507
2.739648775759693,9.682032080160496e-05
2.739889147791914,0.0002403720322212699
2.74017750428224,0.00028835649032599164
2.7405303695653784,0.0003528652831383816
2.74090311314626,0.00037274358088135173
2.7417548892605983,0.0008517761143385094
2.741998462267803,0.0002435730072045672
2.743087490733008,0.0010890284652051996
2.7433440489272702,0.00025655819426217974
2.743417989255124,7.394032785379423e-05
2.744321373997407,0.0009033847422830199
2.74445646232233,0.00013508832492314937
2.745729886606792,0.001273424284461644
2.7459669324236717,0.00023704581687988835
2.746384583201367,0.0004176507776953997
2.74648390029746,9.93170960930101e-05
2.74657255261481,8.865231734977996e-05
2.746714567438152,0.0001420148233419738
2.7467344616511378,1.9894212985871462e-05
2.7473055228120455,0.0005710611609077709
2.7475415940345704,0.00023607122252489177
2.7488654299614668,0.001323835926896333
2.74959730236131,0.0007318723998430698
2.7496317325078232,3.443014651338672e-05
2.7497342551556843,0.00010252264786103638
2.750018172833259,0.000283917677574852
2.751603408989011,0.0015852361557517902
2.752724503423966,0.0011210944349548946
2.7535083219065046,0.0007838184825388339
2.7539789429113006,0.00047062100479600133
2.7542905181216595,0.00031157521035884983
2.7547035367923987,0.00041301867073917364
2.7554929319490267,0.0007893951566280144
2.757289989032617,0.0017970570835901256
2.757743818219208,0.00045382918659120364
2.7579391084022498,0.00019529018304176304
2.758172302752116,0.0002331943498661282
2.758218172809891,4.5870057775232453e-05
2.7583833224307583,0.00016514962086722207
2.758760310232688,0.00037698780192974013
2.759301046274999,0.0005407360423110852
2.7595060621951735,0.0002050159201743007
2.7609138791666896,0.0014078169715161515
2.761060643818075,0.00014676465138530048
2.7620814708596804,0.0010208270416054432
2.7633279198325025,0.0012464489728221118
2.76348147678734,0.00015355695483743048
2.764335736203087,0.0008542594157470162
2.764521847478611,0.00018611127552414786
2.764619765163416,9.791768480482688e-05
2.764766811704045,0.0001470465406292476
2.7648336623942,6.685069015466283e-05
2.765200749198317,0.00036708680411701167
2.766328111225161,0.0011273620268443807
2.766877467897268,0.000549356672106871
2.7674927550735497,0.0006152871762816758
2.767538899161768,4.614408821845828e-05
2.7688985603066993,0.0013596611449311347
2.768903901409022,5.341102322642399e-06
2.769294629387407,0.00039072797838501927
2.7699783480828835,0.000683718695476454
2.7704351868748125,0.0004568387919290373
2.771772908809304,0.0013377219344916647
2.7718822813020183,0.00010937249271414373
2.7730605363613483,0.0011782550593300023
2.773362952772604,0.0003024164112557237
2.7743276082251294,0.0009646554525253315
2.7752660886830935,0.0009384804579641859
2.7753994025384827,0.00013331385538917218
2.7754607145828665,6.131204438375448e-05
2.7768041131826577,0.0013433985997912679
2.777007748032715,0.00020363485005736592
2.77726985544035,0.00026210740763499274
2.777573597512387,0.0003037420720368722
2.777722701758972,0.0001491042465850967
2.7778132021690984,9.050041012637067e-05
2.779107550990294,0.0012943488211956122
2.779460257202845,0.00035270621255101275
2.7797651809088486,0.0003049237060035459
2.7808953322378462,0.0011301513289976306
2.781256655445447,0.00036132320760096093
2.781745855377985,0.0004891999325375984
2.7818142956430854,6.844026510055556e-05
2.782502592163798,0.0006882965207126723
2.7827867380061933,0.00028414584239522256
2.7830099089934026,0.00022317098720936457
2.7835908434961603,0.0005809345027576462
2.784034279816858,0.00044343632069754335
2.7844071242341113,0.0003728444172534928
2.7844683196379294,6.119540381810396e-05
2.785299812653448,0.0008314930155184364
2.785335614681211,3.5802027763320865e-05
2.7863450031312382,0.0010093884500270711
2.787231855113788,0.0008868519825497856
2.787706004220615,0.000474149106826971
2.787937338663688,0.0002313344430731057
2.7880770017608,0.00013966309711177516
2.7890232813159828,0.000946279555182894
2.7896337697006417,0.000610488384658936
2.7897632598978146,0.000129490197172899
2.7907930700627865,0.0010298101649719449
2.791025634889845,0.00023256482705846793
2.7917051983534393,0.0006795634635943237
2.7923155908402024,0.0006103924867630894
2.792446433856314,0.00013084301611154814
2.7924609362993116,1.4502442997610387e-05
2.792820843881705,0.0003599075823932374
2.793392604809023,0.0005717609273183655
2.7934976979474953,0.00010509313847206769
2.7942953573962983,0.0007976594488030564
2.7947641140421555,0.00046875664585721566
2.795139820589946,0.0003757065477905108
2.7964342193463563,0.0012943987564102422
2.798021429254484,0.0015872099081275515
2.798163432454503,0.00014200320001922506
2.7993688654583453,0.0012054330038422378
2.7997799636998923,0.00041109824154705876
2.800092759224659,0.0003127955247665959
2.8005707956495485,0.00047803642488952747
2.8006316385033867,6.084285383822774e-05
2.800668794590409,3.715608702226092e-05
2.800925118885178,0.0002563242947690725
2.8009804715988134,5.535271363532601e-05
2.8011752018741296,0.0001947302753162461
2.80157576449474,0.00040056262061050063
2.802845950237275,0.0012701857425350127
2.80292635882372,8.04085864447579e-05
2.8031101288109816,0.00018376998726177263
2.803625166770991,0.0005150379600094013
2.8037190493930417,9.388262205067832e-05
2.8043375458031647,0.000618496410123015
2.805232883149327,0.0008953373461624281
2.8064135738216747,0.0011806906723474953
2.8065632055695207,0.00014963174784599076
2.806830765964914,0.0002675603953932182
2.808710349098017,0.0018795831331033241
2.8089904175148406,0.0002800684168233758
2.809154155075846,0.0001637375610052949
2.8093531092957367,0.0001989542198908012
2.809372867457369,1.9758161632132953e-05
2.8103554236317043,0.0009825561743355138
2.8106947923663794,0.0003393687346751051
2.8113838356517666,0.0006890432853872142
2.8114116031477656,2.776749599897599e-05
2.812015123830821,0.0006035206830552475
2.8129532766674488,0.0009381528366279035
2.813149571101662,0.00019629443421331771
2.813390776553162,0.0002412054514997486
2.813996164444956,0.0006053878917939848
2.8150040608094837,0.001007896364527916
2.815272100821444,0.0002680400119601245
2.8154634439262116,0.0001913431047677605
2.8154789253550243,1.5481428812691433e-05
2.815870419512841,0.00039149415781647434
2.8160856990732763,0.00021527956043554397
2.818970648500033,0.0028849494267566556
2.8192345176074185,0.00026386910738551705
2.8194827147475996,0.0002481971401810945
2.8199100232684047,0.00042730852080508086
2.8199326323264096,2.260905800488544e-05
2.819977678654904,4.50463284944469e-05
2.820524438825309,0.0005467601704047809
2.820686040942659,0.00016160211735005703
2.8209484706378642,0.0002624296952054017
2.8213810741014846,0.0004326034636203957
2.8216291423575,0.0002480682560155323
2.822174421070355,0.0005452787128548131
2.8232919390349,0.0011175179645448452
2.823885596798794,0.0005936577638943064
2.823926572003641,4.097520484691586e-05
2.8239869011277903,6.032912414921654e-05
2.826300457596722,0.002313556468931832
2.8266710823460026,0.0003706247492805126
2.8268809406886732,0.0002098583426706213
2.8272554494442823,0.00037450875560907093
2.8279657560825915,0.0007103066383091772
2.8280440223884136,7.826630582208338e-05
2.8287248497891437,0.0006808274007301662
2.8290613397013327,0.0003364899121889309
2.829350100482164,0.0002887607808315096
2.8293538182783697,3.71779620556012e-06
2.8293725178570925,1.8699578722802812e-05
2.8297832384429995,0.00041072058590696514
2.8298697612980446,8.652285504506807e-05
2.830517680954909,0.000647919656864282
2.8312469931614497,0.000729312206540822
2.8316100059358265,0.0003630127743767808
2.8318119497359495,0.00020194380012306112
2.83206108659165,0.00024913685570027155
2.8324556813697512,0.0003945947781014425
2.8330050589162203,0.0005493775464691097
2.8334009530803823,0.00039589416416196954
2.8342965864783145,0.000895633397932194
2.834323263705808,2.6677227493276945e-05
2.8351505668008485,0.0008273030950407545
2.8355684303729305,0.0004178635720819557
2.836486824475481,0.0009183941025505682
2.836917814565681,0.00043099009019975654
2.837216975597328,0.0002991610316471771
2.8388233447422846,0.0016063691449565987
2.840294377528709,0.0014710327864242423
2.8421568929316123,0.0018625154029034974
2.8422909758574355,0.00013408292582317571
2.8423678338120273,7.685795459178024e-05
2.842538653611801,0.00017081979977362494
2.8427112198051447,0.00017256619334382606
2.8430659120724977,0.0003546922673529629
2.8431446690432973,7.875697079962052e-05
2.8440322367905337,0.0008875677472364174
2.8450801733693405,0.0010479365788067518
2.84676432407221,0.0016841507028693137
2.8470822270432063,0.00031790297099654197
2.847456012055821,0.0003737850126146469
2.8480663188566924,0.0006103068008713741
2.8481053704756394,3.905161894701692e-05
2.84901402993658,0.0009086594609404308
2.8493556989645317,0.00034166902795185194
2.849717293657432,0.00036159469290053536
2.8499487969430413,0.0002315032856090582
2.84996434827706,1.5551334018759633e-05
2.850242503714365,0.0002781554373050277
2.8512143920871864,0.0009718883728213612
2.851299982799561,8.559071237446148e-05
2.851656572070311,0.00035658927074999625
2.8525590192925865,0.0009024472222756152
2.8525928655234662,3.3846230879763795e-05
2.8526101875479433,1.7322024477017806e-05
2.852671666019188,6.147847124493566e-05
2.852967501528151,0.0002958355089628384
2.8532557645985017,0.00028826307035068055
2.855117294236852,0.001861529638350401
2.8556441848822547,0.0005268906454025668
2.8560862291198954,0.0004420442376407152
2.8573285096617465,0.0012422805418510485
2.857383481061383,5.497139963672737e-05
2.857607984709947,0.00022450364856396732
2.8579418946354886,0.0003339099255414979
2.8580383998780476,9.65052425589974e-05
2.8585817744619906,0.0005433745839429349
2.8587042655226247,0.0001224910606341112
2.859697197174292,0.0009929316516674724
2.859749609166803,5.2411992510936756e-05
2.8599785229204397,0.00022891375363665034
2.860120529414853,0.00014200649441331592
2.861832254305288,0.001711724890435029
2.8625814083054184,0.0007491540001303143
2.862598820786678,1.7412481259526658e-05
2.8627855622839733,0.00018674149729536182
2.863350872403841,0.0005653101198674904
2.8651288327502424,0.0017779603464016525
2.8655471613522585,0.00041832860201607147
2.865640207845284,9.304649302555035e-05
2.8663833213175693,0.0007431134722852839
2.8664263267187784,4.300540120905083e-05
2.866603050642706,0.00017672392392764635
2.868014004332805,0.001410953690098804
2.8680680920984085,5.408776560367201e-05
2.8683997405855988,0.0003316484871902503
2.8686670363867264,0.0002672958011276094
2.8687423984166687,7.536202994229413e-05
2.8687679973120916,2.5598895422973555e-05
2.868787676830641,1.9679518549420294e-05
2.869686090296506,0.0008984134658649445
2.87031992557438,0.0006338352778740841
2.8708865908124284,0.0005666652380482695
2.8710636000743928,0.00017700926196440037
2.871511669781774,0.00044806970738120455
2.871852628432149,0.00034095865037508943
2.8724645585938293,0.000611930161680263
2.872801480256461,0.00033692166263188383
2.872815104041856,1.3623785394933918e-05
2.8730422816104393,0.00022717756858314786
2.8739240702134703,0.0008817886030310085
2.8756427451622195,0.0017186749487492214
2.8756556908125113,1.294565029175132e-05
2.8761776347840198,0.0005219439715085095
2.876572035431902,0.00039440064788243134
2.8765778909495756,5.855517673403199e-06
2.87726520126059,0.0006873103110143219
2.8781587572395204,0.0008935559789304826
2.8782384043255584,7.964708603802606e-05
2.879029342505307,0.0007909381797484016
2.879658758956492,0.000629416451185083
2.8798268881140143,0.00016812915752240087
2.8802931195094783,0.0004662313954639785
2.881572687779846,0.0012795682703679034
2.881870075312562,0.00029738753271590923
2.8824124019340425,0.000542326621480349
2.882656884474347,0.00024448254030451366
2.8828925082545354,0.00023562378018837649
2.882899884855559,7.376601023789675e-06
2.883177170520906,0.0002772856653470157
2.8832146495836475,3.747906274131907e-05
2.8832548991266806,4.024954303316619e-05
2.883661041204157,0.0004061420774763569
2.8840693596581812,0.00040831845402422573
2.8850945355699955,0.00102517591181428
2.8853592092160816,0.0002646736460860666
2.8862076546000814,0.0008484453839998629
2.8863845503504657,0.00017689575038426497
2.8864330954377158,4.8545087250051466e-05
2.886606844579425,0.00017374914170931177
2.8869138375639416,0.0003069929845165298
2.887009986941755,9.6149377813326e-05
2.887984413742634,0.0009744268008788914
2.888375561303559,0.0003911475609252868
2.8884027540205026,2.7192716943513773e-05
2.8884179135209282,1.5159500425632189e-05
2.8891593755179032,0.0007414619969750014
2.8897341776596197,0.0005748021417164573
2.8899282205797205,0.00019404292010083424
2.8905494288193223,0.0006212082396017671
2.890748035725262,0.00019860690593986874
2.8909396736639428,0.00019163793868059997
2.891569935426082,0.0006302617621392059
2.8917549302999,0.00018499487381795632
2.892019255629248,0.0002643253293479475
2.8920255777342287,6.322104980860388e-06
2.8920934732292305,6.78954950017463e-05
2.8922635636361007,0.00017009040687021582
2.8926836008092196,0.0004200371731188923
2.8928950178080606,0.0002114169988409742
2.892922551095334,2.7533287273229234e-05
2.89295824004033,3.568894499617059e-05
2.8957970444681425,0.00283880442781248
2.8959127167477674,0.00011567227962494542
2.8959812828233638,6.856607559635464e-05
2.8962006265163875,0.00021934369302378798
2.898805204506109,0.002604577989721246
2.8988113499696717,6.145463562923226e-06
2.8989727093160935,0.00016135934642180771
2.8991041981795216,0.0001314888634280642
2.899248265460813,0.00014406728129134905
2.8994066203462627,0.00015835488544979626
2.899604860160217,0.00019823981395417078
2.900006732672588,0.0004018725123708933
2.901134926094553,0.001128193421965129
2.901274560543696,0.00013963444914288914
2.9013670884093727,9.252786567692795e-05
2.901368611594492,1.5231851193675539e-06
2.901513301081528,0.00014468948703605378
2.90180457101368,0.00029126993215200514
2.9021569539153305,0.0003523829016502944
2.9025786898630987,0.00042173594776828693
2.903547579371944,0.0009688895088451055
2.9052298157823544,0.0016822364104105425
2.9065187698347956,0.0012889540524412268
2.907097272966404,0.0005785031316083433
2.9075405942450234,0.00044332127861945736
2.908004846143416,0.0004642518983923871
2.908829536677438,0.0008246905340221211
2.9091265476586354,0.0002970109811974986
2.909230724687217,0.00010417702858145361
2.909370003081956,0.0001392783947391507
2.9095137366708763,0.00014373358892028065
2.9104973058153263,0.0009835691444499695
2.911144874327927,0.0006475685126008379
2.912335354828426,0.0011904805004987473
2.913443702116345,0.001108347287919198
2.91588000531078,0.0024363031944347746
2.9160929658790717,0.0002129605682918978
2.9161285900747513,3.5624195679595516e-05
2.9161709457185423,4.235564379095891e-05
2.9180522992894407,0.0018813535708983586
2.918263552742234,0.00021125345279315866
2.9182724541728975,8.90143066367699e-06
2.919674302730085,0.0014018485571876127
2.9202118341090566,0.0005375313789715008
2.9209481696674366,0.0007363355583800413
2.9214457455788354,0.0004975759113987621
2.921661680354252,0.00021593477541648198
2.92229502991293,0.000633349558678109
2.922524761941514,0.00022973202858400654
2.923045304288493,0.0005205423469791803
2.923462186042222,0.00041688175372867065
2.923462493734915,3.076926931022683e-07
2.9236669088049005,0.00020441506998558623
2.92473372766706,0.0010668188621596464
2.9250227634810733,0.0002890358140130722
2.9251202451857656,9.748170469237039e-05
2.9257227879148258,0.0006025427290601293
2.925914068380352,0.0001912804655264111
2.926217600319047,0.00030353193869503414
2.9267983200735124,0.0005807197544651643
2.9271424587889525,0.0003441387154401454
2.9272588915208715,0.00011643273191896952
2.9287222972459652,0.001463405725093736
2.928964306026379,0.00024200878041380491
2.9291366791839315,0.0001723731575524745
2.930141615638301,0.0010049364543696093
2.930715406001247,0.000573790362945914
2.931410745258287,0.0006953392570401284
2.932950711831492,0.0015399665732047652
2.933366513910974,0.00041580207948221926
2.9336498411810763,0.00028332727010216274
2.93557060299508,0.0019207618140035798
2.9366317676533376,0.001061164658257674
2.9367061862039883,7.441855065071223e-05
2.936722248595122,1.6062391133608855e-05
2.9370118566281826,0.0002896080330607731
2.9379861882337504,0.000974331605567702
2.9379895680182373,3.3797844869454252e-06
2.9381219226939557,0.00013235467571837134
2.9385040777353466,0.00038215504139094136
2.9393260834361663,0.0008220057008196946
2.939639940630276,0.00031385719410970125
2.939720363531216,8.042290094012472e-05
2.9401234640782423,0.0004031005470261917
2.940232907552362,0.00010944347411978583
2.941259714643795,0.0010268070914327687
2.94208373399783,0.0008240193540349772
2.9421324177154546,4.868371762478674e-05
2.942947320017446,0.0008149023019914381
2.9430017382668345,5.4418249388454853e-05
2.943935055946607,0.0009333176797725606
2.944175226299775,0.00024017035316781232
2.9443657431630887,0.00019051686331383877
2.944399838060468,3.40948973791555e-05
2.945718561954809,0.0013187238943412893
2.9478421107898725,0.0021235488350632714
2.948004064795579,0.00016195400570673257
2.9487610531103683,0.0007569883147890977
2.948772710661713,1.1657551344690376e-05
2.949286495947691,0.0005137852859782299
2.949961892407806,0.0006753964601147189
2.951253633714566,0.0012917413067601302
2.9513017579878236,4.812427325751045e-05
2.9524474056283614,0.0011456476405378169
2.9531965895530146,0.000749183924653174
2.9533334103362425,0.00013682078322796443
2.9534493627498013,0.00011595241355877306
2.953556922874465,0.00010756012466384135
2.95378280902027,0.0002258861458046546
2.9545245436608103,0.0007417346405405034
2.9550286361733855,0.000504092512575216
2.955111674302087,8.303812870158467e-05
2.9551958093124338,8.413501034665316e-05
2.955560806347314,0.0003649970348802434
2.9556585633625083,9.77570151943219e-05
2.955905503488411,0.00024694012590265046
2.9566960099019273,0.0007905064135163009
2.957871465126364,0.0011754552244367389
2.958664167024791,0.0007927018984270617
2.959295940506529,0.0006317734817380405
2.959743307824729,0.00044736731819972064
2.9599061014760144,0.00016279365128557544
2.960193153922078,0.00028705244606364033
2.9605749615740966,0.00038180765201856204
2.9612207037786162,0.0006457422045196282
2.96129560482814,7.490104952356802e-05
2.9618313022251406,0.0005356973970007672
2.963079259718462,0.0012479574933212945
2.9635304531528774,0.00045119343441557547
2.963887910865877,0.0003574577129996648
2.9639359523618607,4.80414959835862e-05
2.9642333402890926,0.0002973879272318847
2.9642447223710984,1.1382082005795269e-05
2.964995041402581,0.0007503190314825936
2.9654386239472776,0.0004435825446966746
2.965561809704348,0.0001231857570704875
2.9658687433510527,0.0003069336467045325
2.9658862313382435,1.7487987190811793e-05
2.9661820323295034,0.0002958009912599202
2.966243092915608,6.106058610466647e-05
2.9675673754593466,0.0013242825437385086
2.9685307611078935,0.0009633856485469217
2.9691105164122615,0.0005797553043680459
2.9695232827620734,0.0004127663498119105
2.9697405417062037,0.00021725894413027191
2.9703474458090655,0.0006069041028617939
2.9715002161008597,0.0011527702917941696
2.971684773279961,0.0001845571791014855
2.9722719827986963,0.0005872095187351434
2.9728207448599515,0.0005487620612552035
2.973380790185538,0.0005600453255865112
2.973413951272102,3.3161086563815445e-05
2.9739809204940517,0.0005669692219498756
2.9755264313799294,0.0015455108858777322
2.9756610586401178,0.0001346272601883136
2.9758965179140993,0.00023545927398149757
2.9772588203044603,0.0013623023903610587
2.977326645713948,6.78254094874653e-05
2.978744144020996,0.0014174983070480707
2.9792023002849373,0.0004581562639414116
2.9792360088028276,3.370851789030738e-05
2.9800674321718246,0.0008314233689969974
2.980172940705866,0.00010550853404156513
2.9802841839407788,0.000111243234912628
2.9805218957371644,0.00023771179638565343
2.980792073658607,0.00027017792144246044
2.9810041726012946,0.00021209894268769958
2.9837867243418157,0.002782551740521111
2.984205540647811,0.00041881630599549524
2.984419455821109,0.00021391517329760745
2.984530343794699,0.00011088797359004587
2.9854840981522157,0.0009537543575168783
2.9866252621006764,0.001141163948460644
2.9871249428973483,0.000499680796671953
2.987305142295394,0.00018019939804547747
2.987606792257224,0.00030164996183001946
2.988207851982521,0.0006010597252972261
2.9884849490803984,0.0002770970978773768
2.9894849947926,0.0010000457122014694
2.9904758342927478,0.0009908395001478887
2.9905506951689347,7.486087618691073e-05
2.990675047738767,0.00012435256983245324
2.991086079812041,0.00041103207327397584
2.9915425583492747,0.00045647853723362886
2.9916147326319424,7.217428266770298e-05
2.9922195781737773,0.0006048455418348198
2.9922281132670987,8.53509332143787e-06
2.992379876013596,0.00015176274649730814
2.993770545061784,0.0013906690481881867
2.994373820337503,0.0006032752757190174
2.995983240095734,0.0016094197582305902
2.999199508881037,0.0032162687853030114
2.999823927033394,0.0006244181523573644
3.0011535670306935,0.0013296399972992923
3.0012115044159575,5.793738526405079e-05
3.001409174509586,0.000197670093628588
3.001481325685585,7.215117599868037e-05
3.0021683054582566,0.0006869797726718474
3.0021685466258865,2.4116762986636786e-07
3.002539297668521,0.00037075104263450953
3.003355414511239,0.0008161168427180954
3.0040167505570436,0.0006613360458045392
3.004095302103284,7.855154624047955e-05
3.004525053297198,0.00042975119391375216
3.0047169853536912,0.0001919320564933713
3.00511551285627,0.00039852750257862724
3.006006518798668,0.0008910059423983263
3.006735898443892,0.0007293796452239043
3.0067368241844017,9.257405095830507e-07
3.007737676175973,0.0010008519915714054
3.007836489324909,9.881314893611659e-05
3.007862521269263,2.603194435391032e-05
3.0078755535425166,1.3032273253443805e-05
3.0087517355047813,0.0008761819622646883
3.0091046363599188,0.0003529008551375057
3.0092364031740133,0.00013176681409454716
3.00929882554431,6.242237029674413e-05
3.0097979603514062,0.0004991348070961799
3.009821844932697,2.388458129098936e-05
3.0108313039831724,0.0010094590504752254
3.0108438779801383,1.2573996965858925e-05
3.011153433370697,0.00030955539055854686
3.0114431509863344,0.0002897176156375636
3.011872112899411,0.0004289619130766198
3.013032059819678,0.0011599469202669965
3.0140464625014314,0.0010144026817533458
3.0144771898327902,0.0004307273313588489
3.0151073684087373,0.0006301785759470491
3.0151305014527017,2.3133043964396194e-05
3.015405505557701,0.00027500410499925465
3.0163583656354183,0.0009528600777173324
3.017233584772127,0.0008752191367089601
3.0188979727382277,0.0016643879661004668
3.019271337173967,0.0003733644357390986
3.0196014265999493,0.0003300894259825604
3.0197524735872587,0.00015104698730938892
3.019837602961613,8.51293743542314e-05
3.020076434589126,0.00023883162751303644
3.020412293572835,0.0003358589837088033
3.021984974137767,0.0015726805649323161
3.0223741609870887,0.00038918684932154335
3.0224238332519007,4.967226481200626e-05
3.022529038209018,0.00010520495711752176
3.022825163346803,0.000296125137784653
3.0244747899654976,0.0016496266186947217
3.024577277829806,0.00010248786430855361
3.0246645607704625,8.728294065640796e-05
3.0250228003063393,0.0003582395358767698
3.0251760116182806,0.00015321131194134807
3.0288913680970144,0.003715356478733778
3.0310638563563623,0.0021724882593479045
3.0318842219716817,0.0008203656153193961
3.0326222933151037,0.0007380713434219643
3.0326887264516764,6.643313657272998e-05
3.0328486260892853,0.0001598996376088735
3.033474301412469,0.0006256753231839163
3.0342198474030853,0.0007455459906160478
3.034718966669975,0.0004991192668897249
3.0348788953347223,0.00015992866474734413
3.0350027824674997,0.00012388713277733387
3.035627818622125,0.0006250361546253913
3.035844644300521,0.00021682567839587108
3.036094726446062,0.00025008214554089747
3.0364299043886582,0.00033517794259640965
3.0368995775524272,0.00046967316376900214
3.038239123924808,0.0013395463723808732
3.0387503264626323,0.000511202537824218
3.038765214949637,1.4888487004593998e-05
3.0388330134507373,6.77985011003912e-05
3.03884516376159,1.2150310852554469e-05
3.0388753972789866,3.0233517396727194e-05
3.0392598537658153,0.00038445648682872147
3.039967396505409,0.000707542739593503
3.0407560027228597,0.0007886062174509156
3.0411696896938807,0.00041368697102095453
3.0414306158691913,0.00026092617531059403
3.0415087309138262,7.811504463495211e-05
3.0421071731731577,0.0005984422593314775
3.0427401492243,0.0006329760511420979
3.0435384660878806,0.0007983168635807836
3.044130219864734,0.0005917537768533876
3.0445035941018426,0.0003733742371085924
3.0449876614711573,0.0004840673693147224
3.04506385850364,7.619703248273879e-05
3.0469947234956463,0.0019308649920062315
3.0471350687557623,0.0001403452601160815
3.047402432458191,0.0002673637024286357
3.047854201338215,0.00045176888002407267
3.0492219804342344,0.0013677790960193725
3.0496998617750415,0.00047788134080706257
3.0498620994604395,0.00016223768539802563
3.050076931199993,0.0002148317395533894
3.0500993704348183,2.2439234825366583e-05
3.0504308982012667,0.00033152776644840287
3.0512555876728387,0.0008246894715719932
3.051515663048808,0.000260075375969393
3.0522008684082165,0.000685205359408414
3.0534183764572607,0.0012175080490441914
3.0537006075070936,0.00028223104983293723
3.054593184415084,0.0008925769079906054
3.0554000354791375,0.0008068510640533155
3.056406696823263,0.0010066613441255257
3.0571560506005606,0.0007493537772975678
3.0571756900999856,1.963949942496157e-05
3.057347213405689,0.00017152330570358032
3.057466444387478,0.00011923098178900915
3.058866989667594,0.0014005452801160168
3.0593739296896434,0.0005069400220492071
3.059556125790746,0.0001821961011025941
3.06014740123181,0.0005912754410641874
3.0608992821871404,0.0007518809553301864
3.061488818943673,0.000589536756532727
3.0617840731807995,0.00029525423712639665
3.0622980878720063,0.0005140146912068211
3.0630655443609407,0.0007674564889343927
3.063745220507297,0.0006796761463561118
3.0651764049981653,0.0014311844908685423
3.0665608679354417,0.0013844629372763428
3.067118899425475,0.0005580314900335281
3.06794145684076,0.0008225574152849191
3.0690497513781585,0.0011082945373983577
3.0697515881086854,0.000701836730526928
3.0702099047919176,0.0004583166832321517
3.0702423739321163,3.2469140198720936e-05
3.0705025733311015,0.00026019939898525024
3.0734755946375505,0.002973021306448942
3.0735321593778977,5.656474034720915e-05
3.073695662657804,0.00016350327990632962
3.073871434141191,0.00017577148338698834
3.0739550955002573,8.366135906623384e-05
3.0748988608203414,0.0009437653200841112
3.074978884729011,8.00239086697907e-05
3.0755896164964667,0.000610731767455519
3.0778681284190483,0.002278511922581661
3.079069293918254,0.0012011654992054588
3.079128178143554,5.888422530020421e-05
3.079179076285287,5.0898141732869107e-05
3.080452509388371,0.0012734331030839208
3.0809527544978543,0.0005002451094835436
3.0812732772537164,0.0003205227558620294
3.0814899665967883,0.00021668934307195187
3.081749022690291,0.0002590560935025188
3.0821448814578716,0.0003958587675807479
3.082328260503013,0.00018337904514131864
3.08312189436401,0.0007936338609972893
3.083123008882768,1.1145187577277227e-06
3.0833172747419755,0.00019426585920756523
3.0835761763514977,0.00025890160952224406
3.084881939560338,0.0013057632088404603
3.0853123604785195,0.0004304209181813512
3.085501093646962,0.00018873316844247867
3.0856270321257653,0.00012593847880326692
3.08597477645882,0.00034774433305484465
3.0861832257503297,0.00020844929150953817
3.087079220607876,0.0008959948575464338
3.087353937968405,0.0002747173605288644
3.0875272158873766,0.00017327791897159273
3.089145993629109,0.001618777741732469
3.0897182949578346,0.0005723013287255441
3.090586567623293,0.0008682726654583028
3.091173057835039,0.0005864902117460602
3.0921580408108467,0.0009849829758077355
3.092257889340802,9.984852995525983e-05
3.0930984849951413,0.00084059565433936
3.093252646404525,0.00015416140938384615
3.093714298551184,0.00046165214665894183
3.0948473403757317,0.0011330418245476537
3.0949678225098087,0.00012048213407700459
3.0954303313521354,0.000462508842326681
3.095539507096796,0.00010917574466073887
3.0960303272544705,0.000490820157674321
3.0964255195176373,0.00039519226316686584
3.0969468178235715,0.0005212983059341703
3.099130980607114,0.002184162783542387
3.100838957250844,0.0017079766437300137
3.1008927436619023,5.378641105835413e-05
3.100916691573227,2.3947911324651017e-05
3.1018319307458286,0.0009152391726017228
3.102174661970735,0.0003427312249062453
3.1032635067949306,0.0010888448241956894
3.103445342108051,0.00018183531312043755
3.103962389596843,0.0005170474887918886
3.1041689547643467,0.00020656516750383602
3.1046305232039955,0.0004615684396487296
3.1058772369918866,0.001246713787891096
3.1059301516209437,5.2914629057099205e-05
3.106085882856949,0.0001557312360054297
3.106460467344551,0.0003745844876017479
3.106489544526018,2.907718146705207e-05
3.107241892203187,0.0007523476771691406
3.1073851667621732,0.00014327455898621722
3.107408169041928,2.3002279754713584e-05
3.109022830703362,0.0016146616614340914
3.1092926113699546,0.0002697806665925562
3.10934850244217,5.5891072215263904e-05
3.109445481329935,9.69788877651645e-05
3.1095946853913374,0.00014920406140239706
3.110398346325502,0.0008036609341646184
3.110807452869369,0.0004091065438669439
3.1121378119405985,0.00133035907122947
3.1122855982452693,0.0001477863046708272
3.1133444825402927,0.0010588842950234323
3.114103000711759,0.000758518171466438
3.1142728776164668,0.00016987690470759986
3.114736175763647,0.0004632981471801578
3.115062717437934,0.0003265416742870286
3.1171524915665088,0.002089774128574806
3.118928888084455,0.0017763965179460328
3.119025613676473,9.672559201812092e-05
3.119723018114354,0.0006974044378811328
3.1202109956140625,0.0004879774997084141
3.1214132392014613,0.0012022435873988435
3.1227509532218396,0.0013377140203783
3.124315175332828,0.0015642221109883891
3.124343256970713,2.808163788481366e-05
3.124739448102468,0.0003961911317551525
3.12594288540324,0.0012034373007718813
3.1265514473268934,0.00060856192365355
3.126817594658171,0.00026614733127772183
3.127863941765894,0.0010463471077231112
3.128049199974841,0.00018525820894677025
3.128226332850126,0.00017713287528486887
3.128262739018211,3.640616808509023e-05
3.12881525169373,0.0005525126755192566
3.1292426135082807,0.0004273618145504976
3.1300460416950493,0.0008034281867685955
3.1302867696592385,0.00024072796418916909
3.1318870379802246,0.0016002683209861424
3.131983707752002,9.66697717772469e-05
3.132714762745286,0.0007310549932841859
3.1331331350617373,0.0004183723164512543
3.133460664864041,0.00032752980230377204
3.13366472189678,0.00020405703273906894
3.134017247373908,0.0003525254771279407
3.134379755207482,0.000362507833573833
3.134762957051339,0.00038320184385698397
3.1355417204948917,0.0007787634435527657
3.136099985705511,0.0005582652106195241
3.136551544022681,0.000451558317169809
3.1365848988472567,3.335482457567096e-05
3.1368920373426747,0.00030713849541808
3.136969902504046,7.786516137109345e-05
3.1380944535804556,0.001124551076409741
3.138273617341702,0.00017916376124649247
3.1390253394087813,0.0007517220670791858
3.14138245093889,0.0023571115301086465
3.143156998547271,0.0017745476083810274
3.144457958877044,0.0013009603297731154
3.1446742038775097,0.00021624500046568684
3.1460326365682216,0.001358432690711897
3.1463508674003537,0.0003182308321321159
3.1468799662389393,0.00052909883858554
3.147468219807098,0.0005882535681585033
3.1475451567385098,7.6936931411975e-05
3.148668276444594,0.0011231197060843634
3.150006083102035,0.0013378066574407654
3.150034427847851,2.8344745816255568e-05
3.150121665411073,8.723756322170928e-05
3.1504987602696493,0.0003770948585763989
3.152695455155417,0.0021966948857676805
3.1536732909553518,0.000977835799934823
3.1538719162555644,0.00019862530021264035
3.1541987717917896,0.00032685553622524566
3.1543410032118557,0.0001422314200660857
3.1545004141020034,0.00015941089014770427
3.154790086211143,0.0002896721091394383
3.1548143039814804,2.421777033756456e-05
3.154924655586788,0.00011035160530736832
3.154930579654808,5.9240680201355644e-06
3.1561389121314347,0.0012083324766267722
3.15663451795792,0.0004956058264853347
3.1569677204862856,0.0003332025283655504
3.157850543716905,0.0008828232306195005
3.1582552510263042,0.0004047073093991216
3.158779936815259,0.0005246857889549261
3.15917052551106,0.0003905886958008864
3.159459395225355,0.00028886971429509245
3.159972117866192,0.0005127226408370156
3.160294996906973,0.0003228790407807658
3.160427717066022,0.0001327201590490823
3.161579926882412,0.0011522098163898598
3.1623734406311392,0.0007935137487273813
3.1626374949322864,0.0002640543011471763
3.166376776360668,0.0037392814283814246
3.167142523630548,0.0007657472698801016
3.1680010523643536,0.0008585287338056524
3.1680143032777095,1.325091335591111e-05
3.168207203547923,0.0001929002702136806
3.168466657918669,0.0002594543707457042
3.168756371848778,0.00028971393010923663
3.1691270901418247,0.0003707182930465791
3.1693796463826027,0.0002525562407780235
3.170225665065455,0.0008460186828522787
3.170878523235487,0.0006528581700320224
3.1722277637427965,0.001349240507309446
3.1727855482570293,0.0005577845142328286
3.172831251083971,4.57028269416071e-05
3.1731780946489274,0.0003468435649565116
3.1739978596301985,0.0008197649812711205
3.174012695412715,1.4835782516264828e-05
3.1767108328870997,0.002698137474384854
3.17791845364923,0.0012076207621305457
3.1785640014676013,0.0006455478183711172
3.1785859239134626,2.1922445861299877e-05
3.1794542022089365,0.0008682782954738677
3.179834719266484,0.0003805170575477135
3.180515027293971,0.0006803080274866424
3.1805527161805633,3.76888865925018e-05
3.181137056167472,0.0005843399869087662
3.183064088270079,0.0019270321026070292
3.183548588912331,0.0004845006422518061
3.1838658640651545,0.00031727515282353735
3.184189110297658,0.0003232462325035712
3.184472459538879,0.0002833492412208649
3.1848796171489453,0.00040715761006637763
3.1866230183967414,0.0017434012477961502
3.1882382581811743,0.001615239784432898
3.1888591642119763,0.0006209060308020042
3.1905350838129483,0.001675919600971909
3.190912751623554,0.00037766781060577514
3.1909478037746055,3.5052151051484515e-05
3.191144266388707,0.00019646261410155574
3.1913248344392087,0.00018056805050159497
3.1917222082800714,0.00039737384086269145
3.1931387395116544,0.0014165312315830292
3.1932452816960164,0.0001065421843620129
3.1935109663778247,0.0002656846818083203
3.1946882949747555,0.00117732859693076
3.194793876149763,0.00010558117500769626
3.1949254785299166,0.0001316023801534172
3.195977696439302,0.0010522179093852557
3.1964211434143985,0.00044344697509668407
3.197122529001915,0.0007013855875164232
3.197128864187077,6.335185162242851e-06
3.1995588225225102,0.0024299583354330245
3.201454458844265,0.0018956363217546013
3.2017823384965056,0.0003278796522407923
3.2025062304509873,0.0007238919544816369
3.2041738563073388,0.0016676258563514956
3.205273717049713,0.0010998607423742257
3.205783979412947,0.0005102623632340375
3.2065855808871953,0.0008016014742482369
3.20735717442624,0.0007715935390448792
3.207445113556765,8.793913052507207e-05
3.2094590381395416,0.002013924582776383
3.209945759842677,0.00048672170313546204
3.210238741120177,0.00029298127750010394
3.2103970416438274,0.0001583005236502899
3.21050918372075,0.00011214207692233913
3.2105393711445793,3.018742382954187e-05
3.211480765381199,0.0009413942366198746
3.211609032905033,0.0001282675238338804
3.212849795990057,0.0012407630850237439
3.2128533978456306,3.6018555737982183e-06
3.21310522708652,0.0002518292408892897
3.213359074319966,0.000253847233445903
3.215820049678737,0.0024609753587712113
3.2177337055699007,0.001913655891163657
3.218182356227478,0.0004486506575771543
3.21840330618402,0.00022094995654198257
3.2192577565212,0.0008544503371803458
3.2228667039986765,0.0036089474774763097
3.2242546280348123,0.001387924036135857
3.224459394315684,0.00020476628087173765
3.226203934095682,0.001744539779998
3.2262079621995032,4.028103821163143e-06
3.2267450738827987,0.0005371116832955103
3.2268728175920223,0.00012774370922352674
3.227127961916223,0.00025514432420070676
3.2273088319013867,0.0001808699851637563
3.22747199667998,0.00016316477859312783
3.228876470955487,0.0014044742755072726
3.229398242003417,0.000521771047929942
3.2295339800804594,0.00013573807704236884
3.2302484871178865,0.0007145070374270368
3.2310336461570572,0.0007851590391707575
3.2324547461370594,0.0014210999800021717
3.234414058173284,0.0019593120362246808
3.2350130840481865,0.0005990258749024591
3.235833564465033,0.0008204804168463475
3.237388191025101,0.0015546265600678844
3.2374086053928495,2.041436774868899e-05
3.237773306020975,0.00036470062812554715
3.2380738146608916,0.0003005086399165968
3.2381968703577795,0.00012305569688786377
3.2388059493168972,0.0006090789591177703
3.2393150086386124,0.0005090593217151884
3.239409724077089,9.471543847672237e-05
3.2394536179013547,4.3893824265506254e-05
3.2397562392441386,0.0003026213427839153
3.239807158173882,5.091892974329326e-05
3.240003548994629,0.00019639082074718317
3.2400479034096383,4.4354415009273396e-05
3.240492126312179,0.00044422290254075847
3.24151186911583,0.0010197428036509137
3.241922178800595,0.00041030968476496454
3.2429788081115065,0.0010566293109115499
3.2446792069782253,0.0017003988667187997
3.2448062208809674,0.00012701390274205693
3.2462416234892855,0.0014354026083180926
3.246392213443459,0.00015058995417360777
3.2466732281004353,0.00028101465697627503
3.2476947514068755,0.0010215233064401197
3.247735631568952,4.088016207637324e-05
3.248265177296427,0.0005295457274749893
3.248504182874267,0.00023900557784006793
3.248868851149644,0.0003646682753770669
3.2490464785046025,0.00017762735495852056
3.249208213097825,0.00016173459322255113
3.249533006217983,0.00032479312015798456
3.249538886066943,5.879848960166356e-06
3.2511817507237626,0.0016428646568193983
3.2514777285872767,0.0002959778635140964
3.251749635565453,0.00027190697817625065
3.252337958382683,0.0005883228172298693
3.2532376979590505,0.0008997395763676863
3.2556971405290325,0.0024594425699819844
3.256528861507636,0.0008317209786037338
3.2565726029229194,4.374141528318276e-05
3.256777453021646,0.00020485009872661664
3.2568767270821257,9.927406047971488e-05
3.257038465717778,0.00016173863565249746
3.2572311665175677,0.0001927007997895025
3.258236128967223,0.001004962449655089
3.2594726117537007,0.0012364827864779215
3.2612683072089745,0.0017956954552738047
3.261624847515542,0.0003565403065675099
3.262579806938175,0.0009549594226330171
3.2627863299067488,0.000206522968573708
3.264184816168832,0.001398486262083054
3.264459568414214,0.00027475224538209275
3.2644939930298844,3.442461567049193e-05
3.2648174109952075,0.00032341796532309175
3.2650787551728198,0.0002613441776122549
3.266299348991987,0.0012205938191671706
3.267060019443407,0.0007606704514202534
3.267550504373784,0.0004904849303768444
3.2679777124069154,0.00042720803313134326
3.268142039688481,0.00016432728156567933
3.268852820945812,0.000710781257331039
3.2688701457077327,1.7324761920622933e-05
3.271227694737287,0.0023575490295542068
3.272046099979211,0.0008184052419242249
3.272311035868008,0.0002649358887967246
3.2724199667274587,0.0001089308594508509
3.2725597879873205,0.00013982125986178318
3.2737620715361846,0.0012022835488640915
3.2740456895178602,0.00028361798167564345
3.274628983675709,0.0005832941578489681
3.275242341397315,0.0006133577216056452
3.2756417843167513,0.000399442919436499
3.275884538061964,0.00024275374521254278
3.276575682089963,0.0006911440279990799
3.2782120804057375,0.0016363983157745565
3.2795363579287455,0.0013242775230080106
3.2799239711567916,0.0003876132280460354
3.2799827554367984,5.878428000682945e-05
3.2800882533093354,0.00010549787253699705
3.280431316261406,0.00034306295207064963
3.281340843321272,0.0009095270598660221
3.2816902180979595,0.00034937477668739447
3.281950536048334,0.0002603179503744002
3.2823854466380453,0.0004349105897114569
3.2840933136589587,0.0017078670209134117
3.2842132100366186,0.00011989637765985606
3.2843522497515774,0.00013903971495876633
3.2845425348453965,0.0001902850938191314
3.284670163036809,0.00012762819141265425
3.2858689150805387,0.0011987520437295451
3.285910981130672,4.206605013346021e-05
3.2860198430220615,0.00010886189138936686
3.2860960987444354,7.625572237390799e-05
3.2863728999035517,0.0002768011591163244
3.2863733658580125,4.6595446079322755e-07
3.287015371850766,0.0006420059927534361
3.288282731796752,0.0012673599459858131
3.2884994609058653,0.0002167291091135226
3.288922303349402,0.0004228424435366307
3.2891027029706414,0.00018039962123950204
3.289220155796524,0.0001174528258824914
3.2904445545501186,0.001224398753594702
3.2914361324290735,0.0009915778789548746
3.2915642700488372,0.00012813761976371296
3.293706981720514,0.002142711671676789
3.2942037934274846,0.0004968117069705791
3.294428878588259,0.00022508516077435203
3.294975133567174,0.0005462549789152504
3.29693023944748,0.0019551058803060073
3.297935839120241,0.0010055996727609262
3.297981902706076,4.606358583503223e-05
3.2984749956646544,0.0004930929585782451
3.2990258268953894,0.0005508312307349605
3.2993770611036877,0.0003512342082983011
3.299826201759137,0.00044914065544920945
3.300720385416534,0.0008941836573970185
3.3012678408565086,0.0005474554399746978
3.30131567465872,4.7833802211183496e-05
3.3019495420484026,0.0006338673896828517
3.3031524870678255,0.001202945019422863
3.3032931789887217,0.00014069192089616323
3.303636805107411,0.0003436261186893219
3.303835258942444,0.000198453835032808
3.3052501969586685,0.0014149380162247205
3.3055983666303033,0.0003481696716347571
3.305948107612755,0.0003497409824517739
3.306201202031751,0.0002530944189960138
3.3070427026504605,0.0008415006187094676
3.310836906547643,0.0037942038971823244
3.3109258794948357,8.897294719290016e-05
3.310962622291379,3.6742796543087763e-05
3.31290060444886,0.0019379821574809775
3.3146623365359265,0.0017617320870666475
3.316293687627559,0.0016313510916323715
3.3173780338303636,0.0010843462028047313
3.318629679534995,0.0012516457046314322
3.3188290893535393,0.00019940981854427164
3.319442111436855,0.0006130220833155953
3.3202122917237067,0.0007701802868518293
3.3205142631162694,0.00030197139256271655
3.3207691328693354,0.00025486975306598936
3.3214366801739743,0.0006675473046389158
3.3216096372002513,0.0001729570262769542
3.3218444152965065,0.00023477809625527257
3.322478422047454,0.0006340067509476022
3.3227113059160276,0.00023288386857345245
3.323040938326451,0.0003296324104233861
3.323054772064008,1.3833737556812054e-05
3.3235134295008284,0.00045865743682060867
3.326861995348973,0.003348565848144691
3.327012060095689,0.00015006474671608316
3.327323619657929,0.0003115595622400491
3.3285334432126894,0.001209823554760181
3.328595792992999,6.234978030938976e-05
3.331097415596518,0.002501622603519049
3.331289734915741,0.0001923193192232553
3.3319510337571927,0.0006612988414516074
3.3326958282705164,0.0007447945133236544
3.333054539780606,0.0003587115100898153
3.3345783469028327,0.0015238071222265503
3.335484955582057,0.0009066086792244299
3.3359489748827484,0.0004640193006912874
3.3361720388386202,0.00022306395587179395
3.336397758451656,0.0002257196130357464
3.336508848374404,0.00011108992274788676
3.3369401567857464,0.0004313084113425347
3.337559403314675,0.0006192465289287519
3.337569021491315,9.618176640024956e-06
3.337638538933475,6.951744215966116e-05
3.3378959795903147,0.00025744065683985795
3.3385080692943054,0.0006120897039907369
3.3389110822964816,0.00040301300217615577
3.3401597345276097,0.0012486522311281334
3.3425564414622637,0.0023967069346539915
3.3444505743291146,0.0018941328668509172
3.3448961256173027,0.0004455512881880175
3.345594674750046,0.0006985491327431426
3.345897618430992,0.0003029436809462993
3.3459507845131924,5.3166082200295506e-05
3.346069206827801,0.00011842231460867936
3.3462761794355216,0.00020697260772051251
3.3464890202726534,0.00021284083713180024
3.348127785485296,0.0016387652126428343
3.349417980249785,0.0012901947644889944
3.3495250224897135,0.00010704223992830109
3.3496294368200625,0.00010441433034902303
3.3505883870470567,0.0009589502269942152
3.3509974165321865,0.0004090294851297749
3.3513802642198405,0.00038284768765395327
3.353300954633277,0.0019206904134363434
3.3539149865208806,0.0006140318876037831
3.354156350657445,0.0002413641365643926
3.355219831765654,0.0010634811082090856
3.3552752469136817,5.54151480276488e-05
3.356248488238686,0.0009732413250040928
3.3565381604051785,0.0002896721664926716
3.35673559485385,0.00019743444867170723
3.3574261289225795,0.0006905340687293204
3.35760536404795,0.00017923512537043607
3.358317124736761,0.0007117606888109584
3.3607531981175547,0.0024360733807937685
3.3615481140464967,0.000794915928941986
3.3619708054197814,0.000422691373284767
3.3639341273111705,0.001963321891389036
3.3650408811351835,0.0011067538240130403
3.367210850981415,0.002169969846231634
3.36732062454206,0.00010977356064501009
3.3678652801866353,0.000544655644575176
3.3684487028115635,0.0005834226249281649
3.368799241230312,0.00035053841874832514
3.369068211246506,0.00026897001619419214
3.369111016038481,4.280479197493747e-05
3.3697495730074767,0.0006385569689957293
3.371717492369692,0.001967919362215298
3.3728962717794384,0.0011787794097464221
3.3743860253214213,0.0014897535419828856
3.3753253489675834,0.0009393236461621157
3.375843248184474,0.0005178992168906049
3.376361257228896,0.0005180090444221186
3.3770068969811815,0.0006456397522853763
3.378341409250275,0.001334512269093313
3.378706354643823,0.0003649453935481439
3.379192519118048,0.00048616447422489273
3.3799169088490575,0.0007243897310096337
3.380142236238521,0.00022532738946345887
3.3803271305501017,0.0001848943115807522
3.380792011250481,0.00046488070037931095
3.3816161523829815,0.000824141132500511
3.382629899246979,0.0010137468639976888
3.383866803600393,0.0012369043534139479
3.3847892072311825,0.0009224036307893257
3.3849437707654606,0.0001545635342781182
3.3851940503629283,0.00025027959746770634
3.3853872626283277,0.0001932122653993673
3.3858861422879456,0.0004988796596179235
3.386340507477132,0.0004543651891864009
3.3866653860117,0.00032487853456819593
3.3880767256823376,0.001411339670637446
3.3884195938632624,0.00034286818092477134
3.388516448681295,9.685481803245466e-05
3.388741863756106,0.00022541507481133038
3.3892439192063684,0.0005020554502621621
3.389992481850463,0.0007485626440946191
3.3908857597831665,0.0008932779327035512
3.3916940450965094,0.0008082853133428713
3.391813077672043,0.00011903257553358415
3.392030267038954,0.00021718936691117463
3.392178600337841,0.00014833329888697122
3.3924500998155613,0.0002714994777202051
3.3938723748477653,0.0014222750322039346
3.393936356110544,6.39812627785119e-05
3.394144666798372,0.00020831068782811712
3.394447580168094,0.00030291336972210203
3.394671046074832,0.0002234659067381628
3.3947163261381403,4.528006330817291e-05
3.3970605159861433,0.0023441898480029977
3.3976141716753707,0.0005536556892273836
3.3990931260752135,0.0014789543998428023
3.399445099208387,0.00035197313317336665
3.399585613196104,0.0001405139877173056
3.400216527489046,0.0006309142929419309
3.4003603348466003,0.00014380735755414875
3.400605965128814,0.0002456302822135825
3.4007136905796918,0.00010772545087789354
3.400986496334811,0.000272805755119343
3.4016907323998598,0.0007042360650486579
3.402681146991557,0.0009904145916972418
3.402851022840781,0.00016987584922389942
3.4043124902498523,0.001461467409071382
3.406437566674424,0.0021250764245719367
3.4089675420433774,0.0025299753689531634
3.40907516643403,0.00010762439065281626
3.410273996054733,0.0011988296207028348
3.4109624794881506,0.0006884834334175416
3.4110744494558487,0.00011196996769813339
3.411526497240832,0.00045204778498320053
3.4123954954637252,0.0008689982228933246
3.413237211603303,0.0008417161395777306
3.4135081719514373,0.00027096034813434144
3.4142715856211874,0.0007634136697500793
3.4145133717970944,0.00024178617590697726
3.414818921371239,0.00030554957414485884
3.415017283220511,0.00019836184927157774
3.4156210842712986,0.0006038010507878333
3.415691388459424,7.030418812536965e-05
3.417245655840416,0.0015542673809920693
3.4207268976284566,0.0034812417880405455
3.4212460782889136,0.0005191806604569749
3.4236126782024936,0.002366599913580014
3.423938107598425,0.000325429395931387
3.4241958146856213,0.00025770708719630164
3.424525377419527,0.0003295627339054974
3.428424205956919,0.003898828537392429
3.4289253202745584,0.0005011143176392174
3.429107268707961,0.0001819484334024679
3.429886720878093,0.0007794521701320889
3.431183903036157,0.0012971821580638476
3.4319507455999547,0.0007668425637978871
3.432388711335318,0.00043796573536347694
3.4328559383772856,0.000467227041967444
3.433546721065353,0.0006907826880673262
3.433761591159206,0.0002148700938531256
3.4350519549716716,0.0012903638124655004
3.4356945112731236,0.0006425563014520463
3.4365981032792225,0.0009035920060989078
3.436867558104801,0.00026945482557838574
3.437004552564369,0.00013699445956794065
3.437510380861874,0.0005058282975052286
3.4378799206006354,0.0003695397387613042
3.4378829949592826,3.0743586472148365e-06
3.4399277196021307,0.002044724642848106
3.4406755645566114,0.0007478449544806587
3.441100508509987,0.00042494395337566715
3.4431982849234855,0.002097776413498398
3.4437870550194303,0.0005887700959448239
3.4447241801049104,0.0009371250854801616
3.4456009925282043,0.000876812423293849
3.4467317706180842,0.0011307780898799358
3.448458734447251,0.0017269638291668166
3.449486065299623,0.0010273308523718327
3.4501160385901137,0.0006299732904908595
3.452602628113486,0.002486589523372107
3.4542288703875417,0.0016262422740558335
3.4546436964692555,0.00041482608171383717
3.455878074052956,0.0012343775837004856
3.4578437373605273,0.001965663307571308
3.458649178975919,0.0008054416153915334
3.460315402812752,0.001666223836833236
3.4603647373915627,4.933457881062253e-05
3.4607949861019516,0.0004302487103888808
3.461355101802406,0.0005601157004542223
3.4624996853590804,0.0011445835566745721
3.4633483919536734,0.0008487065945930183
3.4640861537693004,0.0007377618156270138
3.4643102549078577,0.00022410113855730884
3.464546088309853,0.00023583340199540004
3.465332802282196,0.0007867139723427563
3.465473205826923,0.0001404035447269969
3.465637851134184,0.00016464530726123527
3.4660644868266726,0.000426635692488464
3.466605933906774,0.0005414470801015092
3.46718026281845,0.0005743289116759698
3.469312396268896,0.002132133450445828
3.4696315297940905,0.000319133525194637
3.470706399200828,0.0010748694067372888
3.4709848602842595,0.0002784610834316581
3.4725301023333164,0.0015452420490569274
3.4739384934211497,0.001408391087833305
3.47500249007213,0.0010639966509802257
3.4753605956198594,0.00035810554772952585
3.476865682857277,0.0015050872374176016
3.4769059938832623,4.0311025985229065e-05
3.4769569606119735,5.0966728711188125e-05
3.4775789581268572,0.0006219975148837875
3.4779219378906623,0.00034297976380504025
3.478078084349969,0.0001561464593065054
3.478495083245604,0.00041699889563506787
3.480838342434169,0.002343259188565039
3.481010777042384,0.00017243460821525503
3.4831350666173546,0.0021242895749704616
3.4841343113655876,0.0009992447482329858
3.4865463680852375,0.0024120567196499465
3.4867800015584947,0.00023363347325711104
3.4892011060271457,0.0024211044686510697
3.489533599615676,0.00033249358853026934
3.4900681904020807,0.0005345907864047206
3.4900805338504957,1.234344841494206e-05
3.490154118793765,7.358494326936693e-05
3.490310651641083,0.00015653284731786954
3.4918579296898464,0.001547278048763534
3.4926418531923287,0.0007839235024822422
3.4929985021934677,0.0003566490011390755
3.4938927409320586,0.0008942387385908468
3.493996633050273,0.0001038921182145991
3.495340256131301,0.0013436230810279781
3.49618308473567,0.0008428286043686839
3.4983043477752744,0.0021212630396045817
3.4983107041233787,6.356348104308296e-06
3.4987538253568156,0.0004431212334368162
3.4990458074520534,0.0002919820952378416
3.500646998428305,0.0016011909762516652
3.5015124059474405,0.0008654075191354416
3.504160559784369,0.002648153836928291
3.50635982827136,0.002199268486991368
3.5068324381770015,0.0004726099056413524
3.507453440790454,0.0006210026134523261
3.5079030410358154,0.00044960024536155885
3.508443685156642,0.000540644120826439
3.5105555270799496,0.0021118419233077113
3.510620055226238,6.452814628854497e-05
3.5107493866183384,0.00012933139210025146
3.5117000109606926,0.0009506243423542671
3.5143148024269455,0.002614791466252875
3.515968326876637,0.001653524449691357
3.516603671045831,0.0006353441691939743
3.5173219908044526,0.0007183197586217993
3.517758929740359,0.00043693893590646127
3.5184983296876973,0.0007393999473381818
3.5204744230376086,0.0019760933499113342
3.521073379961888,0.0005989569242794701
3.522772216566027,0.0016988366041390535
3.5249375831256193,0.002165366559592208
3.526542366131534,0.0016047830059147117
3.526641313330557,9.894719902314719e-05
3.527264042139213,0.0006227288086559923
3.527748101302686,0.00048405916347293854
3.5284744590889656,0.0007263577862794968
3.5287174781517385,0.00024301906277290897
3.5294321107866393,0.0007146326349007914
3.529709265483866,0.00027715469722666697
3.5309340169072745,0.0012247514234084989
3.5311525399469414,0.0002185230396669624
3.5311883743240156,3.583437707410653e-05
3.531776155690979,0.000587781366963469
3.5324556737729558,0.0006795180819767488
3.5328357432348714,0.00038006946191559976
3.534764206621023,0.001928463386151602
3.5350666096215675,0.0003024030005445155
3.5357866149009856,0.0007200052794180678
3.538162856388172,0.0023762414871866255
3.539934781194276,0.0017719248061038861
3.5403876126126903,0.0004528314184142346
3.540737222829782,0.0003496102170919002
3.5411316461415066,0.00039442331172434564
3.541928088023214,0.0007964418817074659
3.543566855903681,0.001638767880467018
3.543704126182252,0.00013727027857113328
3.544107828295391,0.0004037021131386709
3.5446706731954003,0.0005628449000094626
3.545027942033499,0.0003572688380986122
3.5468911325981907,0.0018631905646917524
3.5474154586494326,0.0005243260512419745
3.548535257986237,0.0011197993368043946
3.550777520802817,0.0022422628165799097
3.551406754785695,0.0006292339828779525
3.553672983790771,0.0022662290050758926
3.5542174027378644,0.0005444189470935612
3.5546397050745737,0.0004223023367093681
3.5554106883039758,0.0007709832294020558
3.5574824942611776,0.0020718059572018
3.558012052440551,0.0005295581793736126
3.5580256894009077,1.3636960356500083e-05
3.558402904291974,0.0003772148910661244
3.558444849583842,4.194529186829499e-05
3.5604811392350952,0.0020362896512531314
3.56121194592334,0.0007308066882445452
3.5620211288282517,0.0008091829049119426
3.5647907317483787,0.0027696029201269567
3.564823419547687,3.268779930820642e-05
3.564944717896596,0.00012129834890917124
3.5653908187016907,0.00044610080509466243
3.565813626112224,0.0004228074105334656
3.5662620279506783,0.0004484018384540711
3.566868805104369,0.0006067771536906186
3.570672292149882,0.003803487045513254
3.5723702159483035,0.0016979237984213746
3.5729794642427217,0.0006092482944182187
3.574090683456311,0.001111219213589365
3.575369774926442,0.0012790914701308331
3.5754039019347594,3.4127008317508256e-05
3.5775701848380796,0.0021662829033202158
3.578645783686418,0.0010755988483381884
3.5787069967620244,6.121307560658096e-05
3.57894545375346,0.00023845699143576482
3.579474698790906,0.0005292450374456692
3.5806329244055486,0.0011582256146427383
3.581808563735284,0.0011756393297353007
3.5822992098124353,0.0004906460771514354
3.5823674162426196,6.820643018423667e-05
3.582533426936035,0.00016601069341559693
3.5826402381460167,0.00010681120998157212
3.583027499895608,0.00038726174959125004
3.5832249181367537,0.00019741824114571926
3.584004177856812,0.0007792597200584339
3.5846306379858413,0.0006264601290291161
3.5877360022420532,0.0031053642562119954
3.5880371490576355,0.00030114681558224277
3.588276792204875,0.00023964314723956548
3.5883628408787147,8.604867383965598e-05
3.589541564723102,0.0011787238443874415
3.590414620809849,0.0008730560867467041
3.591288053338535,0.0008734325286861022
3.591883177019785,0.0005951236812502536
3.5934337508924594,0.0015505738726742102
3.593434531287412,7.803949526596909e-07
3.593630723764469,0.0001961924770568224
3.5937375565264786,0.00010683276200973424
3.5944663532827645,0.0007287967562858988
3.594918870125354,0.00045251684258929004
3.5951533081892486,0.00023443806389478183
3.5981123871211347,0.002959078931886072
3.5982072998110297,9.491268989503254e-05
3.5985061670099503,0.00029886719892058267
3.598670176532128,0.00016400952217754394
3.60190444122269,0.0032342646905623162
3.604677520195629,0.0027730789729387695
3.605748812813472,0.0010712926178428894
3.6057890566227493,4.024380927747373e-05
3.606948286220545,0.0011592295977957967
3.607704408966041,0.0007561227454959685
3.6085757063019526,0.0008712973359115139
3.6101953077121682,0.0016196014102156653
3.6107088628654145,0.0005135551532462479
3.6112418369394934,0.000532974074078929
3.611348813560832,0.00010697662133862806
3.612106437855996,0.0007576242951641277
3.6121394039358434,3.2966079847263074e-05
3.6127216592132023,0.0005822552773588896
3.6133694916668384,0.000647832453636088
3.614374971740021,0.0010054800731826852
3.614420216493832,4.524475381106896e-05
3.6151299441817257,0.0007097276878935688
3.6155283843359216,0.0003984401541958782
3.618204905588633,0.002676521252711339
3.61863245159306,0.0004275460044271817
3.619383048431432,0.0007505968383720862
3.620175682206095,0.0007926337746626544
3.6204981800438176,0.0003224978377227572
3.621055172169282,0.0005569921254644505
3.6218543431096353,0.0007991709403531999
3.6219350521047686,8.07089951333495e-05
3.6221484872033947,0.00021343509862603582
3.62253315732145,0.0003846701180552081
3.623219379073458,0.0006862217520082758
3.623554317145122,0.0003349380716639594
3.624131796373294,0.0005774792281720842
3.6244852799114753,0.00035348353818109857
3.624697595674817,0.0002123157633415751
3.626718664924569,0.0020210692497522054
3.6275064317868453,0.000787766862276218
3.6297959989642554,0.0022895671774101345
3.6315118149902563,0.0017158160260009048
3.6358472577183956,0.004335442728139238
3.636160728889241,0.00031347117084523646
3.6372965132430926,0.0011357843538517542
3.638363853039272,0.0010673397961795672
3.639210639740945,0.0008467867016728192
3.6394167483402624,0.00020610859931746717
3.6414509275456837,0.0020341792054212604
3.642010755916894,0.0005598283712102692
3.6422870306117345,0.00027627469484059475
3.642507686747411,0.00022065613567656683
3.6428446751244317,0.00033698837702056395
3.6428610116096336,1.6336485201939865e-05
3.642996823359516,0.00013581174988219757
3.6436508779616408,0.000654054602124976
3.6450478939459634,0.0013970159843226249
3.646790238119639,0.0017423441736754697
3.647393296441332,0.0006030583216931618
3.6474842305034145,9.093406208249277e-05
3.647845478608263,0.00036124810484849945
3.650496381947452,0.002650903339188826
3.650750170172003,0.0002537882245512435
3.652024758557209,0.0012745883852058881
3.652565460183574,0.0005407016263649922
3.652660399311022,9.49391274480682e-05
3.65289436232461,0.00023396301358813432
3.653198903871224,0.00030454154661363475
3.6557330178926355,0.002534114021411682
3.6562432514354484,0.0005102335428128768
3.6580452848515526,0.0018020334161041873
3.6583986228019616,0.00035333795040903837
3.658836981172707,0.0004383583707454619
3.6597579566428373,0.0009209754701302586
3.65978498529148,2.7028648642790642e-05
3.661157420164618,0.0013724348731378733
3.662284806272639,0.001127386108020989
3.662574082424959,0.00028927615232010595
3.6629804222717293,0.0004063398467701873
3.6632891803428347,0.0003087580711054194
3.663507703846166,0.00021852350333118054
3.663985472338892,0.00047776849272596067
3.6640339160076083,4.8443668716480204e-05
3.665351342974836,0.0013174269672275862
3.667963226682473,0.002611883707637208
3.6690783924350012,0.0011151657525281244
3.670272665793976,0.0011942733589749288
3.6716653824047443,0.0013927166107681188
3.6720257439641752,0.00036036155943097725
3.672655796247557,0.0006300522833817546
3.6731626930751604,0.0005068968276034092
3.6733549478812395,0.00019225480607909518
3.6736274886402343,0.0002725407589947437
3.675044611990143,0.0014171233499089553
3.675958648861625,0.0009140368714817271
3.6763766550044137,0.0004180061427887516
3.676468778813663,9.212380924950025e-05
3.6791227900798953,0.0026540112662321036
3.679310641318002,0.00018785123810660664
3.680859216809873,0.0015485754918711514
3.6821127329933057,0.0012535161834326125
3.6828650200681903,0.0007522870748846167
3.6838069680110506,0.0009419479428602884
3.684793019480463,0.0009860514694124412
3.6878966690006014,0.0031036495201384184
3.687928041988245,3.137298764377405e-05
3.688325552379725,0.00039751039147972733
3.6883932370714474,6.768469172246938e-05
3.688939437533995,0.000546200462547386
3.6894140136966693,0.00047457616267454483
3.6899559405903863,0.0005419268937170152
3.6901591754342165,0.00020323484383011348
3.691277047903188,0.001117872468971548
3.691421976246307,0.0001449283431189663
3.692784498912602,0.0013625226662949963
3.694562095565105,0.0017775966525030995
3.6950231136429035,0.0004610180777984141
3.6955295080398383,0.0005063943969347839
3.6976795025220084,0.0021499944821701256
3.69859269774808,0.0009131952260714726
3.7006292405457915,0.0020365427977115935
3.701018359820262,0.0003891192744704952
3.7026712930044097,0.0016529331841477202
3.7038692026140585,0.0011979096096488284
3.7041342771503922,0.00026507453633373146
3.7053657161600166,0.0012314390096244132
3.7079792751357257,0.0026135589757090294
3.7089903207773522,0.0010110456416265734
3.709760340178696,0.0007700194013438022
3.70987976971467,0.00011942953597410266
3.709920046090041,4.027637537085127e-05
3.7101575778735545,0.00023753178351348936
3.711310604194346,0.001153026320791728
3.712216537470371,0.0009059332760248395
3.7134971092262643,0.001280571755893245
3.7169063152684956,0.003409206042231272
3.7183462549528827,0.0014399396843871592
3.7193631220688728,0.0010168671159900278
3.719500715712626,0.00013759364375331984
3.7200796184636524,0.0005789027510263445
3.7203449848297083,0.0002653663660558969
3.720940845866031,0.000595861036322809
3.7233610126243653,0.002420166758334119
3.7253796519544222,0.0020186393300569705
3.725628033506093,0.00024838155167072884
3.7259329730162998,0.0003049395102068253
3.7265782175622886,0.000645244545988799
3.7280600023545314,0.001481784792242813
3.728249285892304,0.00018928353777258877
3.7289241617331568,0.0006748758408527955
3.729077166814277,0.00015300508112003897
3.7301944782960397,0.0011173114817628615
3.7303017722123784,0.0001072939163386799
3.7310725752714937,0.0007708030591153658
3.7315541799194167,0.0004816046479230174
3.7343510803434428,0.0027969004240260276
3.734909032292629,0.0005579519491862861
3.734943972345274,3.494005264492728e-05
3.7350930407888905,0.00014906844361650684
3.7360305537914265,0.0009375130025359724
3.7391876567165645,0.0031571029251380445
3.742005865561895,0.00281820884533035
3.742163259129695,0.00015739356780031244
3.7426577346794283,0.0004944755497331421
3.7450745109520067,0.0024167762725784137
3.745916102479181,0.0008415915271742236
3.7461996347890736,0.00028353230989264233
3.746500072885019,0.00030043809594548776
3.747649045655646,0.001148972770626866
3.74967912778712,0.0020300821314740425
3.752121987851271,0.0024428600641508424
3.753922629143383,0.001800641292112104
3.7556256878502956,0.0017030587069126746
3.755756289310179,0.00013060145988319505
3.756066849267468,0.0003105599572892359
3.756785809661253,0.0007189603937849398
3.7588744553874003,0.002088645726147309
3.75952875949762,0.0006543041102196057
3.7598040861166107,0.0002753266189907677
3.764647661254606,0.00484357513799516
3.764805081858538,0.00015742060393231228
3.7652976172214707,0.000492535362932589
3.7659866772721413,0.0006890600506705979
3.76652472064673,0.0005380433745885149
3.770615059997858,0.004090339351128236
3.7711036427654236,0.0004885827675655818
3.7715244144033666,0.0004207716379429627
3.775886576725951,0.00436216232258424
3.7759236811263017,3.710440035087359e-05
3.7772052127943043,0.0012815316680026
3.7784765609268818,0.0012713481325774545
3.7796608566469687,0.0011842957200869364
3.782802982190662,0.003142125543693197
3.7845463892956164,0.0017434071049544642
3.7860646861938583,0.0015182968982418998
3.7868400500026627,0.0007753638088043857
3.789813892966712,0.0029738429640491226
3.7902419705072283,0.0004280775405165471
3.79098660829896,0.0007446377917315061
3.791361725171266,0.0003751168723060694
3.7915800698606605,0.00021834468939463392
3.7918156860555787,0.00023561619491818675
3.792430231921116,0.0006145458655373304
3.7928774382698833,0.0004472063487672706
3.7940430525134525,0.0011656142435692018
3.7986470581232568,0.004604005609804229
3.7988554149943266,0.0002083568710697925
3.802958771195927,0.0041033562016004055
3.8031509188194588,0.00019214762353181314
3.8043499035876214,0.0011989847681626031
3.8044761293273335,0.0001262257397121047
3.8045127854537855,3.6656126451983795e-05
3.8073792378085596,0.0028664523547741183
3.808994214070883,0.001614976262323431
3.8095634045873186,0.0005691905164355582
3.809613218232842,4.981364552358869e-05
3.8105204805320536,0.0009072622992114532
3.812888393862629,0.0023679133305751776
3.8153513946443938,0.002463000781764979
3.815399970671605,4.857602721131116e-05
3.815865720834632,0.0004657501630269678
3.8160146653692246,0.00014894453459257662
3.816689910266227,0.0006752448970024361
3.8167235209078196,3.36106415925741e-05
3.8174389187723405,0.0007153978645209058
3.8177218010696023,0.0002828822972618106
3.8206162755285957,0.002894474458993379
3.820750491225475,0.00013421569687910306
3.8209459166345803,0.00019542540910544304
3.8211266650589777,0.00018074842439741445
3.8226557401323515,0.0015290750733738534
3.8227359046369913,8.01645046397681e-05
3.82310337275438,0.00036746811738863627
3.8240975708481115,0.0009941980937315797
3.8262499081177883,0.002152337269676785
3.82825897273297,0.0020090646151817992
3.8304926717211263,0.002233698988156174
3.8304950096049484,2.3378838220899922e-06
3.830921174210393,0.00042616460544442347
3.8312596516638355,0.0003384774534427315
3.8321769733786635,0.0009173217148279456
3.832484824945228,0.0003078515665646542
3.834545604198564,0.0020607792533358094
3.836350902178661,0.001805297980097098
3.836720686276754,0.00036978409809318435
3.836921461443866,0.00020077516711181076
3.8372659309666783,0.00034446952281230736
3.8389480088840044,0.001682077917326108
3.8407425057503355,0.0017944968663310412
3.841602302050648,0.0008597963003125209
3.843580661305629,0.0019783592549811324
3.8444692393989213,0.000888578093292125
3.8455808047523026,0.0011115653533813052
3.845710711422412,0.00012990667010948087
3.845837119983268,0.00012640856085610608
3.845840428306473,3.308323204720409e-06
3.845975260279642,0.00013483197316910278
3.8460891075026056,0.00011384722296359229
3.8478170153393205,0.001727907836714948
3.852126713000821,0.004309697661500689
3.852431486635625,0.0003047736348036345
3.8560471868745103,0.0036157002388854664
3.857166399728369,0.001119212853858631
3.857286725737993,0.00012032600962408324
3.8581969074541838,0.0009101817161907277
3.858383879051004,0.0001869715968201291
3.8589778581403675,0.0005939790893636498
3.859238660424477,0.00026080228410929607
3.8599615739579183,0.0007229135334414494
3.861196506056743,0.001234932098824526
3.86178715826136,0.0005906522046172924
3.862126460431011,0.00033930216965094573
3.863522414326669,0.001395953895658053
3.8639512138680656,0.00042879954139651844
3.867195568531187,0.0032443546631215625
3.86747348969537,0.0002779211641827928
3.8677016167422056,0.00022812704683561336
3.868518534897273,0.0008169181550674587
3.8691673913205555,0.0006488564232824956
3.86999343032864,0.0008260390080843116
3.8716501123224463,0.0016566819938064192
3.8727363171737297,0.0010862048512834122
3.873173572439021,0.0004372552652913697
3.8744906123766816,0.0013170399376605246
3.8762488155852015,0.0017582032085199373
3.8764907905223445,0.00024197493714295248
3.8782772809077195,0.0017864903853750391
3.8789355580750926,0.0006582771673731003
3.8829135349379533,0.0039779768628607215
3.8839825141428355,0.0010689792048821367
3.884606264998677,0.0006237508558415428
3.8873167752664686,0.002710510267791566
3.887337762274534,2.0987008065631585e-05
3.8873475334652507,9.77119071654542e-06
3.887909528552792,0.0005619950875410673
3.888872208698858,0.0009626801460660417
3.889249562865455,0.0003773541665972324
3.8896895057194825,0.0004399428540273753
3.8906748380358867,0.000985332316404186
3.8908585485806344,0.0001837105447477505
3.8914674315049846,0.0006088829243502403
3.8922924688114726,0.0008250373064879746
3.8947548201774502,0.002462351365977611
3.8951010457166464,0.0003462255391961655
3.8952821538188234,0.00018110810217697448
3.8990451602557017,0.0037630064368783245
3.8993315435292053,0.0002863832735036098
3.8996072802867205,0.0002757367575152436
3.899776142572585,0.00016886228586443508
3.9034014527835765,0.0036253102109915503
3.9043250806049006,0.0009236278213240467
3.905318792609664,0.0009937120047633918
3.9067089015939853,0.0013901089843213477
3.9069973712743735,0.00028846968038820364
3.9082415616343398,0.0012441903599662574
3.9083625068766197,0.00012094524227990178
3.9084446060626803,8.20991860606135e-05
3.9093311117510776,0.000886505688397321
3.9110492778550734,0.0017181661039957774
3.9124615719967584,0.0014122941416849777
3.913691453204853,0.0012298812080944188
3.917051687079775,0.003360233874922347
3.9173349104719395,0.00028322339216435566
3.9195736092524633,0.002238698780523851
3.9210960493417897,0.001522440089326338
3.9225681601679754,0.0014721108261857019
3.924535832918788,0.0019676727508124436
3.924680430681612,0.00014459776282427228
3.9256400592659775,0.0009596285843653796
3.9263175611214987,0.0006775018555211787
3.9270911264781896,0.0007735653566909306
3.929772327679145,0.0026812012009553854
3.9297941636046563,2.183592551130431e-05
3.9308052081913503,0.0010110445866939877
3.9311963734390862,0.0003911652477359695
3.93250796601458,0.0013115925754938473
3.93398415096695,0.0014761849523701187
3.93518756219927,0.0012034112323195956
3.935246403830241,5.884163097125139e-05
3.935745486254012,0.0004990824237709468
3.9380652556119182,0.0023197693579062317
3.9415458426881136,0.003480587076195363
3.9436112607116325,0.0020654180235188946
3.944271216217028,0.0006599555053954376
3.947505829990678,0.0032346137736500857
3.9477996112511606,0.0002937812604826284
3.9484067173758737,0.0006071061247130416
3.948480524343365,7.380696749148541e-05
3.9497099913390996,0.0012294669957344517
3.9508980940198275,0.0011881026807278872
3.951805364412691,0.000907270392863424
3.9519532104770967,0.00014784606440576553
3.9525073311515624,0.0005541206744656968
3.952742833684453,0.00023550253289039702
3.9527804797428674,3.7646058414608774e-05
3.952795293271881,1.4813529013668614e-05
3.9529689274796045,0.00017363420772342764
3.954224664448186,0.0012557369685817221
3.95451804349537,0.00029337904718396146
3.9548018295655565,0.0002837860701863093
3.95629115785531,0.0014893282897534554
3.956680362623414,0.0003892047681040012
3.956707771722803,2.7409099389252845e-05
3.9571697056061765,0.0004619338833733444
3.959406407376866,0.0022367017706894643
3.9596768386455983,0.0002704312687322741
3.9603467492818543,0.0006699106362559881
3.9622603231371274,0.0019135738552731318
3.964044487306861,0.001784164169733593
3.967443658039159,0.003399170732298007
3.9695586526187387,0.0021149945795797542
3.9707241784992577,0.0011655258805189916
3.974982687459122,0.004258508959864127
3.976652238561355,0.0016695511022333243
3.9787095536428096,0.0020573150814544583
3.980985983100817,0.002276429458007545
3.9811483860174857,0.0001624029166684693
3.981563222104454,0.0004148360869682399
3.982286800584501,0.0007235784800472267
3.984434290262369,0.002147489677867931
3.9844873168836235,5.3026621254392836e-05
3.986367172295184,0.0018798554115604382
3.9878471462637752,0.0014799739685913416
3.988132174465579,0.0002850282018038719
3.98895367008289,0.00082149561731093
3.990277685453549,0.0013240153706588487
3.990418824513802,0.00014113906025325917
3.9907469934931834,0.00032816897938126033
3.9917342229836117,0.0009872294904282874
3.993633596355889,0.001899373372277413
3.9958219707121723,0.0021883743562831626
3.99655370750934,0.0007317367971677591
3.9965992376435344,4.553013419439367e-05
3.9971302768575456,0.0005310392140112086
3.9982076914662925,0.001077414608746885
4.000902665401636,0.0026949739353434587
4.001880773234884,0.000978107833248032
4.002229866617159,0.0003490933822751785
4.005105008453952,0.002875141836792494
4.005258356899821,0.0001533484458695611
4.005311699089188,5.334218936692281e-05
4.006070143989592,0.0007584449004038873
4.006258675281015,0.00018853129142293312
4.008437159340265,0.002178484059250252
4.009534799300148,0.00109763995988299
4.009563474689128,2.8675388979770844e-05
4.00982538994853,0.00026191525940166827
4.011692172365087,0.0018667824165570224
4.014226324404369,0.0025341520392823114
4.015705216560723,0.0014788921563537727
4.016591667363286,0.0008864508025636653
4.018298093309111,0.0017064259458248188
4.019022557868466,0.0007244645593544874
4.019549714236047,0.0005271563675810498
4.020834364575558,0.0012846503395111952
4.026148223791595,0.005313859216037109
4.03025249822641,0.004104274434815203
4.0304059288801,0.0001534306536896679
4.031356056131193,0.0009501272510927805
4.033664241921489,0.0023081857902962355
4.039287088212012,0.005622846290522787
4.040867670761719,0.0015805825497068327
4.041217056725782,0.000349385964063309
4.043447890410569,0.002230833684786937
4.045640094260911,0.0021922038503419117
4.047421567433854,0.0017814731729428601
4.048044307053941,0.0006227396200877422
4.048245732270482,0.00020142521654076262
4.0497256514954945,0.0014799192250123383
4.051509824251699,0.0017841727562046827
4.05501898088849,0.0035091566367908555
4.055171515646442,0.00015253475795162785
4.056606124471311,0.0014346088248693434
4.057961358051818,0.0013552335805071536
4.059266239576721,0.0013048815249030454
4.060382239011609,0.0011159994348881597
4.0604418577884145,5.961877680515926e-05
4.061282147103272,0.0008402893148575785
4.0616153060971865,0.0003331589939143953
4.062401205058339,0.0007858989611522205
4.0647441536587605,0.0023429486004218347
4.064766309104965,2.2155446204763507e-05
4.067975821813473,0.003209512708507667
4.068819390706589,0.0008435688931163199
4.0696866906992915,0.0008672999927021863
4.070225105974666,0.0005384152753746818
4.072638948053698,0.002413842079032058
4.0752179821977,0.002579034144002179
4.0772869354872,0.002068953289499298
4.078492692893402,0.0012057574062023235
4.078691728510904,0.00019903561750211907
4.079018390763012,0.00032666225210764566
4.082523804954409,0.0035054141913972714
4.0826078503271095,8.404537270045864e-05
4.084205665332141,0.0015978150050317552
4.084575436566107,0.0003697712339656434
4.085089486050107,0.0005140494839999121
4.086338412280268,0.0012489262301613735
4.086921147537246,0.0005827352569776068
4.089033533531901,0.0021123859946552415
4.091528214302898,0.0024946807709973484
4.093077633077851,0.0015494187749522936
4.094670488862951,0.0015928557851001557
4.094708666442284,3.817757933344268e-05
4.09913756899003,0.00442890254774575
4.100772445981756,0.0016348769917255979
4.105723529462678,0.004951083480922769
4.107381124884559,0.0016575954218804867
4.108334241955666,0.0009531170711074566
4.110357748782668,0.0020235068270020307
4.1106360541618345,0.00027830537916617715
4.112041517104977,0.001405462943142588
4.112134500047427,9.298294244963756e-05
4.112303416666411,0.00016891661898466026
4.1177190180778,0.0054156014113884154
4.12077950628704,0.0030604882092397645
4.121094025672395,0.00031451938535553836
4.121426579466371,0.0003325537939762313
4.121526601192616,0.00010002172624457017
4.124937151769544,0.00341055057692774
4.125652201491619,0.000715049722074923
4.126316009510436,0.0006638080188174911
4.12895170233669,0.002635692826253866
4.1304768633917,0.0015251610550102157
4.1306966161855785,0.00021975279387831392
4.131413946048583,0.0007173298630043234
4.13191496081341,0.0005010147648274454
4.133839509498964,0.0019245486855536953
4.1353590216877505,0.0015195121887865426
4.136626134681993,0.0012671129942427584
4.1367715342714915,0.00014539958949821852
4.136921734179231,0.00015019990773978975
4.137800089738102,0.0008783555588705028
4.138421462549711,0.0006213728116089001
4.13905887569565,0.0006374131459390142
4.1394548439507295,0.0003959682550798149
4.140342979034379,0.0008881350836498214
4.14057763339765,0.00023465436327096967
4.141979092435447,0.0014014590377966485
4.143104350089003,0.0011252576535563108
4.1473977646035465,0.004293414514543237
4.149916674774393,0.002518910170846489
4.150661948003525,0.0007452732291319819
4.151196662104008,0.0005347141004827805
4.151494074601227,0.00029741249721926266
4.1515011439653975,7.0693641704977495e-06
4.15161667768236,0.00011553371696226833
4.153978773225015,0.002362095542655318
4.15555866372072,0.0015798904957051718
4.1612538588906345,0.005695195169914236
4.162006483005774,0.0007526241151394331
4.163765414836078,0.0017589318303041779
4.165606300453577,0.0018408856174989552
4.16736478849502,0.0017584880414425186
4.167970640923566,0.0006058524285466049
4.168305071456522,0.00033443053295556524
4.170770738267455,0.00246566681093352
4.172912328743202,0.0021415904757464688
4.173122512126012,0.0002101833828103139
4.176351563313373,0.003229051187361165
4.177604601063414,0.0012530377500405976
4.178755744111502,0.0011511430480881657
4.179094340821277,0.00033859670977509637
4.181239287079096,0.002144946257819136
4.182145791732199,0.0009065046531029353
4.182734278738816,0.0005884870066168446
4.183491742798072,0.00075746405925603
4.185691341442275,0.002199598644202716
4.18577922281665,8.788137437498733e-05
4.186183050968265,0.00040382815161521535
4.186819006443894,0.000635955475629224
4.187282454532125,0.0004634480882312886
4.188434744059414,0.0011522895272886302
4.189226995735267,0.0007922516758531728
4.189805677314767,0.0005786815794994737
4.190191610444497,0.00038593312973045357
4.19024548491183,5.387446733262635e-05
4.191239794369324,0.0009943094574937916
4.194610569010816,0.003370774641492602
4.195259450258805,0.0006488812479892303
4.198420423397296,0.0031609731384909523
4.199450028990269,0.0010296055929730485
4.203075163505086,0.003625134514816608
4.20312241321692,4.724971183378557e-05
4.205230998490636,0.002108585273716379
4.208647836483223,0.003416837992586963
4.209106796424369,0.00045895994114619754
4.20921674789704,0.00010995147267056637
4.21008549247863,0.0008687445815898087
4.211717951813617,0.0016324593349876793
4.211797885621466,7.993380784832027e-05
4.211993481293837,0.0001955956723715957
4.2164079284805,0.004414447186662507
4.2176260814822815,0.00121815300178163
4.221201404824124,0.00357532334184274
4.222866361069503,0.001664956245378768
4.224745947339564,0.0018795862700606847
4.226632797598543,0.0018868502589795
4.227512122683682,0.0008793250851386603
4.233150494237335,0.005638371553652988
4.235128107311961,0.0019776130746258502
4.2353812507694615,0.00025314345750082623
4.239579949068861,0.004198698299399339
4.240166941611327,0.0005869925424661915
4.24168567130998,0.0015187296986534093
4.244639144570567,0.002953473260586925
4.246000323063282,0.0013611784927149984
4.246432882745871,0.0004325596825882627
4.247866214921609,0.0014333321757380446
4.248607571278243,0.000741356356634526
4.249701214529796,0.0010936432515524785
4.249820956657038,0.000119742127242084
4.250911577483587,0.0010906208265488715
4.251104263707801,0.0001926862242145333
4.251364362922323,0.00026009921452185836
4.254045910576401,0.0026815476540775762
4.2561150343627405,0.0020691237863399436
4.257980071912971,0.001865037550230042
4.258661137229743,0.0006810653167725889
4.260769825413293,0.0021086881835499227
4.2625333552954805,0.0017635298821874201
4.262943142317158,0.00040978702167748793
4.266348723143491,0.003405580826332688
4.266521810082504,0.00017308693901352257
4.266607371676443,8.556159393879881e-05
4.267134066988953,0.0005266953125095952
4.2684967813472,0.0013627143582475298
4.270963818876169,0.0024670375289685964
4.271592859509372,0.0006290406332034593
4.271842681102938,0.00024982159356579103
4.27258599888256,0.0007433177796221102
4.272890950096063,0.0003049512135024912
4.27338449293165,0.0004935428355876681
4.275263266504493,0.001878773572842718
4.27567835627213,0.00041508976763715566
4.281431207023549,0.005752850751418848
4.281604627437732,0.00017342041418277887
4.283848190386325,0.002243562948593514
4.284809840701079,0.0009616503147533706
4.285671888576575,0.0008620478754961525
4.287840123611435,0.0021682350348601886
4.288110604675205,0.0002704810637697008
4.2881710206606565,6.0415985451811594e-05
4.288875084621436,0.0007040639607795995
4.292443523000063,0.0035684383786271923
4.2925261327508295,8.260975076623822e-05
4.292986185077309,0.0004600523264794987
4.296872447019701,0.003886261942391833
4.298365417848027,0.0014929708283260013
4.299717983343116,0.0013525654950887755
4.300512556274776,0.0007945729316602979
4.306493827354689,0.0059812710799134194
4.308522650689198,0.0020288233345082674
4.310891432263668,0.002368781574470624
4.313462588659743,0.0025711563960744144
4.314471701015057,0.0010091123553142012
4.316040818365206,0.0015691173501490852
4.316707179086724,0.0006663607215182665
4.317446359623756,0.0007391805370318139
4.318496929766748,0.0010505701429917025
4.319838826429188,0.001341896662440334
4.320086897596658,0.0002480711674701652
4.324807268845018,0.004720371248359889
4.326220152355007,0.0014128835099889159
4.330519483799764,0.004299331444756582
4.331597996301858,0.001078512502094675
4.3326070273621795,0.0010090310603212416
4.333077202498906,0.0004701751367264251
4.334193558774191,0.0011163562752853906
4.335632513735071,0.001438954960879535
4.335965930150953,0.0003334164158825814
4.336194119488194,0.00022818933724089163
4.336556661998822,0.000362542510627506
4.3383745382930385,0.0018178762942167026
4.340550857229303,0.0021763189362644653
4.341264617095714,0.000713759866410868
4.34547281597922,0.00420819888350632
4.347982927571206,0.002510111591985442
4.348028073939828,4.514636862218424e-05
4.349083674490686,0.0010556005508579602
4.352955868380478,0.003872193889792541
4.3541649348501625,0.0012090664696842168
4.354854214260867,0.0006892794107047351
4.355404115617769,0.0005499013569014721
4.360830320462615,0.0054262048448459055
4.362194728421511,0.0013644079588965852
4.3641111122798355,0.0019163838583242665
4.364247858546241,0.00013674626640547416
4.364485175846397,0.00023731730015619235
4.369437547932367,0.0049523720859694365
4.372730962617002,0.0032934146846352874
4.372988919153477,0.00025795653647531225
4.373048061529449,5.914237597171024e-05
4.3734299914373,0.0003819299078511307
4.374283746038932,0.0008537546016320618
4.375312316651365,0.0010285706124326666
4.377386790667889,0.0020744740165241637
4.378477911813371,0.0010911211454818215
4.379052005238166,0.0005740934247953078
4.385067247858434,0.006015242620267536
4.385648563954082,0.0005813160956487096
4.387310042810806,0.0016614788567235195
4.388022287908621,0.0007122450978149786
4.3881564276082425,0.000134139699621727
4.388359314554191,0.00020288694594849943
4.388489419062749,0.00013010450855777123
4.3903850906193576,0.0018956715566087468
4.392321384411856,0.001936293792498489
4.393122251893843,0.0008008674819866002
4.393197582324921,7.533043107876836e-05
4.3979654044488825,0.004767822123961096
4.398979148120675,0.0010137436717920778
4.401359754565455,0.00238060644478022
4.40207705028284,0.0007172957173855465
4.403956633990072,0.0018795837072316246
4.405102733699316,0.0011460997092438419
4.406071349116941,0.0009686154176256068
4.406381089339232,0.00030974022229024456
4.412141643248024,0.005760553908792154
4.412648537696488,0.0005068944484643012
4.415198265675739,0.0025497279792512373
4.415661583874028,0.00046331819828893117
4.417687431686275,0.002025847812246795
4.417820353969276,0.00013292228300088027
4.422200290762894,0.004379936793617922
4.424723143385542,0.002522852622647953
4.430248474013023,0.005525330627481395
4.43083604097674,0.000587566963717201
4.435180499100145,0.004344458123404671
4.437139812667565,0.0019593135674202955
4.440451271657443,0.0033114589898772806
4.4406239452987215,0.0001726736412788199
4.440803960080513,0.00018001478179119346
4.442822265480108,0.0020183053995950218
4.4431486734933365,0.0003264080132288072
4.4432943094175394,0.0001456359242029137
4.443611232304141,0.0003169228866015672
4.443794005814961,0.00018277351082041093
4.445978977526424,0.002184971711462147
4.446546236633707,0.000567259107283391
4.450632756015493,0.004086519381785614
4.4564033824325495,0.0057706264170569455
4.456689876681307,0.0002864942487574851
4.458835390272845,0.0021455135915378065
4.459185742520036,0.0003503522471914877
4.460096583381306,0.0009108408612696905
4.460384333400813,0.00028775001950709367
4.461440212590812,0.0010558791899990538
4.469339316115109,0.007899103524296791
4.470459769256928,0.0011204531418194108
4.470504025228978,4.4255972049711545e-05
4.471505759878483,0.0010017346495052593
4.472295080833788,0.0007893209553042624
4.4788488082169176,0.006553727383129981
4.4795914167425,0.0007426085255826109
4.47993927497195,0.0003478582294498267
4.484839191088406,0.004899916116455572
4.485143169133694,0.0003039780452880336
4.488381361759006,0.0032381926253126636
4.489226732869869,0.0008453711108629136
4.489237587979706,1.0855109836782617e-05
4.489489759738961,0.000252171759255404
4.490920300794866,0.0014305410559050102
4.491197385887837,0.0002770850929705304
4.492764950448572,0.0015675645607347022
4.495433376363549,0.0026684259149769574
4.496447479293891,0.0010141029303420979
4.498922683440287,0.002475204146396237
4.499055083719092,0.00013240027880545568
4.499236594457696,0.0001815107386038406
4.499890923914446,0.0006543294567498137
4.50118039450453,0.0012894705900841075
4.503650060788749,0.002469666284218519
4.503771499737725,0.00012143894897675978
4.511866944498581,0.008095444760855663
4.512178311934511,0.00031136743592963256
4.5138610662340835,0.001682754299572764
4.515512168961895,0.0016511027278118817
4.5213587410813,0.005846572119404314
4.525229476136835,0.00387073505553559
4.525712974841198,0.00048349870436315
4.525954987017638,0.0002420121764394878
4.526400422722647,0.00044543570500898966
4.527996516137569,0.0015960934149221728
4.533949355778228,0.005952839640658958
4.535096275237735,0.0011469194595070675
4.538891407208059,0.003795131970323773
4.540791648510862,0.0019002413028035292
4.543885647368608,0.003093998857745639
4.545339342757195,0.001453695388587306
4.550633753510827,0.005294410753632128
4.551518009257719,0.000884255746891327
4.553096427825211,0.0015784185674920792
4.55568005918839,0.002583631363179073
4.555955118417913,0.0002750592295228671
4.5575561138482,0.0016009954302873552
4.557956211075049,0.00040009722684875015
4.558129570288339,0.00017335921329042492
4.558473027496404,0.0003434572080642795
4.567972618899119,0.009499591402715168
4.570719435954489,0.0027468170553701654
4.572937516252698,0.002218080298209024
4.573043367562871,0.00010585131017304406
4.574115992587462,0.0010726250245909341
4.575449468346456,0.0013334757589937851
4.576684047940916,0.0012345795944606053
4.581197627229983,0.004513579289066705
4.5813812721509155,0.00018364492093247975
4.5822948667336645,0.0009135945827489778
4.584375602036237,0.0020807353025729114
4.588243305011049,0.0038677029748113156
4.588677313279478,0.00043400826842887597
4.591120199841225,0.002442886561747848
4.591938054815517,0.0008178549742918761
4.592621456909693,0.0006834020941752783
4.593001450780005,0.0003799938703128447
4.597634261614643,0.004632810834637624
4.599767660940826,0.0021333993261825057
4.606349300294102,0.006581639353276714
4.606484212889129,0.00013491259502629305
4.606556001742215,7.178885308611882e-05
4.606646814456609,9.081271439459471e-05
4.6068555908820255,0.00020877642541616837
4.608176622660067,0.0013210317780414371
4.608385304143741,0.00020868148367370054
4.609351724453502,0.00096642030976124
4.615003077376859,0.0056513529233575
4.616793500654023,0.0017904232771632778
4.61705983118972,0.00026633053569735665
4.6173941481955225,0.0003343170058025535
4.618745893577764,0.001351745382241809
4.622565851058808,0.003819957481043801
4.623825640506409,0.0012597894476007454
4.624138212065895,0.0003125715594860523
4.624640485656945,0.0005022735910502618
4.626133822653286,0.0014933369963410215
4.627872450878005,0.00173862822471893
4.628311772634402,0.00043932175639671556
4.632959162166755,0.00464738953235333
4.635543181094599,0.0025840189278438785
4.6377225023766115,0.0021793212820124808
4.639043644732828,0.0013211423562164981
4.639315814509269,0.0002721697764407338
4.639583219867553,0.0002674053582838454
4.639831260052406,0.00024804018485369284
4.640228131727037,0.00039687167463053896
4.649115452134937,0.008887320407899857
4.651781379802478,0.002665927667541368
4.653110734921325,0.001329355118847353
4.653393513542762,0.0002827786214369965
4.655975149414488,0.0025816358717252186
4.659883586342059,0.003908436927571479
4.66085471929643,0.0009711329543709013
4.662663980872539,0.0018092615761089448
4.664879254250583,0.00221527337804428
4.66728129003029,0.002402035779706324
4.677630463336527,0.010349173306237525
4.682686846932105,0.00505638359557814
4.684241621102272,0.001554774170166695
4.684302979016924,6.135791465222695e-05
4.685651199595214,0.0013482205782899825
4.685935169281493,0.000283969686278418
4.68614849474276,0.00021332546126728857
4.688268588043449,0.0021200933006895184
4.696704509096841,0.008435921053391304
4.696707998036907,3.488940066631585e-06
4.698552572762361,0.0018445747254540734
4.699283116374566,0.0007305436122049258
4.699715536175424,0.00043241980085806375
4.700607747463418,0.0008922112879936606
4.70265110773863,0.002043360275211903
4.705019572450937,0.00236846471230745
4.705680522188045,0.0006609497371075079
4.707592981874464,0.0019124596864195098
4.708812123847496,0.0012191419730314124
4.7146088444770315,0.005796720629535734
4.724634289851315,0.010025445374283848
4.726200119390991,0.001565829539675434
4.7263998648948515,0.00019974550386070433
4.735308688310694,0.008908823415842093
4.736627986813985,0.0013192985032910443
4.736703221637926,7.52348239414502e-05
4.737093266288359,0.00039004465043301906
4.739453343532752,0.0023600772443925777
4.739782903658765,0.00032956012601292883
4.740747264614778,0.000964360956013266
4.742090591240859,0.001343326626081165
4.746198111760043,0.004107520519183616
4.746453508116684,0.00025539635664095783
4.747529815330053,0.0010763072133697094
4.749328110365077,0.0017982950350239335
4.753933011259694,0.004604900894616293
4.760211701844848,0.006278690585154401
4.760877168118534,0.0006654662736860217
4.763153399246633,0.002276231128099049
4.767958888373665,0.004805489127032381
4.7679849448885765,2.6056514911054762e-05
4.768035508145974,5.0563257397939765e-05
4.76889210881068,0.000856600664705276
4.771913165892859,0.003021057082179368
4.772360123239598,0.00044695734673894094
4.7729024481923625,0.0005423249527645169
4.775698500413024,0.0027960522206615934
4.776740817491512,0.0010423170784878977
4.777032981639656,0.0002921641481439252
4.777100477254704,6.749561504815205e-05
4.780425854790271,0.0033253775355666093
4.781709648413446,0.0012837936231751002
4.784742410489639,0.003032762076193407
4.78844058445305,0.003698173963410767
4.788673004770468,0.0002324203174177697
4.793079516342022,0.004406511571554361
4.794373976902929,0.0012944605609073179
4.79456092124941,0.00018694434648036662
4.798979245043229,0.004418323793819567
4.800221856304524,0.0012426112612944351
4.801135496344975,0.0009136400404514688
4.801478940294206,0.00034344394923113697
4.805647345623188,0.004168405328981883
4.809010988736983,0.0033636431137944456
4.811041160524342,0.002030171787358981
4.812769621857084,0.0017284613327426257
4.8160030277421795,0.003233405885095131
4.824008214743805,0.008005187001625558
4.824333895293836,0.0003256805500306825
4.82520054032512,0.0008666450312846408
4.826641877388878,0.0014413370637580414
4.827939563662471,0.0012976862735927241
4.83112717022104,0.0031876065585692004
4.831537969664799,0.0004107994437587692
4.833828211867395,0.0022902422025961044
4.8354742620052145,0.001646050137819266
4.836808823369777,0.0013345613645627807
4.837013373536976,0.00020455016719900243
4.839272891212976,0.0022595176759994118
4.8396730293122685,0.00040013809929284605
4.842377122816989,0.0027040935047208947
4.849145550723719,0.006768427906729713
4.850625996234921,0.0014804455112020776
4.856110461086475,0.005484464851553739
4.8562855336967115,0.00017507261023652632
4.856525650519904,0.00024011682319269312
4.858789476826307,0.002263826306402983
4.8594596066342755,0.0006701298079683227
4.859824058154399,0.00036445152012376525
4.861455725219447,0.0016316670650473597
4.862437151555542,0.0009814263360956588
4.864455257497297,0.0020181059417545555
4.864474957041276,1.9699543979179168e-05
4.866158932798583,0.0016839757573068326
4.867595930917496,0.0014369981189128467
4.870078272085395,0.002482341167898916
4.870660464447729,0.0005821923623345882
4.875413800089965,0.00475333564223579
4.877009206049557,0.0015954059595921777
4.880433055815462,0.0034238497659044853
4.884164485557847,0.003731429742385828
4.885615510322017,0.001451024764169695
4.893116779211775,0.007501268889757995
4.894758361343664,0.001641582131888697
4.900889545583208,0.006131184239544396
4.901360308410731,0.000470762827522897
4.905698317657662,0.004338009246930952
4.908706645395251,0.003008327737588523
4.911133839510248,0.0024271941149978105
4.913572642108924,0.002438802598675238
4.917711826556011,0.004139184447087274
4.918951603378841,0.001239776822830052
4.9198517183127395,0.0009001149338985215
4.921242163287768,0.00139044497502816
4.9229441009349255,0.0017019376471578695
4.9231230473213135,0.0001789463863879348
4.925488036145409,0.0023649888240955264
4.932589695397323,0.007101659251913972
4.938266475798815,0.00567678040149211
4.94132382654844,0.0030573507496249874
4.94177492952893,0.0004511029804898925
4.942219889949118,0.0004449604201877122
4.942498830272544,0.0002789403234260135
4.94294735612638,0.0004485258538364789
4.944026932633401,0.0010795765070206187
4.944488141008279,0.0004612083748778417
4.945779342024584,0.001291201016305088
4.946094646881247,0.00031530485666309005
4.946350390115624,0.0002557432343772703
4.946528292715024,0.00017790259939953756
4.948499730878119,0.001971438163095307
4.948856759173736,0.00035702829561667926
4.952455214560561,0.00359845538682535
4.953475685546364,0.0010204709858028238
4.956704236943968,0.003228551397604029
4.9603915511290015,0.003687314185033763
4.964813204736657,0.004421653607655784
4.972186521621149,0.007373316884491388
4.9732638846922805,0.0010773630711318205
4.974126744405921,0.0008628597136404181
4.975087172914872,0.0009604285089510611
4.977240398535502,0.002153225620629584
4.9781639479155775,0.0009235493800758832
4.983621536732756,0.005457588817178838
4.990403322872692,0.0067817861399355195
4.993818402207271,0.0034150793345792962
4.995045646549234,0.0012272443419627521
4.996239137252144,0.0011934907029100827
4.996349742477871,0.00011060522572670095
4.997104454399306,0.0007547119214352804
4.997499692249613,0.00039523785030670666
5.000156775249863,0.00265708300025036
5.000620822285402,0.00046404703553903914
5.006033956998404,0.005413134713001533
5.010854713721222,0.004820756722818231
5.01121063620094,0.0003559224797182736
5.0130302040333055,0.0018195678323653652
5.014297622452512,0.001267418419206301
5.01572822840684,0.0014306059543285343
5.016058493091429,0.0003302646845888546
5.016157228278521,9.8735187092025e-05
5.024088612230648,0.007931383952127113
5.030383947268591,0.006295335037942884
5.033216371752813,0.0028324244842217183
5.033453200322156,0.00023682856934303942
5.037564718542039,0.004111518219882981
5.038963090502172,0.001398371960132927
5.040890041967619,0.0019269514654469688
5.050234472584848,0.009344430617229449
5.051800744488516,0.0015662719036679817
5.055043447626754,0.0032427031382376015
5.056024434919058,0.000980987292304114
5.056630135520665,0.0006057006016071398
5.071993792706229,0.01536365718556354
5.075943841614118,0.00395004890788897
5.076212627628384,0.0002687860142662757
5.077090913989346,0.0008782863609617664
5.077861522212697,0.0007706082233509548
5.092189698235397,0.014328176022700312
5.093626409758546,0.001436711523148837
5.095573932160129,0.00194752240158369
5.0962137043773845,0.0006397722172550857
5.100194471805857,0.003980767428472198
5.110145912098822,0.009951440292965685
5.1102176905977155,7.177849889306032e-05
5.110379272158241,0.0001615815605253701
5.111126432599903,0.0007471604416622313
5.115205841257743,0.004079408657839956
5.122410496097125,0.007204654839381597
5.12502352121249,0.0026130251153650974
5.125407909509295,0.00038438829680487174
5.127886583767659,0.002478674258364677
5.136059179950612,0.008172596182952852
5.138279340147643,0.0022201601970310847
5.145087533445865,0.0068081932982213544
5.145636725316816,0.000549191870951482
5.148967024444729,0.003330299127912717
5.151161991974816,0.0021949675300874105
5.154673556466387,0.003511564491570418
5.161835858168184,0.0071623017017969914
5.163412133069933,0.001576274901749386
5.164029094396925,0.0006169613269921825
5.16749806900113,0.003468974604205144
5.170076543682646,0.002578474681516063
5.17097738359764,0.0009008399149932345
5.174451010939929,0.0034736273422897312
5.1749176328505735,0.0004666219106441716
5.18369657856176,0.008778945711186203
5.184868578295811,0.0011719997340513544
5.1855090446752925,0.0006404663794814525
5.188534029706184,0.003024985030891436
5.1898848020005985,0.0013507722944146039
5.191372569711201,0.001487767710602661
5.194417319279804,0.0030447495686027892
5.196438753990181,0.002021434710377079
5.197794579951587,0.001355825961406154
5.199113402017743,0.0013188220661559669
5.200285624896724,0.0011722228789805555
5.2003402370603915,5.4612163667755453e-05
5.203479937848262,0.003139700787870403
5.204793359396978,0.001313421548716498
5.206487205027049,0.0016938456300703564
5.212235241041014,0.005748036013965674
5.212765769334257,0.0005305282932424049
5.216459241226795,0.003693471892538547
5.217486894118762,0.0010276528919668237
5.2175126540401875,2.5759921425283494e-05
5.219697233304998,0.0021845792648100826
5.2222098928962435,0.0025126595912459138
5.222288960155844,7.906725960094008e-05
5.22359360165616,0.0013046415003152845
5.2256883900325235,0.0020947883763637876
5.226570151796216,0.0008817617636927011
5.2288655420703805,0.002295390274164255
5.232348484783,0.003482942712619952
5.2343396259362445,0.001991141153244058
5.237618246691114,0.003278620754869621
5.238415023738669,0.0007967770475545422
5.245246084655063,0.006831060916394627
5.245917092214451,0.0006710075593874265
5.2477562657410495,0.0018391735265987919
5.249845160020037,0.0020888942789873965
5.251564468617755,0.0017193085977185163
5.260144594854915,0.008580126237159647
5.262935833378868,0.0027912385239527993
5.263267762148975,0.00033192877010712607
5.264117207052476,0.0008494449035012508
5.267148529280201,0.003031322227724509
5.269151558124366,0.0020030288441654776
5.275134079813746,0.0059825216893800715
5.2775384849147455,0.002404405100999263
5.278626589402873,0.0010881044881276836
5.279799935639977,0.001173346237103523
5.280408745989176,0.0006088103491990182
5.283680176043909,0.00327143005473296
5.28610162829483,0.0024214522509211633
5.287022176699449,0.0009205484046193035
5.294612845394406,0.007590668694956726
5.295088573186715,0.0004757277923088665
5.298829724814551,0.003741151627836281
5.299343077437296,0.0005133526227449892
5.300991476325166,0.0016483988878697176
5.305738978251675,0.004747501926509301
5.308624455945621,0.0028854776939457594
5.310129679826336,0.0015052238807156115
5.313983199691722,0.003853519865385735
5.314810923730952,0.0008277240392295937
5.3197196378945275,0.004908714163575745
5.32194694040525,0.002227302510722673
5.3221856223713235,0.0002386819660733508
5.3233398707551665,0.0011542483838429263
5.324277445004803,0.0009375742496366968
5.3297445209045105,0.005467075899707297
5.332483638584397,0.002739117679886327
5.334078307034626,0.001594668450229264
5.33459011798452,0.0005118109498942758
5.337310464615059,0.0027203466305385504
5.3373506070132875,4.014239822858201e-05
5.33785469606581,0.0005040890525229713
5.342392226931265,0.00453753086545472
5.345296325409288,0.002904098478023087
5.347641791486481,0.0023454660771928815
5.347717798015634,7.600652915318307e-05
5.353582599008281,0.005864800992646302
5.362186992405549,0.008604393397268595
5.365008034515923,0.002821042110373817
5.368230167782305,0.003222133266381988
5.3709797323727235,0.0027495645904185295
5.378597222748218,0.00761749037549464
5.379071954727819,0.00047473197960101743
5.380329401052375,0.001257446324555822
5.381376671570743,0.0010472705183683928
5.383434779486716,0.00205810791597294
5.388862793599759,0.005428014113042501
5.39120418902682,0.0023413954270612436
5.397140760886822,0.005936571860002182
5.398206990264392,0.0010662293775700604
5.398255164924295,4.8174659903033046e-05
5.401860809593375,0.003605644669079311
5.405667087705527,0.0038062781121519507
5.406664000014853,0.0009969123093265253
5.407469168386134,0.0008051683712810842
5.4102595840341765,0.002790415648042277
5.41785841668633,0.00759883265215322
5.420661416646594,0.0028029999602638966
5.4277012207530895,0.0070398041064958505
5.428276469318961,0.0005752485658714335
5.430129723885942,0.0018532545669813771
5.43075708018427,0.0006273562983274417
5.431110809934683,0.00035372975041347843
5.4351038052949585,0.003992995360275309
5.436180881941998,0.0010770766470393767
5.441591239957073,0.005410358015074834
5.444625808866805,0.0030345689097321937
5.445143317983106,0.00051750911630144
5.446075498153796,0.0009321801706896338
5.446508621086889,0.0004331229330931663
5.452038078460964,0.005529457374074731
5.454119852147429,0.002081773686464672
5.457892056040185,0.003772203892756565
5.459692645507167,0.0018005894669821387
5.463993713748031,0.004301068240863515
5.464585410863399,0.0005916971153681061
5.469151382515009,0.004565971651610212
5.469583149113861,0.0004317665988518016
5.471356553755946,0.0017734046420851968
5.476414397633375,0.005057843877429136
5.478501675412208,0.0020872777788323305
5.479591134950564,0.0010894595383561523
5.480804625099077,0.001213490148513685
5.482094809361237,0.0012901842621593218
5.4831700373171275,0.0010752279558907674
5.483347031298697,0.00017699398156967305
5.49615325286634,0.012806221567642773
5.501180806500207,0.005027553633866866
5.501738155452323,0.0005573489521157882
5.504923084748078,0.00318492929575509
5.5076995011698555,0.0027764164217778387
5.5100718815488845,0.002372380379028982
5.510508341716118,0.00043646016723375425
5.51371290557159,0.0032045638554718536
5.514336290447925,0.0006233848763352867
5.52121623630034,0.006879945852414693
5.5212248991382,8.66283785949662e-06
5.5234759908292315,0.0022510916910318812
5.523736929076771,0.0002609382475391442
5.527981940181258,0.004245011104487162
5.535093959333443,0.007112019152184956
5.53527569476137,0.00018173542792698782
5.535764729114249,0.0004890343528796137
5.536006166868499,0.00024143775424967373
5.537923049125917,0.001916882257417818
5.549978809376156,0.012055760250238912
5.5605511522766085,0.010572342900452725
5.562426820416911,0.0018756681403022668
5.562472008105687,4.5187688776593404e-05
5.56405595091896,0.0015839428132728983
5.564315929625065,0.0002599787061043912
5.579474701379965,0.015158771754900435
5.58224453011945,0.0027698287394848364
5.5881427158227766,0.005898185703326675
5.590086152587862,0.001943436765085238
5.590260229108535,0.00017407652067280566
5.59046542196462,0.0002051928560851124
5.599832994310241,0.009367572345621689
5.599949238978255,0.00011624466801318789
5.604166819124073,0.004217580145818189
5.606425954122908,0.0022591349988347886
5.607531267483995,0.0011053133610872123
5.608076960499712,0.0005456930157174966
5.616797583351764,0.008720622852051996
5.623727513402953,0.006929930051188471
5.634481297716464,0.010753784313511261
5.636937013309852,0.002455715593388419
5.643557452872119,0.006620439562266434
5.643814450090259,0.00025699721814032017
5.644452451413445,0.0006380013231854775
5.649253724905677,0.004801273492232028
5.654238237818001,0.00498451291232449
5.6546165813724745,0.0003783435544733038
5.656460985949601,0.001844404577126646
5.659201309790736,0.00274032384113454
5.66047534832697,0.001274038536234201
5.666116792728901,0.0056414444019310395
5.6704624847184455,0.004345691989544598
5.6728546298137505,0.002392145095305054
5.675714501742654,0.002859871928903246
5.677395366889668,0.0016808651470139324
5.68087984375293,0.0034844768632620315
5.694959202228173,0.014079358475242998
5.695078153480851,0.00011895125267802342
5.697094782572263,0.002016629091412092
5.698384958231016,0.0012901756587533342
5.705958294016046,0.007573335785029833
5.706528824093285,0.000570530077238729
5.710500344721348,0.003971520628063274
5.713860393389939,0.0033600486685907427
5.719675076606561,0.00581468321662193
5.722041235403295,0.0023661587967342967
5.727715690613264,0.005674455209969231
5.731131906563321,0.003416215950056589
5.735628256922925,0.004496350359604051
5.736664785981725,0.0010365290588003617
5.741100747914354,0.004435961932628629
5.7466713312605595,0.0055705833462056376
5.746926407608361,0.00025507634780108646
5.753355376596557,0.006428968988196004
5.75874456690959,0.005389190313032977
5.76223538129732,0.0034908143877308007
5.765061171532851,0.0028257902355308673
5.767313574087682,0.0022524025548307236
5.771304936931208,0.00399136284352597
5.772035159943144,0.0007302230119359265
5.77430963876919,0.0022744788260462556
5.776471025333962,0.002161386564772272
5.781204999692714,0.00473397435875178
5.781787076175398,0.0005820764826838243
5.786748983479379,0.00496190730398105
5.788352358598039,0.0016033751186599332
5.7883988586643556,4.650006631656822e-05
5.790032386946018,0.001633528281662855
5.791049435646663,0.0010170487006444517
5.799005166431496,0.00795573078483347
5.807838896777211,0.008833730345714663
5.814480365015605,0.006641468238393955
5.816683917723202,0.0022035527075967565
5.827067412308797,0.01038349458559562
5.831838052088058,0.004770639779260399
5.834227423370553,0.0023893712824953894
5.835280775468617,0.0010533520980642308
5.845279770038868,0.009998994570250552
5.853545661482455,0.008265891443587137
5.853891104730997,0.00034544324854213215
5.854902587820408,0.0010114830894112359
5.859191944401725,0.004289356581316461
5.863909191273054,0.004717246871329017
5.865047574949407,0.0011383836763529942
5.865049202734772,1.6277853651658347e-06
5.867137709737648,0.0020885070028757724
5.868667022277355,0.0015293125397075613
5.876162722516411,0.007495700239055658
5.883795935485841,0.00763321296942987
5.886256653616632,0.002460718130791406
5.8915710840002795,0.005314430383647206
5.891663199913254,9.211591297475508e-05
5.8927518057291515,0.0010886058158972034
5.90896186052891,0.016210054799758566
5.913308766368637,0.004346905839726745
5.915628156243501,0.0023193898748639086
5.920073164844111,0.004445008600610478
5.9208784596042845,0.0008052947601733251
5.921625903539994,0.0007474439357091356
5.935317763861875,0.013691860321880966
5.938415954614254,0.0030981907523797148
5.942204249455565,0.003788294841310602
5.95070486409415,0.008500614638585091
5.954574711050259,0.0038698469561087023
5.956015619433113,0.0014409083828539337
5.961003104466715,0.004987485033602468
5.9636587009169455,0.002655596450230391
5.9651386358903835,0.001479934973438013
5.9652404439067634,0.00010180801637993397
5.969576937170154,0.004336493263390473
5.976786528148496,0.007209590978342284
5.985645883105885,0.008859354957388987
5.989857423987861,0.004211540881975395
5.990826350966834,0.0009689269789729948
5.994818430445603,0.003992079478769561
5.99867628410868,0.0038578536630771154
5.999249869691269,0.0005735855825887981
6.004862162995884,0.005612293304614546
6.011680781720041,0.006818618724157233
6.013959077517192,0.0022782957971507756
6.019697710241358,0.005738632724166415
6.022215500801206,0.00251779055984791
6.030136638565601,0.00792113776439507
6.033569104807476,0.0034324662418754315
6.0491700028004285,0.015600897992952056
6.054816996987481,0.005646994187052279
6.0616023021114875,0.0067853051240067686
6.063899885444939,0.002297583333451314
6.064558118072461,0.0006582326275221817
6.0665775580965,0.0020194400240391985
6.069980139518433,0.0034025814219331707
6.081248657038558,0.01126851752012481
6.08524717489415,0.003998517855591466
6.097845313607804,0.01259813871365445
6.101325074160483,0.0034797605526790676
6.107522652178358,0.006197578017874683
6.111433175312829,0.0039105231344711555
6.120862890108626,0.009429714795796684
6.12578952044956,0.004926630340934324
6.131068869902528,0.005279349452967708
6.133499386311697,0.0024305164091691367
6.135137628767885,0.0016382424561882658
6.138623856602152,0.003486227834266664
6.141387633401915,0.002763776799763029
6.142148688578548,0.00076105517663283
6.142792371020345,0.0006436824417974663
6.146530895656186,0.0037385246358407898
6.147525011072329,0.0009941154161428045
6.153054227326288,0.005529216253958857
6.153709256544185,0.000655029217897507
6.163873407272686,0.010164150728501298
6.1656462432278145,0.0017728359551281159
6.175480285089084,0.009834041861269682
6.181592590252008,0.006112305162924159
6.189665380760275,0.008072790508266259
6.191086507737129,0.001421126976854481
6.193084959243148,0.001998451506018739
6.193695039178566,0.000610079935418284
6.200500251137182,0.006805211958615942
6.2105544439331455,0.010054192795963424
6.217090593664543,0.0065361497313976
6.225049494422134,0.007958900757590648
6.228014107912936,0.00296461349080257
6.243308918208185,0.015294810295248595
6.247078380458361,0.0037694622501760477
6.253539709861171,0.006461329402809746
6.270045137237759,0.01650542737658789
6.271639312669265,0.0015941754315065282
6.2973619841241435,0.025722671454878387
6.3140831547036855,0.016721170579542033
6.315216075656053,0.001132920952367833
6.315325674320013,0.00010959866395943152
6.321762586462409,0.006436912142396167
6.322857935012587,0.0010953485501783433
6.32722504208513,0.004367107072543064
6.333032102225251,0.005807060140120335
6.333641020830657,0.0006089186054065721
6.343247394939991,0.009606374109333515
6.346379010068884,0.0031316151288933725
6.3475488527632,0.0011698426943160811
6.360582249383524,0.013033396620323323
6.366241277068562,0.005659027685038787
6.367770901430415,0.0015296243618525551
6.369377511138167,0.0016066097077525043
6.370776765916528,0.001399254778360337
6.371503990841414,0.000727224924886194
6.371520879227029,1.6888385615310142e-05
6.37195440278896,0.0004335235619308264
6.379744029356113,0.007789626567152652
6.383204409029124,0.003460379673010827
6.391254885357134,0.008050476328010703
6.392696847984982,0.0014419626278474595
6.39341499292116,0.0007181449361786107
6.395844581348149,0.0024295884269882606
6.404511450455569,0.008666869107420538
6.405202678675784,0.0006912282202149456
6.410717507649258,0.005514828973473662
6.417036062634814,0.006318554985556446
6.428646785840148,0.011610723205333962
6.4347409314874975,0.006094145647349336
6.435388098126751,0.0006471666392533493
6.437063011067676,0.001674912940925033
6.437868836532644,0.0008058254649681018
6.442169029214464,0.004300192681820469
6.450527486382296,0.0083584571678319
6.451034785687735,0.000507299305438913
6.457232974009312,0.006198188321576481
6.45960727831726,0.0023743043079482717
6.4620026281702385,0.0023953498529785122
6.464646344109274,0.0026437159390351184
6.464781574961222,0.00013523085194844242
6.467926119591642,0.003144544630419688
6.474813869918805,0.006887750327162934
6.477417634274639,0.002603764355834315
6.4827732506669,0.005355616392260565
6.4883891328237695,0.005615882156869922
6.489417315600662,0.0010281827768920948
6.489666957800258,0.0002496421995967779
6.491512088149583,0.001845130349324542
6.496753129021667,0.005241040872084213
6.503455607539202,0.0067024785175346935
6.513269062460552,0.009813454921349773
6.517757573575264,0.004488511114712601
6.518850659156044,0.0010930855807798068
6.525294843684528,0.006444184528484165
6.534125768973446,0.008830925288918046
6.534856616922293,0.0007308479488470354
6.53945722506931,0.004600608147017127
6.5409309896762995,0.0014737646069891142
6.541637105345531,0.0007061156692316217
6.54316993652842,0.0015328311828888275
6.544727256751539,0.001557320223119163
6.554559060236689,0.00983180348514967
6.572575153073281,0.018016092836592
6.576989442566467,0.004414289493186452
6.581261898634553,0.004272456068085795
6.589610456062098,0.008348557427544812
6.592090865216491,0.0024804091543932927
6.606610108111861,0.014519242895369544
6.608201440731597,0.0015913326197365407
6.611435645604835,0.003234204873237445
6.616286184075394,0.0048505384705590515
6.618269192619465,0.0019830085440712963
6.623279282751468,0.005010090132002709
6.638957990876781,0.015678708125313356
6.640200676607663,0.0012426857308822647
6.6439754111899605,0.0037747345822971567
6.650627564000466,0.006652152810505463
6.658816149503965,0.008188585503498658
6.660140974347821,0.0013248248438566534
6.6643035264078865,0.004162552060065217
6.670371475597435,0.006067949189548116
6.670425055450322,5.357985288778622e-05
6.673064708487766,0.0026396530374439564
6.67419643484204,0.00113172635427361
6.693323645437704,0.01912721059566369
6.6947413175795845,0.0014176721418808214
6.694761556150335,2.0238570750841234e-05
6.703226545997726,0.008464989847390747
6.71000651290077,0.0067799669030437215
6.7228827002103175,0.01287618730954776
6.727220328993606,0.004337628783288139
6.745851242653923,0.018630913660317105
6.757175521693252,0.011324279039329532
6.760363215622087,0.0031876939288348893
6.761391101926004,0.001027886303917036
6.773141039781474,0.011749937855469739
6.773517314508894,0.0003762747274196343
6.779498235789202,0.005980921280308138
6.79951896076332,0.020020724974118664
6.8041021466779315,0.004583185914611043
6.8145790578362435,0.010476911158312063
6.815310856950393,0.000731799114149112
6.818006726959154,0.0026958700087611476
6.83261133238251,0.014604605423356176
6.855089963914258,0.022478631531748228
6.855716649326496,0.0006266854122376486
6.864641630647996,0.008924981321499992
6.869826142905564,0.005184512257567775
6.872042793306447,0.0022166504008831467
6.8794854142944075,0.00744262098796078
6.881394524932185,0.0019091106377775446
6.885269808688997,0.003875283756811676
6.8855182157676476,0.00024840707865081413
6.886661943931714,0.0011437281640667152
6.897906376129958,0.011244432198243892
6.904247251706328,0.00634087557636942
6.914672085959786,0.010424834253458748
6.917300958862694,0.0026288729029078084
6.917816395271613,0.0005154364089188235
6.9181338720440335,0.00031747677242055516
6.918442829110359,0.0003089570663252772
6.928677945429443,0.010235116319083915
6.929033147785922,0.0003552023564790119
6.930081597194186,0.001048449408264318
6.945274914477301,0.015193317283115348
6.945284971021905,1.005654460328742e-05
6.946558333695651,0.0012733626737464476
6.9498244545562,0.0032661208605491154
6.95207900674398,0.0022545521877797015
6.954745437897617,0.00266643115363685
6.982398733185046,0.027653295287429103
6.989119692216256,0.006720959031210505
6.989825696282135,0.0007060040658783961
7.001642089383442,0.011816393101307554
7.001785910625249,0.0001438212418065632
7.0130577155299525,0.011271804904703586
7.013923407868508,0.0008656923385554904
7.01883197459825,0.004908566729741715
7.021470620907912,0.0026386463096619295
7.025662005144557,0.004191384236645668
7.046772312943168,0.021110307798610783
7.050709294910731,0.003936981967562758
7.054810808173869,0.0041015132631381235
7.06565434504763,0.01084353687376094
7.074283612177273,0.008629267129642848
7.076149946071547,0.0018663338942745966
7.087462054286448,0.011312108214900363
7.095126889460895,0.007664835174447049
7.113357427077991,0.018230537617096587
7.128342171562257,0.014984744484265455
7.156840266523269,0.0284980949610123
7.164772627978261,0.007932361454991543
7.171196854279468,0.006424226301207092
7.178170146313988,0.006973292034520462
7.1798529008224365,0.0016827545084483475
7.18134963251148,0.0014967316890430737
7.203422926213354,0.022073293701874164
7.207748310738662,0.0043253845253081735
7.211734820936313,0.003986510197650617
7.21248407226256,0.0007492513262477019
7.230785891063185,0.01830181880062476
7.2500995985717775,0.019313707508592515
7.254556361168771,0.004456762596993791
7.264202823981983,0.009646462813211798
7.275558607482451,0.011355783500468064
7.276742287637849,0.001183680155397937
7.2784455362089115,0.0017032485710624101
7.291715747615285,0.013270211406373633
7.308933122752446,0.01721737513716093
7.309754117732248,0.0008209949798017036
7.315798499067843,0.006044381335595261
7.321762326416269,0.00596382734842571
7.344988316042543,0.023225989626274313
7.346923816095581,0.0019355000530376643
7.355081525419599,0.008157709324017937
7.359820915760003,0.00473939034040427
7.3641091709871676,0.0042882552271645835
7.367756456615616,0.0036472856284488486
7.373379209646342,0.005622753030725569
7.383995097827963,0.01061588818162118
7.393624521578541,0.00962942375057807
7.40043792319685,0.006813401618308568
7.413012348827874,0.01257442563102451
7.4141070741504045,0.0010947253225301878
7.419171568067563,0.005064493917158686
7.420235842098561,0.001064274030997403
7.424691622176322,0.004455780077761595
7.426293406072687,0.0016017838963646724
7.427645745440776,0.001352339368088984
7.428222815215912,0.0005770697751366072
7.429505883538828,0.0012830683229152484
7.433699412374101,0.004193528835273241
7.433715687978963,1.6275604862059367e-05
7.4343461299776346,0.0006304419986715715
7.451455733586238,0.017109603608603585
7.453088472483219,0.0016327388969807899
7.463252519976086,0.010164047492867034
7.473468757446831,0.010216237470745071
7.474365984472069,0.0008972270252378678
7.493411075316014,0.01904509084394501
7.504487852766904,0.011076777450890418
7.512543130654779,0.008055277887875079
7.515716127849595,0.0031729971948157853
7.5188696656997065,0.0031535378501112987
7.520945035815604,0.0020753701158975346
7.524257465824404,0.0033124300088003267
7.534886339788385,0.010628873963980823
7.538783338579267,0.0038969987908821224
7.5422909307702675,0.003507592191000164
7.561638713606717,0.019347782836449667
7.576290027488725,0.014651313882008132
7.586696800195982,0.010406772707256984
7.611539789879337,0.02484298968335441
7.616828564412458,0.0052887745331213765
7.621753882947494,0.00492531853503575
7.626479123070583,0.004725240123089058
7.642877301749015,0.01639817867843174
7.649290372746237,0.0064130709972225475
7.650140353899145,0.0008499811529079082
7.668958959984167,0.018818606085021727
7.671606561330483,0.002647601346316364
7.671633418533771,2.6857203287988796e-05
7.67299514771854,0.001361729184768734
7.732556780940114,0.05956163322157426
7.745482359431432,0.012925578491318035
7.763584285101824,0.018101925670391594
7.782955810422312,0.019371525320488026
7.784170595648458,0.0012147852261463754
7.789023647411687,0.004853051763229033
7.790423106130327,0.001399458718640112
7.798509675257723,0.008086569127395471
7.801596341888546,0.0030866666308231316
7.802132947318807,0.0005366054302609058
7.818833718811421,0.016700771492613953
7.826198668862037,0.007364950050615882
7.832595151315035,0.006396482452998065
7.836518218221817,0.0039230669067826796
7.839085530916853,0.0025673126950351843
7.8394704782520845,0.00038494733523197766
7.867299255958507,0.027828777706422336
7.870405421771266,0.00310616581275891
7.891465185879436,0.021059764108169787
7.923594435985849,0.03212925010641321
7.9288564282994285,0.005261992313579711
7.95076986372095,0.021913435421521577
7.953320989695963,0.0025511259750130577
7.955268795623898,0.0019478059279345317
7.979912704524136,0.024643908900237932
7.996840842651018,0.01692813812688243
8.005430477352656,0.00858963470163765
8.044067555809546,0.03863707845689035
8.05014625370673,0.006078697897184071
8.059786163267963,0.009639909561233395
8.074847856764059,0.01506169349609543
8.079246446242966,0.0043985894789067
8.087065507054623,0.007819060811657508
8.090711955737815,0.0036464486831917498
8.093984544988963,0.0032725892511482613
8.094496204473572,0.0005116594846086286
8.095519158064327,0.0010229535907555487
8.104197804814449,0.008678646750121644
8.218640374698603,0.11444256988415447
8.221282217877045,0.0026418431784414054
8.222596371092797,0.001314153215751901
8.22941703546857,0.006820664375773333
8.256054686572428,0.026637651103857962
8.262990524146458,0.006935837574030046
8.27906074768023,0.016070223533771966
8.281305585490577,0.002244837810346567
8.28413298217068,0.0028273966801037886
8.288944601110876,0.004811618940195217
8.291147049070918,0.002202447960042875
8.293647961077824,0.002500912006905054
8.297960517975055,0.00431255689723109
8.299486036795395,0.0015255188203404657
8.314170588780545,0.014684551985149952
8.314268280795387,9.76920148421101e-05
8.318744443108407,0.004476162313020282
8.370327176017316,0.05158273290890847
8.377929429189397,0.007602253172080964
8.386742355033912,0.008812925844514652
8.434350365912534,0.047608010878622764
8.434389459193039,3.909328050433203e-05
8.438903456369546,0.0045139971765078
8.449769921972576,0.010866465603029951
8.511098277965878,0.061328355993302
8.526796922333363,0.01569864436748425
8.526847417765765,5.049543240254195e-05
8.532701988847885,0.0058545710821196195
8.56718732255006,0.034485333702175325
8.567687343350613,0.0005000208005530027
8.585070886797519,0.017383543446905847
8.626248864309103,0.04117797751158392
8.643824816437677,0.0175759521285741
8.648292256243908,0.004467439806230544
8.655127621989736,0.006835365745828881
8.660765741873336,0.005638119883599302
8.68035864386938,0.019592901996043466
8.683162886458092,0.002804242588712924
8.687702463853427,0.004539577395334504
8.693148784037161,0.005446320183734699
8.695525231775171,0.0023764477380101567
8.715647107827259,0.020121876052087373
8.719109092912978,0.003461985085719377
8.728472452099949,0.0093633591869704
8.735493155776012,0.0070207036760638886
8.78031864239668,0.044825486620666766
8.782340089882092,0.002021447485413219
8.789631355578411,0.007291265696318661
8.794919429113229,0.005288073534817528
8.796721101807718,0.0018016726944889427
8.808960970401117,0.012239868593399095
8.828288009839406,0.019327039438289617
8.842418496861468,0.014130487022061544
8.842817318876662,0.00039882201519425564
8.845023833912176,0.002206515035513945
8.847642276262265,0.002618442350089012
8.84959194241809,0.0019496661558253692
8.850845311999567,0.0012533695814767043
8.85800532517245,0.007160013172882174
8.859128909241308,0.0011235840688588183
8.864632898906,0.005503989664692455
8.868292204259273,0.003659305353272302
8.929674016700465,0.06138181244119245
8.95127099146654,0.021596974766074695
8.95366590952138,0.002394918054839934
8.977646851729432,0.023980942208051914
8.991984522905621,0.01433767117618956
8.997434358702865,0.005449835797243452
8.999682511350494,0.0022481526476294533
9.01929107431852,0.019608562968025822
9.034977853193878,0.015686778875357632
9.064055852374075,0.029077999180197267
9.075435626678408,0.011379774304332457
9.076964022015474,0.0015283953370666126
9.079413322403532,0.0024493003880579067
9.090766710737958,0.011353388334425674
9.108743544390771,0.01797683365281344
9.131694901449672,0.022951357058900612
9.142789958031658,0.011095056581986285
9.166650890636411,0.023860932604753415
9.169282471915869,0.0026315812794575066
9.177050007049065,0.007767535133195835
9.182935755073258,0.005885748024192949
9.191674995662437,0.008739240589179076
9.197190517250696,0.005515521588259631
9.200519665283347,0.0033291480326500533
9.203829657848452,0.0033099925651054463
9.228396578367924,0.02456692051947229
9.252869681050075,0.024473102682151193
9.281420694795353,0.028551013745277132
9.283295340648888,0.0018746458535350286
9.306247622567508,0.022952281918620088
9.30923389130152,0.0029862687340127536
9.309396932275916,0.0001630409743960115
9.352608037174079,0.04321110489816249
9.372900310910572,0.02029227373649256
9.37335238970632,0.0004520787957478234
9.398061160062527,0.024708770356207665
9.42478423077177,0.0267230707092434
9.430966031589602,0.006181800817831373
9.467149696916328,0.036183665326726455
9.469393697209101,0.002244000292773052
9.517599703436039,0.0482060062269376
9.531177774080634,0.01357807064459493
9.575487036854497,0.04430926277386327
9.57916927895951,0.0036822421050128895
9.608265096319714,0.02909581736020428
9.661949782804223,0.05368468648450886
9.66858326021228,0.006633477408056976
9.691583010167667,0.022999749955387117
9.694311096464375,0.0027280862967078434
9.701802212668817,0.007491116204441539
9.709538790630853,0.007736577962036861
9.729248761479944,0.019709970849090652
9.740093013479466,0.010844251999522214
9.829928066485634,0.08983505300616734
9.906411178980981,0.07648311249534778
9.960549209845245,0.05413803086426405
9.984347992392241,0.023798782546995412
9.989013941435314,0.004665949043072715
10.02945441203562,0.040440470600305645
10.054059182239127,0.024604770203508153
10.059309241323726,0.005250059084598746
10.078813070953087,0.019503829629361036
10.080724371750122,0.0019113007970350537
10.081473437545451,0.0007490657953290736
10.095001366892532,0.013527929347080914
10.114434128339894,0.019432761447362168
10.12967280194437,0.015238673604475395
10.133582102972099,0.0039093010277291285
10.150421112903615,0.016839009931516102
10.199361037006126,0.0489399241025108
10.200248595014624,0.0008875580084986012
10.239294490957818,0.03904589594319319
10.284236977199699,0.04494248624188124
10.291366216927058,0.007129239727358794
10.346977181922705,0.05561096499564755
10.380282213958242,0.03330503203553725
10.445577747242085,0.06529553328384274
10.466439939817286,0.020862192575201277
10.468082302898733,0.0016423630814461632
10.472548931724758,0.004466628826024888
10.512588780230658,0.040039848505900366
10.52659533864306,0.014006558412402725
10.54408706290651,0.017491724263448916
10.555622466262491,0.0115354033559818
10.573425188699364,0.017802722436872642
10.594599962861691,0.02117477416232738
10.60220828187557,0.007608319013877818
10.60238804764766,0.0001797657720903345
10.612564912474634,0.010176864826973997
10.661728977183968,0.0491640647093341
10.694336249575965,0.032607272391997455
10.776827822355342,0.08249157277937691
10.782192783094864,0.005364960739521862
10.807241130366183,0.025048347271319216
10.818597005322188,0.011355874956004541
10.855182489039795,0.03658548371760695
10.911913364259146,0.05673087521935116
10.957144196739069,0.04523083247992332
10.976994651723354,0.019850454984284838
10.995719157710932,0.0187245059875778
11.003108953827049,0.007389796116116898
11.051440208868794,0.04833125504174518
11.051543635886468,0.00010342701767385165
11.066718115928099,0.015174480041631355
11.098138376238039,0.03142026030993961
11.106326270234392,0.008187893996353779
11.148599600246142,0.042273330011749266
11.149109292845303,0.0005096925991612267
11.14960474702316,0.0004954541778570132
11.15618940655004,0.006584659526879477
11.192768247898481,0.036578841348442026
11.26613735207585,0.07336910417736853
11.339681439966933,0.07354408789108291
11.396917696709925,0.05723625674299271
11.419728561408135,0.0228108646982097
11.453457812585063,0.03372925117692738
11.471116001317316,0.017658188732253777
11.47201015491504,0.0008941535977236015
11.477026820734594,0.005016665819553623
11.53783538190741,0.06080856117281641
11.663007379395156,0.12517199748774566
11.684837578497433,0.021830199102277348
11.689310277641109,0.0044726991436760954
11.738407435626618,0.049097157985508844
11.761829490661462,0.02342205503484429
11.791762062282078,0.029932571620616244
11.805199406044837,0.013437343762758402
11.845483053261571,0.04028364721673405
11.904473623384238,0.05899057012266695
11.994676333855894,0.09020271047165629
12.017015908717305,0.022339574861410583
12.05392451645349,0.03690860773618532
12.079377945157109,0.025453428703618997
12.091209887761753,0.011831942604644041
12.100795081322023,0.009585193560269545
12.12669696553793,0.02590188421590689
12.196113815567214,0.06941685002928466
12.320435402704305,0.12432158713709107
12.421024560726963,0.10058915802265744
12.42463349853434,0.0036089378073764777
12.503386506377709,0.07875300784336936
12.515892595309907,0.012506088932198622
12.53988063845687,0.023988043146962568
12.562036276769707,0.022155638312836956
12.61194718840593,0.049910911636223076
12.635411635664148,0.023464447258218613
12.686132837061246,0.05072120139709746
12.715628831363016,0.029495994301770523
12.858471193542652,0.14284236217963553
12.862911515554622,0.004440322011969755
12.904344593736994,0.041433078182372185
13.101080817932301,0.19673622419530723
13.150638180540243,0.04955736260794197
13.158757114776913,0.008118934236669872
13.166460799259655,0.007703684482741835
13.196029600584668,0.029568801325012828
13.238342921497317,0.04231332091264939
13.346487463670218,0.10814454217290148
13.3585968748483,0.012109411178082397
13.360651656918131,0.002054782069830452
13.38168008877626,0.021028431858129082
13.383076064636468,0.0013959758602073435
13.412618338873026,0.029542274236558086
13.431512281351024,0.018893942477998138
13.438441911744047,0.006929630393022634
13.470394153834993,0.031952242090946825
13.470682478972643,0.0002883251376495366
13.521194907481801,0.05051242850915827
13.674889826009066,0.1536949185272647
13.680838498210555,0.005948672201489202
13.810579178335784,0.129740680125229
13.815027471829328,0.004448293493544142
14.035486512765964,0.22045904093663538
14.093486461033987,0.057999948268022905
14.275128419541879,0.18164195850789255
14.299107276574523,0.023978857032643575
14.309365069133014,0.010257792558491019
14.381363337838225,0.07199826870521164
14.487658796106667,0.10629545826844122
14.589690366025414,0.10203156991874707
14.619457171823813,0.029766805798399076
14.81823989505645,0.1987827232326378
14.901156308102356,0.08291641304590591
14.910458273143025,0.009301965040668492
14.920771997208243,0.010313724065218466
15.143595334119393,0.22282333691114964
15.15561374987028,0.012018415750887357
15.207057337077925,0.05144358720764508
15.251960598457925,0.044903261380000004
15.33245164248708,0.08049104402915397
15.393438801830133,0.06098715934305332
15.485785855982789,0.09234705415265587
15.499469439138572,0.013683583155783552
15.51568185392797,0.01621241478939872
15.594573005864584,0.07889115193661311
15.625533105706085,0.03096009984150072
15.739493967578085,0.11396086187200005
15.762939710522508,0.02344574294442303
15.773175611551968,0.010235901029460592
16.199779440784898,0.4266038292329295
16.26445434110126,0.06467490031636203
16.58080910481631,0.3163547637150508
16.59784383275906,0.017034727942750294
16.619390508426886,0.021546675667824644
16.75908821700074,0.13969770857385555
16.841525801426855,0.08243758442611338
17.165603928506936,0.32407812708008166
17.21193173667772,0.04632780817078341
17.416214088820492,0.2042823521427728
17.424840109187524,0.008626020367032083
17.624099203744976,0.19925909455745128
18.311112206305303,0.6870130025603274
18.405688183109778,0.0945759768044745
18.535266579120446,0.12957839601066823
18.548704691013455,0.013438111893009363
18.59295308867578,0.0442483976623258
18.723216194288177,0.1302631056123964
18.939224228366093,0.21600803407791602
18.989303550918386,0.05007932255229264
19.033127449555494,0.04382389863710756
19.167938753894294,0.1348113043388004
19.268124476755947,0.10018572286165295
19.571899922675367,0.3037754459194204
19.652384309940093,0.0804843872647254
19.875627300807324,0.22324299086723087
20.015369059116647,0.13974175830932367
20.112728964585642,0.09735990546899487
20.528266417610773,0.4155374530251308
20.820745944275306,0.2924795266645326
20.857149015365287,0.036403071089981864
20.994067161452246,0.13691814608695907
21.0758194753844,0.08175231393215299
21.242525935030663,0.16670645964626374
21.679226450526553,0.4367005154958896
21.874115077497795,0.19488862697124176
21.893165167754994,0.01905009025719906
22.159694896314566,0.266529728559572
22.570393163991735,0.4106982676771693
22.859972746984187,0.28957958299245234
22.942114610703218,0.08214186371903054
23.096633298730108,0.15451868802689006
23.453681660892528,0.35704836216241986
24.31128113020975,0.857599469317222
24.316558824276992,0.005277694067242322
24.464768952612882,0.1482101283358901
24.50068116853997,0.03591221592708749
24.974035690950426,0.4733545224104567
25.129952674454355,0.15591698350392846
25.90187893181545,0.7719262573610948
26.005431790182787,0.10355285836733685
26.31513285707275,0.30970106688996424
26.370178731505618,0.05504587443286724
27.663962230589117,1.2937834990834993
27.801391147224358,0.13742891663524048
28.025756816151812,0.22436566892745446
28.13284663301421,0.10708981686239838
28.29703064168927,0.16418400867505767
28.656234980386763,0.359204338697495
28.74046108706493,0.08422610667816599
28.980937126151968,0.24047603908703863
29.150015263187456,0.16907813703548769
29.24213329631623,0.09211803312877365
31.327996400755126,2.0858631044388964
31.687276283182896,0.35927988242777076
31.86338425189143,0.17610796870853207
34.06186482660909,2.19848057471766
34.46826773897279,0.40640291236370274
34.836309013801234,0.3680412748284425
36.18998905388933,1.3536800400880935
37.59046277286583,1.4004737189764995
37.867699316382875,0.2772365435170485
39.15980307352971,1.2921037571468332
40.06312460036605,0.9033215268363435
40.34851957754861,0.28539497718255546
45.33182321793696,4.98330364038835
45.688630072477835,0.3568068545408778
46.58277287369765,0.8941428012198145
47.37412237631474,0.7913495026170878
52.071121402792436,4.696999026477698
52.76241654092448,0.6912951381320411
62.59961142668753,9.837194885763054
69.2416751510432,6.6420637243556655
74.00976431220153,4.768089161158329
86.86291750054845,12.853153188346923
103.59508725495105,16.732169754402605
104.55354721446888,0.9584599595178247
118.50584232518936,13.952295110720485
123.94310225503003,5.437259929840664
139.25968288985536,15.316580634825328
144.38631771634735,5.126634826491994
